head_forward,spine_angle,shoulder_tilt,label
-0.2718990743160248,178.40540556732478,0.04907721281051636,1
-0.27026575803756714,178.56126328526344,0.04665732383728027,1
-0.2720737159252167,178.35303085579076,0.05076354742050171,1
-0.27330872416496277,178.4310500634407,0.05425530672073364,1
-0.2732473313808441,178.45539253898866,0.05476599931716919,1
-0.27150049805641174,178.43653003889384,0.053710997104644775,1
-0.26976147294044495,178.21453706382906,0.05577033758163452,1
-0.2695269286632538,178.16806284663068,0.0563470721244812,1
-0.2690403461456299,178.20062079945635,0.05566513538360596,1
-0.2664019763469696,178.18231880794596,0.05535835027694702,1
-0.27132052183151245,178.41213340500164,0.0588836669921875,1
-0.27077367901802063,178.412092826879,0.05855768918991089,1
-0.27102336287498474,178.37877340243736,0.058381855487823486,1
-0.2703859806060791,178.38333664497273,0.05503058433532715,1
-0.272105872631073,178.30466054853076,0.05533885955810547,1
-0.2721501588821411,178.2221818608233,0.05545365810394287,1
-0.2724176049232483,178.14231646797379,0.05524790287017822,1
-0.27279889583587646,178.2987697600593,0.05396926403045654,1
-0.2728234827518463,178.271656997625,0.057476937770843506,1
-0.27187514305114746,178.26744930304866,0.05566835403442383,1
-0.2715962529182434,178.2443867261401,0.055229902267456055,1
-0.2722094655036926,178.29927491430988,0.053789377212524414,1
-0.27174702286720276,178.4023155476541,0.05390042066574097,1
-0.27170124650001526,178.46331046075,0.05414348840713501,1
-0.27189889550209045,178.55100611979924,0.05348128080368042,1
-0.2706199288368225,178.27171218583896,0.05658602714538574,1
-0.27067241072654724,178.27507713806617,0.056070029735565186,1
-0.27061328291893005,178.23976575013774,0.05625671148300171,1
-0.27038007974624634,178.25647392293214,0.0557863712310791,1
-0.26954689621925354,178.4345669948871,0.053869664669036865,1
-0.26967838406562805,178.37106598669453,0.05497986078262329,1
-0.2699946165084839,178.35714689038468,0.053243279457092285,1
-0.2705893814563751,178.2188585698801,0.05380493402481079,1
-0.26957207918167114,178.1455463769608,0.05471348762512207,1
-0.27023276686668396,178.1193777061687,0.0531349778175354,1
-0.2705017924308777,178.15282560529002,0.05253112316131592,1
-0.2699931263923645,178.32637336081422,0.050563931465148926,1
-0.26994749903678894,178.36735369631558,0.05066448450088501,1
-0.2696619927883148,178.43259540431373,0.05019479990005493,1
-0.2696570158004761,178.44345145813813,0.050434112548828125,1
-0.2706945240497589,178.36983137240975,0.04873913526535034,1
-0.2720257341861725,178.16462459238343,0.049267709255218506,1
-0.2701665461063385,178.10697894376162,0.05019921064376831,1
-0.2701188027858734,178.0925707096884,0.051022350788116455,1
-0.26857805252075195,178.08067603212987,0.05241215229034424,1
-0.26924842596054077,178.0784269817988,0.05532121658325195,1
-0.2692131996154785,178.0394243952723,0.05558371543884277,1
-0.2690173387527466,177.9710066600461,0.055124521255493164,1
-0.29685911536216736,177.20902702064953,0.0637548565864563,1
-0.29783183336257935,176.6142060760974,0.08110308647155762,1
-0.29184943437576294,176.57809807320479,0.08212321996688843,1
-0.2881462275981903,176.52563244349344,0.08422404527664185,1
-0.28466570377349854,176.610304858194,0.08413636684417725,1
-0.28312402963638306,176.59709396385912,0.08506560325622559,1
-0.28193399310112,176.59735940073338,0.08220177888870239,1
-0.2791244387626648,176.6666231017706,0.0824887752532959,1
-0.27759337425231934,176.72134831860654,0.07829034328460693,1
-0.27764907479286194,176.73698065238534,0.07840222120285034,1
-0.2770540118217468,176.8449996928732,0.07832741737365723,1
-0.2775450646877289,176.80837341406405,0.07747679948806763,1
-0.2773231565952301,176.79550379820668,0.07881933450698853,1
-0.2758484482765198,176.91190996471687,0.0781475305557251,1
-0.2787187993526459,176.97086469489466,0.07739526033401489,1
-0.2787964642047882,177.09975186092714,0.0757635235786438,1
-0.2843888998031616,177.07115657576796,0.07516288757324219,1
-0.2851044833660126,176.98000180536832,0.07598155736923218,1
-0.2892046570777893,176.93877047840857,0.07498884201049805,1
-0.2889713644981384,176.95960582196358,0.07485264539718628,1
-0.29003849625587463,176.90903769211545,0.07717370986938477,1
-0.2915613055229187,176.9032030862174,0.07687985897064209,1
-0.29337331652641296,176.87859575360534,0.0765073299407959,1
-0.2948583960533142,176.81825998997624,0.07597547769546509,1
-0.2952407896518707,176.8621821940643,0.07548117637634277,1
-0.2958827614784241,176.85443892957343,0.07650065422058105,1
-0.2939578592777252,176.80349010844827,0.07815474271774292,1
-0.29532063007354736,176.73356114711856,0.0813702940940857,1
-0.29317498207092285,176.81327389788555,0.08018970489501953,1
-0.2934267520904541,176.90118861986093,0.0786023736000061,1
-0.2927577793598175,176.626230065155,0.07963711023330688,1
-0.2898871898651123,176.56621697011832,0.0811358094215393,1
-0.28792157769203186,176.53270084756213,0.08114475011825562,1
-0.2882891297340393,176.5996333523755,0.07945102453231812,1
-0.2882572114467621,176.7169534057473,0.07631969451904297,1
-0.2888612747192383,176.86621830937062,0.07664966583251953,1
-0.2884170413017273,176.88321783206092,0.07708507776260376,1
-0.28999921679496765,176.8512466139458,0.07769560813903809,1
-0.29047030210494995,176.8470859185178,0.07797873020172119,1
-0.2917390465736389,176.82761774029214,0.08105993270874023,1
-0.29043251276016235,176.8401178910979,0.08022058010101318,1
-0.2908300757408142,176.85379014417134,0.07922685146331787,1
-0.29127970337867737,176.68978145777547,0.07988917827606201,1
-0.2908340096473694,176.67972630190974,0.08063864707946777,1
-0.2926013171672821,176.6061225117809,0.08084845542907715,1
-0.29312896728515625,176.58240940615755,0.08304697275161743,1
-0.2915711998939514,176.59840272243835,0.08140808343887329,1
-0.2636457085609436,177.67990741940022,0.04140019416809082,1
-0.2694612741470337,177.9977620783094,0.040859222412109375,1
-0.26910918951034546,178.0096859733344,0.04096245765686035,1
-0.26806387305259705,178.02662700344933,0.03978198766708374,1
-0.26857298612594604,177.97579069783308,0.039354681968688965,1
-0.2702981233596802,177.86504233531466,0.03975725173950195,1
-0.27088603377342224,177.8158807297402,0.040397822856903076,1
-0.27142053842544556,177.80510474941542,0.04171442985534668,1
-0.27163276076316833,177.77605251495487,0.042065560817718506,1
-0.27207767963409424,177.8810241824947,0.04256904125213623,1
-0.2719830274581909,177.8637336098929,0.04261958599090576,1
-0.2714153826236725,177.94391324398512,0.04376906156539917,1
-0.27300140261650085,177.83274350087467,0.0446588397026062,1
-0.27348849177360535,177.78641734027642,0.04517465829849243,1
-0.2730560898780823,177.68973193054376,0.04721856117248535,1
-0.2715548872947693,177.58055194191672,0.04905986785888672,1
-0.2719477713108063,177.61536622846882,0.047775208950042725,1
-0.27203500270843506,177.74095506690702,0.04741024971008301,1
-0.2719287574291229,177.77095864519052,0.047438204288482666,1
-0.2717328369617462,177.68354153166416,0.04749172925949097,1
-0.27112719416618347,177.59125719602955,0.04784208536148071,1
-0.2719040811061859,177.4135543379538,0.049424588680267334,1
-0.27115190029144287,177.3144547434971,0.0492323637008667,1
-0.2710604965686798,177.31358709469464,0.04918450117111206,1
-0.27108097076416016,177.2539101914869,0.04946696758270264,1
-0.2712039649486542,177.24853365997407,0.05009347200393677,1
-0.27086758613586426,177.25111304053718,0.050569891929626465,1
-0.27136796712875366,177.2778718000742,0.05040717124938965,1
-0.27043139934539795,177.23750662553536,0.04898703098297119,1
-0.26928189396858215,177.24479447527273,0.04970341920852661,1
-0.27012205123901367,177.2239336549375,0.04883396625518799,1
-0.270698606967926,177.17691825698435,0.04873692989349365,1
-0.273600310087204,177.21902831729093,0.0510745644569397,1
-0.27340734004974365,177.4095663946315,0.0497363805770874,1
-0.277392715215683,177.2846164819211,0.049433231353759766,1
-0.2785307466983795,177.38039584305758,0.050122201442718506,1
-0.27758270502090454,177.36447932986064,0.04901707172393799,1
-0.2768053710460663,177.43763922114894,0.04802125692367554,1
-0.275956392288208,177.49253774800522,0.04795253276824951,1
-0.27589696645736694,177.721349533529,0.04675948619842529,1
-0.2763693332672119,177.7342833220866,0.04683279991149902,1
-0.27566587924957275,177.7096280743504,0.046666860580444336,1
-0.277008056640625,177.64687101075117,0.04737687110900879,1
-0.27794986963272095,177.60562088914654,0.04878544807434082,1
-0.2776828706264496,177.6193805466334,0.049205124378204346,1
-0.27833831310272217,177.65279505361627,0.046935319900512695,1
-0.27821701765060425,177.7104763838129,0.04667496681213379,1
-0.2778315246105194,177.70133865470757,0.04815763235092163,1
-0.2780522406101227,177.64654128873815,0.04809468984603882,1
-0.278935968875885,177.6005485104496,0.04971635341644287,1
-0.2788625657558441,177.60551613313248,0.04990905523300171,1
-0.2784772217273712,177.9976222737552,0.04897373914718628,1
-0.2778012752532959,178.00123001075454,0.04866373538970947,1
-0.2777213454246521,178.02048022019775,0.048224568367004395,1
-0.2772406339645386,178.0127155766423,0.04836070537567139,1
-0.2782796025276184,177.97760061703258,0.04702746868133545,1
-0.2771119773387909,177.98056737064476,0.04654747247695923,1
-0.27766937017440796,177.90583884764402,0.046690940856933594,1
-0.27726098895072937,177.6779928505489,0.047369301319122314,1
-0.2772400677204132,177.54235759073777,0.047870934009552,1
-0.2786330580711365,177.41865143589322,0.04802459478378296,1
-0.27959442138671875,177.43932726556443,0.04565083980560303,1
-0.2802484631538391,177.45410561285348,0.04677474498748779,1
-0.28105130791664124,177.43826232738937,0.047899067401885986,1
-0.2802489399909973,177.48350121040593,0.04845696687698364,1
-0.2795471251010895,177.62358389927243,0.04794716835021973,1
-0.2803058326244354,177.58863395392027,0.0483970046043396,1
-0.27993595600128174,177.5521894300836,0.0484660267829895,1
-0.2798680365085602,177.61954537378693,0.048533499240875244,1
-0.2790544629096985,177.63530255080312,0.04811656475067139,1
-0.2780974507331848,177.60382645968588,0.04772067070007324,1
-0.2791061997413635,177.40058255729178,0.04845833778381348,1
-0.28010231256484985,177.35418214269427,0.04831904172897339,1
-0.2797143757343292,177.3850806727341,0.047763168811798096,1
-0.2789807617664337,177.405082232054,0.04831653833389282,1
-0.278033584356308,177.43226785572057,0.047387897968292236,1
-0.27822598814964294,177.45020369210184,0.046716392040252686,1
-0.27864331007003784,177.39412298373523,0.047502756118774414,1
-0.27854281663894653,177.3967935968274,0.04766494035720825,1
-0.2787849009037018,177.71455355770857,0.0457192063331604,1
-0.2792670428752899,177.69263503233893,0.04586237668991089,1
-0.27944710850715637,177.73796080181432,0.04530501365661621,1
-0.2798064053058624,177.73855676184257,0.04536294937133789,1
-0.27974340319633484,177.96417373447076,0.044898808002471924,1
-0.2797302007675171,177.9878887719904,0.04466301202774048,1
-0.279506653547287,178.01190396658683,0.044421613216400146,1
-0.268141508102417,178.9874344313624,0.028339803218841553,1
-0.28539782762527466,179.0957677061745,0.03284752368927002,1
-0.28470808267593384,179.03882835188836,0.03385978937149048,1
-0.2849535346031189,178.9886490578105,0.03449469804763794,1
-0.2829476296901703,178.75908132868256,0.034696877002716064,1
-0.28217920660972595,178.774449839238,0.03426766395568848,1
-0.2804243564605713,178.65907367468515,0.03390395641326904,1
-0.27914589643478394,178.87924962874257,0.029872417449951172,1
-0.26785221695899963,178.96143800374696,0.03188180923461914,1
-0.26041334867477417,178.84591350875596,0.03266626596450806,1
-0.25132933259010315,178.73775915953456,0.03286856412887573,1
-0.241642028093338,178.742276765649,0.031860291957855225,1
-0.2375103235244751,178.7425260311518,0.03268742561340332,1
-0.23286470770835876,178.72455622095086,0.03276580572128296,1
-0.2236822247505188,178.69384195044844,0.03325963020324707,1
-0.22196191549301147,178.7260568007538,0.034052252769470215,1
-0.21551251411437988,178.71995688739295,0.03513455390930176,1
-0.216373473405838,178.60885209681885,0.039681851863861084,1
-0.21593570709228516,178.4141036888612,0.039449095726013184,1
-0.21699181199073792,178.41984022881675,0.040791332721710205,1
-0.21753299236297607,178.3749775732011,0.040418028831481934,1
-0.21678245067596436,178.56441052300215,0.0405881404876709,1
-0.21344980597496033,178.64643267699057,0.04040175676345825,1
-0.21505215764045715,178.89517328136398,0.03717929124832153,1
-0.21546390652656555,178.96190574704622,0.03705257177352905,1
-0.2149677574634552,178.83127798193763,0.03720778226852417,1
-0.21545064449310303,178.69478558676923,0.037000298500061035,1
-0.2150692641735077,178.67831984510363,0.036220014095306396,1
-0.21602365374565125,178.77748210302005,0.036151111125946045,1
-0.21552205085754395,178.7599874924607,0.035103559494018555,1
-0.21665215492248535,178.78592263147138,0.0350264310836792,1
-0.2163161039352417,178.64915089992647,0.03528487682342529,1
-0.2137945294380188,178.61072649624538,0.03549981117248535,1
-0.21540924906730652,178.65649469640007,0.034549057483673096,1
-0.2184983491897583,178.69369579005732,0.03428757190704346,1
-0.21839335560798645,178.72675483941447,0.03397578001022339,1
-0.21925953030586243,178.79359552479153,0.033749401569366455,1
-0.21934741735458374,178.5941411556774,0.03776073455810547,1
-0.21901509165763855,178.70214014873568,0.037082016468048096,1
-0.2210940718650818,178.69328621948057,0.037027597427368164,1
-0.22067990899085999,178.71143499606197,0.03564029932022095,1
-0.22175803780555725,178.74018397863713,0.036567866802215576,1
-0.2194480001926422,178.97800202253669,0.03488880395889282,1
-0.22028514742851257,178.97372024957792,0.03575962781906128,1
-0.22032403945922852,179.01433632808158,0.035054564476013184,1
-0.2206701636314392,179.13305531323314,0.0356595516204834,1
-0.22060933709144592,179.19962939107697,0.03376978635787964,1
-0.2208196222782135,179.22559241605987,0.03326040506362915,1
-0.2223435342311859,179.1993523279969,0.03345757722854614,1
-0.22226482629776,178.96811064364206,0.03363204002380371,1
-0.22319605946540833,179.0348799555966,0.03404158353805542,1
-0.2244287133216858,178.63581364661303,0.033421874046325684,1
-0.22474753856658936,178.7043058541078,0.031801819801330566,1
-0.22522184252738953,178.75439078251858,0.032281696796417236,1
-0.2253991663455963,178.7082544289313,0.03282290697097778,1
-0.22604793310165405,178.62673571148142,0.033594727516174316,1
-0.225849449634552,178.599499728436,0.03241527080535889,1
-0.22523421049118042,178.72132070985361,0.030763864517211914,1
-0.2259691059589386,178.82079166615202,0.029768168926239014,1
-0.22675883769989014,178.88490648426358,0.03076159954071045,1
-0.2266886830329895,178.8663754540301,0.030882835388183594,1
-0.2267901599407196,178.8964509566246,0.030828654766082764,1
-0.22701576352119446,178.90356081394103,0.030843675136566162,1
-0.22759926319122314,178.75164455498052,0.03193533420562744,1
-0.227964848279953,178.70634654867442,0.03172951936721802,1
-0.22798195481300354,178.6552005871625,0.03188961744308472,1
-0.22576904296875,178.67988419203047,0.03216087818145752,1
-0.2257539927959442,178.69513521838346,0.0319710373878479,1
-0.2259065806865692,178.70421423854054,0.0318639874458313,1
-0.22648003697395325,178.6340722982069,0.03232854604721069,1
-0.22644472122192383,178.6160956778231,0.03114008903503418,1
-0.22644314169883728,178.54885429360104,0.031399548053741455,1
-0.22675937414169312,178.55094892697798,0.031158447265625,1
-0.22687217593193054,178.53854940856067,0.031070411205291748,1
-0.22692197561264038,178.7201168060533,0.031080126762390137,1
-0.22807902097702026,178.75689989276418,0.0306473970413208,1
-0.22924914956092834,178.74848808654562,0.029346764087677002,1
-0.2301681935787201,178.85387465745276,0.029816806316375732,1
-0.22995945811271667,178.89214623297175,0.030292093753814697,1
-0.22996026277542114,178.92188776756456,0.03318190574645996,1
-0.229739248752594,179.00769606130638,0.033649325370788574,1
-0.229904443025589,179.0157020229706,0.03414887189865112,1
-0.22972974181175232,178.98143918739717,0.03414493799209595,1
-0.22868472337722778,178.9644066374181,0.03172421455383301,1
-0.228396475315094,178.93670117325695,0.031742095947265625,1
-0.22876781225204468,178.92058440578765,0.0316159725189209,1
-0.22840088605880737,178.9434961227012,0.03135955333709717,1
-0.22791117429733276,178.975652891049,0.031672120094299316,1
-0.22925305366516113,178.9962924922198,0.030727028846740723,1
-0.2290463149547577,179.07268726550336,0.030744850635528564,1
-0.22951531410217285,179.08167573495308,0.02733290195465088,1
-0.2296680510044098,179.07190122003468,0.0276300311088562,1
-0.22846010327339172,179.1450466937918,0.027699649333953857,1
-0.22871819138526917,179.1593139004331,0.027808845043182373,1
-0.23022428154945374,179.15820648453467,0.0286828875541687,1
-0.23014965653419495,179.14000238286894,0.028524339199066162,1
-0.23097026348114014,179.1558092174842,0.029629230499267578,1
-0.2307940125465393,179.10067265312378,0.02903008460998535,1
-0.23117884993553162,179.1024767533241,0.02997201681137085,1
-0.2301875352859497,179.07532711440228,0.028104186058044434,1
-0.23032772541046143,179.02707340807427,0.028340697288513184,1
-0.23022717237472534,178.96775808022318,0.02811276912689209,1
-0.23067092895507812,179.07641300943368,0.02728891372680664,1
-0.2309981882572174,179.0874331828622,0.0271264910697937,1
-0.23070749640464783,179.19344600204835,0.027079522609710693,1
-0.23025590181350708,179.1716642204631,0.028074979782104492,1
-0.23032161593437195,179.2923737435365,0.027793586254119873,1
-0.2298370599746704,179.35134585116728,0.02576422691345215,1
-0.23041903972625732,179.28563095867202,0.02824234962463379,1
-0.2307756543159485,179.15817875754746,0.028954267501831055,1
-0.2312731146812439,179.16602970619832,0.02848505973815918,1
-0.23098769783973694,178.8961228277879,0.02846580743789673,1
-0.23136386275291443,178.94223803535354,0.029050886631011963,1
-0.23060157895088196,178.93711415003753,0.03161543607711792,1
-0.23006698489189148,178.83754767766368,0.03144651651382446,1
-0.22998374700546265,178.7779906608048,0.031071901321411133,1
-0.22922873497009277,178.76524951805106,0.031206965446472168,1
-0.22969859838485718,178.8552333931175,0.03040289878845215,1
-0.23011267185211182,178.80979071825433,0.030264854431152344,1
-0.2303171157836914,178.82003607806072,0.030432820320129395,1
-0.2302418053150177,178.83078088804004,0.03063255548477173,1
-0.22981896996498108,178.78302190820622,0.02894216775894165,1
-0.22992101311683655,178.78415014423854,0.02948707342147827,1
-0.22878631949424744,178.78611844971246,0.027632415294647217,1
-0.22942277789115906,178.74917768804454,0.02847832441329956,1
-0.2291860580444336,178.7486783790951,0.027872800827026367,1
-0.2301660180091858,178.751017260442,0.0292055606842041,1
-0.22986099123954773,178.7260803275154,0.02864164113998413,1
-0.2309311032295227,178.70089449475194,0.030130386352539062,1
-0.23146307468414307,178.69356150047435,0.031716227531433105,1
-0.23123857378959656,178.84131202036338,0.03158372640609741,1
-0.23174327611923218,178.70631007554277,0.031244516372680664,1
-0.23195508122444153,178.87078078363007,0.03140825033187866,1
-0.23262661695480347,178.6585182523315,0.03148293495178223,1
-0.23274162411689758,178.7543041535071,0.030363857746124268,1
-0.23281511664390564,178.7646759103058,0.03047078847885132,1
-0.2320232391357422,178.90030798813515,0.02837193012237549,1
-0.23187705874443054,179.0714925463153,0.02823251485824585,1
-0.23274177312850952,179.07604035440383,0.027912616729736328,1
-0.2319870889186859,179.13210251066278,0.025329530239105225,1
-0.23161134123802185,179.02382897434188,0.025638878345489502,1
-0.2313942313194275,179.07909391458676,0.02498471736907959,1
-0.23107722401618958,178.9920071180646,0.026187479496002197,1
-0.2314302623271942,179.0765028923212,0.026175320148468018,1
-0.23147472739219666,179.0651492947038,0.026965796947479248,1
-0.2309981882572174,179.05166550492953,0.026008903980255127,1
-0.2308199405670166,179.04213637174632,0.02609860897064209,1
-0.23158523440361023,178.9124901499038,0.027056992053985596,1
-0.23197168111801147,178.90244264257555,0.02786695957183838,1
-0.2322029173374176,178.89418579779377,0.026834428310394287,1
-0.23249351978302002,178.90853805634947,0.026455998420715332,1
-0.23310300707817078,178.93810947539686,0.02544194459915161,1
-0.2324102222919464,178.60321717536704,0.02593618631362915,1
-0.2324998378753662,178.59715703362588,0.026006221771240234,1
-0.23281967639923096,178.57815105007373,0.02621304988861084,1
-0.2328397035598755,178.55473967675744,0.026810526847839355,1
-0.23234352469444275,178.60139341428805,0.026309311389923096,1
-0.23230668902397156,178.63851428023835,0.02660578489303589,1
-0.23047032952308655,178.9359516558727,0.027729332447052002,1
-0.23006802797317505,178.98193582900072,0.027940750122070312,1
-0.23014795780181885,178.91310986678408,0.028084278106689453,1
-0.23026302456855774,178.8774101917079,0.028219640254974365,1
-0.2298913300037384,178.83091313077705,0.027129948139190674,1
-0.23058554530143738,178.6674290108556,0.027322113513946533,1
-0.23069870471954346,178.8011910294743,0.02727198600769043,1
-0.23087450861930847,178.8766805630395,0.026831090450286865,1
-0.23155531287193298,178.89064451106,0.027147233486175537,1
-0.23171615600585938,178.87441674016844,0.02750539779663086,1
-0.2319093942642212,178.89754759387853,0.026448845863342285,1
-0.23222428560256958,178.88443049330314,0.026009440422058105,1
-0.23296940326690674,178.96754540138127,0.025480985641479492,1
-0.23234659433364868,179.02250724585514,0.02573108673095703,1
-0.2324051558971405,179.0406577804915,0.02582758665084839,1
-0.23211824893951416,179.10982355421655,0.02383244037628174,1
-0.23236852884292603,179.07349497721816,0.024413228034973145,1
-0.2305406928062439,179.11772585212967,0.022701501846313477,1
-0.22923246026039124,179.07602011857148,0.02127474546432495,1
-0.2293214201927185,179.04656826663634,0.021150946617126465,1
-0.22947096824645996,178.96211910107777,0.021734952926635742,1
-0.2323170006275177,178.7905890991626,0.025204479694366455,1
-0.23241585493087769,178.78847316424466,0.02514052391052246,1
-0.23330268263816833,178.8229083006061,0.02244800329208374,1
-0.23383522033691406,178.98492308306678,0.022411108016967773,1
-0.23391523957252502,179.06120343477994,0.02198559045791626,1
-0.23387160897254944,179.0822862215338,0.02216106653213501,1
-0.23232534527778625,179.13624534519545,0.020604193210601807,1
-0.23188355565071106,179.1850099445625,0.019865810871124268,1
-0.23200708627700806,179.20448414237762,0.020571470260620117,1
-0.23220941424369812,179.12423465607222,0.021075546741485596,1
-0.232235848903656,179.1835716917646,0.02114236354827881,1
-0.23176789283752441,179.15938607181778,0.021445631980895996,1
-0.23145905137062073,179.20374998928582,0.02111738920211792,1
-0.23140782117843628,179.2203971480707,0.021715402603149414,1
-0.23204749822616577,179.14925109866684,0.023160576820373535,1
-0.23240908980369568,179.25212567277327,0.022345125675201416,1
-0.23229703307151794,179.1232995618343,0.024855434894561768,1
-0.2295190393924713,178.91128023749016,0.024803578853607178,1
-0.22990372776985168,178.85552455198223,0.025104820728302002,1
-0.22990307211875916,178.80251642241888,0.025378048419952393,1
-0.23159897327423096,179.00181100309715,0.02451300621032715,1
-0.23156869411468506,178.87340444590788,0.02442336082458496,1
-0.2323409914970398,178.9056049933943,0.02230536937713623,1
-0.2331344485282898,178.89749780363326,0.02264714241027832,1
-0.2335945963859558,178.97561289024299,0.02278900146484375,1
-0.23301050066947937,178.89842049537853,0.024294674396514893,1
-0.23330947756767273,178.96234514954966,0.025077760219573975,1
-0.2339734137058258,179.07175231395783,0.023774445056915283,1
-0.23483049869537354,179.11079560947516,0.025380849838256836,1
-0.23413023352622986,179.1649814425756,0.025371134281158447,1
-0.2342986762523651,179.2142537199736,0.02580207586288452,1
-0.23432302474975586,179.25587931417195,0.024535417556762695,1
-0.23432493209838867,179.3355668172243,0.024449825286865234,1
-0.2351292073726654,179.26732475499077,0.02370971441268921,1
-0.23522424697875977,179.26128653383736,0.023613929748535156,1
-0.23566284775733948,179.15740017902195,0.022641479969024658,1
-0.23552805185317993,179.121278338905,0.022429585456848145,1
-0.2345101535320282,179.03212663765044,0.023762643337249756,1
-0.23471194505691528,178.92622875807308,0.024220943450927734,1
-0.2352162003517151,178.9511508448608,0.025157690048217773,1
-0.23564094305038452,178.98268762421156,0.024278640747070312,1
-0.23621711134910583,178.9492793222513,0.024299561977386475,1
-0.23661229014396667,178.94890736251173,0.024510204792022705,1
-0.23750531673431396,178.95502167706488,0.024231553077697754,1
-0.2377380132675171,178.94885058284075,0.02436840534210205,1
-0.23779138922691345,178.89698153266912,0.02462369203567505,1
-0.23729681968688965,178.9844056848192,0.0253298282623291,1
-0.23566672205924988,178.94833837713102,0.02356940507888794,1
-0.23545557260513306,179.0467947620086,0.023395538330078125,1
-0.2349230945110321,178.9840826362721,0.02409917116165161,1
-0.23473423719406128,179.02062607219946,0.02400803565979004,1
-0.235063374042511,179.02231086873937,0.024451732635498047,1
-0.2363915741443634,178.91762676082666,0.025883018970489502,1
-0.2368672788143158,178.9638757214816,0.02525240182876587,1
-0.23771247267723083,179.03594172952222,0.026910483837127686,1
-0.23712164163589478,179.14624624678288,0.025837063789367676,1
-0.23713535070419312,179.14434479335222,0.025836706161499023,1
-0.23735928535461426,179.16994357644404,0.02546083927154541,1
-0.23680400848388672,179.21246612271187,0.026528000831604004,1
-0.23703056573867798,179.27010520639377,0.024863004684448242,1
-0.23708999156951904,179.26571628554132,0.024829387664794922,1
-0.23768171668052673,179.12628042977283,0.0236474871635437,1
-0.23921790719032288,179.40116045961614,0.02532297372817993,1
-0.24017298221588135,179.3651575296759,0.026193976402282715,1
-0.2401525378227234,179.3090875748175,0.026014089584350586,1
-0.24014073610305786,179.2054079614103,0.02587580680847168,1
-0.2396719753742218,178.9501157295091,0.02704828977584839,1
-0.23953625559806824,178.95715953291318,0.026003658771514893,1
-0.2380150556564331,178.92341669412818,0.026564955711364746,1
-0.23794636130332947,178.90776078863968,0.02672368288040161,1
-0.237787663936615,178.92266679495614,0.026630043983459473,1
-0.2377111315727234,178.91917937969453,0.026376724243164062,1
-0.23773202300071716,178.9020964111994,0.026822030544281006,1
-0.2377999722957611,178.87878485182074,0.026310741901397705,1
-0.23760679364204407,178.8616348871694,0.025983154773712158,1
-0.23844558000564575,178.78471584050703,0.02570784091949463,1
-0.2384965419769287,178.84242540888906,0.025620341300964355,1
-0.23901742696762085,178.8279326052257,0.026250004768371582,1
-0.2398528754711151,178.78092864494658,0.025697767734527588,1
-0.23985439538955688,178.92845611285867,0.025740504264831543,1
-0.23997080326080322,178.97715499191347,0.026076912879943848,1
-0.23947641253471375,178.90399235196364,0.02831190824508667,1
-0.23958244919776917,178.9162258595877,0.028474152088165283,1
-0.23963835835456848,178.87192226161488,0.030044138431549072,1
-0.23955926299095154,178.85212406939064,0.029606640338897705,1
-0.24022242426872253,178.76529368353076,0.030586540699005127,1
-0.24056842923164368,178.7007441025083,0.029779016971588135,1
-0.24022889137268066,178.8398763375337,0.02908146381378174,1
-0.23995715379714966,178.65706724995826,0.02999722957611084,1
-0.23859092593193054,178.74279293061176,0.02706378698348999,1
-0.23857200145721436,178.66667453380296,0.027871251106262207,1
-0.2391713261604309,178.54901154848534,0.029543757438659668,1
-0.23882564902305603,178.48949933970525,0.029816925525665283,1
-0.23908495903015137,178.5229248783738,0.0282137393951416,1
-0.23915639519691467,178.64657769416434,0.027705848217010498,1
-0.2394510805606842,178.76265366666718,0.026922166347503662,1
-0.23863905668258667,178.80408949988413,0.02836775779724121,1
-0.23891589045524597,178.79867590758994,0.027914702892303467,1
-0.2384456992149353,178.86762434487892,0.02706766128540039,1
-0.23792129755020142,178.82861050550585,0.027109861373901367,1
-0.2379014492034912,178.91281586183376,0.026544690132141113,1
-0.23823609948158264,179.08237658194932,0.026583611965179443,1
-0.23812219500541687,179.15275444868823,0.02566617727279663,1
-0.23786550760269165,179.00635393150102,0.02628040313720703,1
-0.24025380611419678,179.03210982271202,0.024669408798217773,1
-0.24097827076911926,179.00917161592685,0.027060329914093018,1
-0.2418932020664215,179.02092913928965,0.025210320949554443,1
-0.24029269814491272,178.98500992734878,0.0262182354927063,1
-0.2403395175933838,179.00748400913554,0.026296257972717285,1
-0.24059510231018066,178.98166094388083,0.026502609252929688,1
-0.24167904257774353,178.96546335046926,0.026627719402313232,1
-0.24070754647254944,178.9225905767917,0.028737366199493408,1
-0.24235033988952637,178.9151993794235,0.02652156352996826,1
-0.24233955144882202,178.86427841693964,0.02772963047027588,1
-0.24285489320755005,178.76376106080545,0.02736663818359375,1
-0.24271249771118164,178.95365524224982,0.026611328125,1
-0.2425215244293213,178.81633171867597,0.02698385715484619,1
-0.2430647313594818,179.00252794863817,0.025840818881988525,1
-0.24307286739349365,178.96453826730934,0.02633368968963623,1
-0.24248504638671875,178.914040928258,0.026392102241516113,1
-0.2425742745399475,178.86085656994297,0.026478290557861328,1
-0.24139702320098877,178.91664642827547,0.0269012451171875,1
-0.24131900072097778,178.97090372069417,0.026874542236328125,1
-0.241731196641922,179.01962949546024,0.02587038278579712,1
-0.24200400710105896,178.86455589805772,0.02603667974472046,1
-0.24155917763710022,178.98103052347582,0.023869335651397705,1
-0.24209627509117126,179.0408386748734,0.025653421878814697,1
-0.24185922741889954,179.095131327351,0.027224838733673096,1
-0.24218133091926575,179.1007466380597,0.028157174587249756,1
-0.24217286705970764,179.09077878541493,0.02764230966567993,1
-0.24248448014259338,179.0987019095609,0.027347981929779053,1
-0.2428920865058899,179.08233669494436,0.028344035148620605,1
-0.24206838011741638,179.14701538465326,0.024484097957611084,1
-0.2406436800956726,179.10963321731407,0.027715086936950684,1
-0.24089261889457703,178.91096693298863,0.02793973684310913,1
-0.24191102385520935,178.8612016244523,0.027284681797027588,1
-0.24156934022903442,178.80572739184583,0.027475833892822266,1
-0.2416674792766571,178.7085269637732,0.027336299419403076,1
-0.24125176668167114,178.88834161581545,0.02741372585296631,1
-0.24137330055236816,179.00346221518896,0.027968406677246094,1
-0.24112799763679504,178.9432921853087,0.02872258424758911,1
-0.24110248684883118,179.00267686091416,0.02867788076400757,1
-0.2425922155380249,179.03354365154567,0.030530929565429688,1
-0.2429480254650116,179.06968166492967,0.030466139316558838,1
-0.2429371178150177,179.12000874602649,0.030233800411224365,1
-0.24357587099075317,178.98199722012117,0.031148195266723633,1
-0.243755042552948,179.04595371297032,0.030745387077331543,1
-0.24405178427696228,179.02103516194586,0.029950201511383057,1
-0.24423575401306152,178.8661396802263,0.029742002487182617,1
-0.24540403485298157,178.74131252867906,0.03181880712509155,1
-0.24560058116912842,178.73776493565515,0.031182527542114258,1
-0.24445170164108276,178.82762814494782,0.03106558322906494,1
-0.24413734674453735,178.85241025527364,0.03068685531616211,1
-0.24385544657707214,178.90489005242725,0.029075682163238525,1
-0.24237439036369324,178.83376222711402,0.03528028726577759,1
-0.241651713848114,178.84800030511315,0.036280035972595215,1
-0.241756409406662,178.88679887227812,0.034449994564056396,1
-0.24229130148887634,178.90273659194818,0.03336971998214722,1
-0.2438613474369049,178.92323386818262,0.03022974729537964,1
-0.24396300315856934,179.00347224933944,0.029879331588745117,1
-0.24441125988960266,179.0818577486976,0.027999818325042725,1
-0.24444323778152466,179.23727013516174,0.02799069881439209,1
-0.24467554688453674,179.20713823533217,0.027427971363067627,1
-0.24489447474479675,179.18770599433265,0.02712494134902954,1
-0.24555203318595886,179.058151070411,0.02840644121170044,1
-0.2450578808784485,179.04975245263924,0.026699542999267578,1
-0.24507001042366028,179.04751140644603,0.026652157306671143,1
-0.24487343430519104,179.27362122989965,0.025497019290924072,1
-0.24428734183311462,179.11358405986076,0.030376136302947998,1
-0.2451341450214386,179.18529164126895,0.028352081775665283,1
-0.24589645862579346,179.17473053304255,0.02749955654144287,1
-0.24581512808799744,179.25595220254368,0.027102291584014893,1
-0.24577173590660095,179.17093404334278,0.02949124574661255,1
-0.24584022164344788,179.10459125155762,0.02884918451309204,1
-0.24630194902420044,179.10901609387926,0.028778433799743652,1
-0.245222806930542,179.17275535170577,0.025878071784973145,1
-0.24559617042541504,179.08344248754264,0.02718973159790039,1
-0.2462741732597351,179.0364858411655,0.02812504768371582,1
-0.24649739265441895,179.09839919562776,0.028121232986450195,1
-0.24732810258865356,179.13850648820596,0.027801036834716797,1
-0.24714726209640503,179.141631897143,0.028174519538879395,1
-0.2461795210838318,179.12909747639327,0.028628230094909668,1
-0.24555480480194092,179.1281561391169,0.026448607444763184,1
-0.2461378276348114,178.95512676105022,0.02854841947555542,1
-0.24607178568840027,178.9489504661183,0.027775466442108154,1
-0.24631860852241516,178.8139321417455,0.027384936809539795,1
-0.24601340293884277,178.81693891620878,0.025854825973510742,1
-0.24563196301460266,178.7883544354305,0.0254325270652771,1
-0.2457495927810669,178.7964864710224,0.025307893753051758,1
-0.2460709512233734,178.91233555287639,0.025646626949310303,1
-0.2456986904144287,179.00474595152357,0.025044560432434082,1
-0.24635422229766846,178.93610790513944,0.026359200477600098,1
-0.24643820524215698,179.04267562616783,0.026255369186401367,1
-0.2472686469554901,179.1264516277805,0.025974571704864502,1
-0.24681755900382996,179.13835311776978,0.026867687702178955,1
-0.24588850140571594,179.18003477899867,0.025739967823028564,1
-0.24600905179977417,179.18473853489388,0.025836467742919922,1
-0.2466772496700287,179.14011203718357,0.02546912431716919,1
-0.24568724632263184,179.09803231078888,0.024654865264892578,1
-0.24551206827163696,179.17749292049592,0.023363471031188965,1
-0.24538654088974,179.19369280540496,0.02520740032196045,1
-0.24496713280677795,179.20151433860894,0.024586021900177002,1
-0.2444540560245514,179.12940640134337,0.024855077266693115,1
-0.24462276697158813,179.04604658461298,0.02579200267791748,1
-0.24487322568893433,179.00110739952814,0.02490055561065674,1
-0.2460288405418396,178.857528938925,0.027242660522460938,1
-0.24674901366233826,178.98223999507655,0.0261804461479187,1
-0.24614566564559937,179.0552924212999,0.02539658546447754,1
-0.246526300907135,179.23817191818256,0.0252685546875,1
-0.24587002396583557,179.1445975162342,0.02586156129837036,1
-0.24552252888679504,179.212017374318,0.023609817028045654,1
-0.24545320868492126,179.2139981940304,0.024278700351715088,1
-0.24469512701034546,179.1486772651382,0.02456378936767578,1
-0.24451279640197754,179.04540415561357,0.02707517147064209,1
-0.24440905451774597,179.0445435558967,0.02623826265335083,1
-0.24469655752182007,179.09097947552848,0.025554180145263672,1
-0.24495628476142883,179.20525758004902,0.025348007678985596,1
-0.24484366178512573,179.23211944607692,0.025557756423950195,1
-0.24545136094093323,179.16067458080008,0.026852667331695557,1
-0.24518665671348572,179.18250651983539,0.02455693483352661,1
-0.2457374632358551,179.0004312605148,0.027151882648468018,1
-0.24566540122032166,179.1128094594749,0.025724709033966064,1
-0.24603962898254395,179.12758963174903,0.024866819381713867,1
-0.2464808225631714,179.16082532656716,0.024240851402282715,1
-0.2460365891456604,179.12655057984267,0.02348911762237549,1
-0.24611669778823853,179.07472413206727,0.023172736167907715,1
-0.24600091576576233,178.8973438450286,0.022816002368927002,1
-0.24562948942184448,178.89492046631992,0.0234222412109375,1
-0.24495044350624084,178.88223453812714,0.023392856121063232,1
-0.24536457657814026,178.73514892563057,0.023740708827972412,1
-0.24619320034980774,178.80203063652425,0.02215951681137085,1
-0.2468997836112976,178.85906813829402,0.023671746253967285,1
-0.24640867114067078,179.03828396512924,0.023666203022003174,1
-0.24763140082359314,179.08852738285708,0.025685250759124756,1
-0.24700182676315308,179.0736634089967,0.0262678861618042,1
-0.24615955352783203,179.1535267560078,0.02464282512664795,1
-0.2442542016506195,178.99938586367898,0.029510080814361572,1
-0.2426738739013672,178.91711643631876,0.028553009033203125,1
-0.24248278141021729,178.93429170267984,0.028493523597717285,1
-0.24234038591384888,178.9319434223778,0.029206156730651855,1
-0.2415125072002411,178.9766924945229,0.028526484966278076,1
-0.24078112840652466,178.88070305088945,0.03038930892944336,1
-0.23944315314292908,178.95913702441962,0.02872687578201294,1
-0.23772522807121277,178.67862483708876,0.02993696928024292,1
-0.2344689667224884,178.60558198464315,0.029913246631622314,1
-0.2345728874206543,178.56022440129541,0.02991187572479248,1
-0.2341354787349701,178.62426257184578,0.02912348508834839,1
-0.23234695196151733,178.9403323201042,0.022027969360351562,1
-0.2322806417942047,178.76589565815206,0.024743854999542236,1
-0.23133236169815063,178.67098169009273,0.0234910249710083,1
-0.23388850688934326,178.7150204511108,0.02097296714782715,1
-0.2324029505252838,178.5870311805989,0.019322574138641357,1
-0.2330869436264038,178.56157184136165,0.016611695289611816,1
-0.23167875409126282,179.0742268016843,0.018534719944000244,1
-0.23585104942321777,179.04150427284452,0.02397465705871582,1
-0.23531574010849,178.92412885347952,0.02459537982940674,1
-0.23515760898590088,178.86519261963517,0.02419734001159668,1
-0.23470056056976318,178.84661589338924,0.02501523494720459,1
-0.23551395535469055,178.88748249833114,0.022430241107940674,1
-0.23506131768226624,178.8786539822682,0.022222936153411865,1
-0.23576676845550537,178.85264580637426,0.02195107936859131,1
-0.23531675338745117,178.86167136576154,0.021655797958374023,1
-0.23610809445381165,178.88128374908356,0.020062029361724854,1
-0.23560145497322083,178.82191049206946,0.02090400457382202,1
-0.23553454875946045,178.77378787826768,0.020400643348693848,1
-0.23467200994491577,178.81079666992662,0.019536137580871582,1
-0.23385664820671082,178.76745902263895,0.020251452922821045,1
-0.23438185453414917,178.77898173572171,0.020233631134033203,1
-0.23457258939743042,178.8236672088006,0.020514845848083496,1
-0.23460304737091064,178.9054754779006,0.020533204078674316,1
-0.23419836163520813,178.90195112545751,0.020897328853607178,1
-0.23425087332725525,178.92291886631887,0.020116865634918213,1
-0.23417752981185913,178.91395157836777,0.01908588409423828,1
-0.23399314284324646,178.89684854476025,0.01934272050857544,1
-0.23424091935157776,178.81871471916284,0.01911693811416626,1
-0.2336709201335907,178.81072106054927,0.01893240213394165,1
-0.2333957850933075,178.78598514985939,0.01906973123550415,1
-0.22214913368225098,179.31613635889823,0.027446627616882324,1
-0.22340524196624756,178.81133041612063,0.02882254123687744,1
-0.21895831823349,178.6070381453485,0.033106088638305664,1
-0.2188742756843567,179.42059455311917,0.035340309143066406,1
-0.22383758425712585,179.1284611133232,0.013171374797821045,1
-0.22415992617607117,179.00712704132343,0.011787235736846924,1
-0.22393447160720825,179.332436934342,0.010697245597839355,1
-0.2252417504787445,179.1644797848344,0.009638845920562744,1
-0.2241235375404358,178.7374477236125,0.010078907012939453,1
-0.21874013543128967,179.31872213533663,0.009683072566986084,1
-0.22304585576057434,178.48956218248696,0.005524933338165283,1
-0.22449347376823425,178.67543853828116,0.012931406497955322,1
-0.22190767526626587,179.01568186499304,0.017976880073547363,1
-0.22284919023513794,178.81172817659967,0.01721799373626709,1
-0.22269552946090698,178.86598176555387,0.017035245895385742,1
-0.22200646996498108,178.6020871950991,0.01601165533065796,1
-0.22046995162963867,178.53378006433604,0.01103973388671875,1
-0.21734434366226196,178.45439172729064,0.01802694797515869,1
-0.21709078550338745,179.30620003634903,0.01592254638671875,1
-0.2152460217475891,179.01015712060962,0.02158534526824951,1
-0.21457204222679138,178.8707439473981,0.020744740962982178,1
-0.2157847285270691,178.94587300778184,0.02019202709197998,1
-0.21511787176132202,179.12077789799238,0.017357587814331055,1
-0.21429306268692017,178.8883854788684,0.015550732612609863,1
-0.21485427021980286,178.95169937662732,0.019787251949310303,1
-0.21621090173721313,179.09998880728935,0.021093010902404785,1
-0.2163088321685791,178.93192373141738,0.0210191011428833,1
-0.21422073245048523,178.84592725626138,0.02458089590072632,1
-0.21534860134124756,179.39588615451714,0.023609161376953125,1
-0.2184443175792694,179.14387782416878,0.015264689922332764,1
-0.21831747889518738,179.0675450108298,0.014920055866241455,1
-0.21191874146461487,178.73973686387993,0.019627392292022705,1
-0.21402543783187866,178.85305570000045,0.018354415893554688,1
-0.2187243103981018,178.66862624693155,0.014814972877502441,1
-0.21922075748443604,178.37668432197094,0.01454150676727295,1
-0.21778345108032227,178.086323019637,0.019657135009765625,1
-0.21636071801185608,178.84252355951065,0.022161900997161865,1
-0.21536344289779663,178.6602009319272,0.021349668502807617,1
-0.21448221802711487,178.84124210821085,0.024494469165802002,1
-0.21479091048240662,178.92222536254764,0.023173868656158447,1
-0.21527644991874695,178.63598229693017,0.02478855848312378,1
-0.2179771363735199,178.49043741644226,0.021240174770355225,1
-0.21910709142684937,178.42178806868316,0.020100831985473633,1
-0.21705842018127441,178.5984179747534,0.020802855491638184,1
-0.2172504961490631,178.55873754364546,0.020550429821014404,1
-0.21477442979812622,178.69433114756742,0.020441055297851562,1
-0.21533042192459106,178.83987328935973,0.012418746948242188,1
-0.21101608872413635,179.27952434917003,0.015297472476959229,1
-0.21081233024597168,179.202569507007,0.013570308685302734,1
-0.21278271079063416,178.94846057845677,0.01288837194442749,1
-0.21314933896064758,178.88464076734758,0.014462172985076904,1
-0.2130390703678131,178.80392074776023,0.01566213369369507,1
-0.2102871835231781,178.95107497271817,0.02105635404586792,1
-0.21146243810653687,179.05314536258538,0.02207636833190918,1
-0.21018275618553162,179.00090918475163,0.02515333890914917,1
-0.21116477251052856,179.14671378123847,0.024379372596740723,1
-0.2146628201007843,178.82217392362216,0.02742069959640503,1
-0.2163730263710022,178.7767840637862,0.02639639377593994,1
-0.21554654836654663,178.50256010789704,0.02382040023803711,1
-0.21468812227249146,179.0628381284539,0.022144436836242676,1
-0.21681559085845947,179.19375294677562,0.019721150398254395,1
-0.21924379467964172,179.1476555332038,0.016170918941497803,1
-0.21839839220046997,178.8422647803873,0.016898751258850098,1
-0.21885791420936584,178.68073634847087,0.01624661684036255,1
-0.21839356422424316,178.64774433675055,0.017169713973999023,1
-0.21726134419441223,178.2957857054239,0.022621333599090576,1
-0.21825939416885376,178.69619466124954,0.02122211456298828,1
-0.21739867329597473,178.77306419974812,0.024236619472503662,1
-0.21715691685676575,178.39957054945688,0.02228182554244995,1
-0.219092458486557,178.48746001957943,0.02656620740890503,1
-0.22142243385314941,178.7229850128985,0.022490501403808594,1
-0.22023531794548035,179.35705832117773,0.017913758754730225,1
-0.21860259771347046,179.07052031067147,0.020518898963928223,1
-0.21910220384597778,178.933484125276,0.015624165534973145,1
-0.21879932284355164,178.9255042013259,0.014743268489837646,1
-0.21913999319076538,179.0084343271652,0.013252496719360352,1
-0.22103628516197205,179.11569157402414,0.01270383596420288,1
-0.21941998600959778,178.87176356140512,0.008532822132110596,1
-0.2185562551021576,178.74658170147106,0.0058158040046691895,1
-0.21704524755477905,178.81144674947367,0.0065343379974365234,1
-0.2153039574623108,178.6341742219739,0.009631514549255371,1
-0.21556425094604492,178.7231322750917,0.009670734405517578,1
-0.21556377410888672,178.73261279262636,0.009669661521911621,1
-0.21286362409591675,178.74761596523356,0.01173543930053711,1
-0.21169549226760864,179.03682035890438,0.013572096824645996,1
-0.21721211075782776,178.9515098169835,0.015621602535247803,1
-0.21651744842529297,178.8304808160933,0.01562190055847168,1
-0.2152406871318817,178.81445333916156,0.012782156467437744,1
-0.21635544300079346,178.79082647098383,0.01270151138305664,1
-0.21306747198104858,178.97446482249396,0.012857913970947266,1
-0.21417391300201416,179.08035070330965,0.013439297676086426,1
-0.21325835585594177,178.59485251056245,0.012085020542144775,1
-0.21361815929412842,178.69727322037565,0.012520909309387207,1
-0.2139517366886139,178.70185970762915,0.011672794818878174,1
-0.21342211961746216,178.75887827089832,0.012298583984375,1
-0.21424686908721924,178.80429928043324,0.011755943298339844,1
-0.21545159816741943,178.7405203787643,0.009627938270568848,1
-0.2149008810520172,178.6738559998806,0.009295642375946045,1
-0.21350175142288208,178.63400858769813,0.011744856834411621,1
-0.21826332807540894,178.66218580681755,0.011790871620178223,1
-0.21993577480316162,178.42494158871554,0.012523531913757324,1
-0.220094233751297,178.15062502966796,0.013395369052886963,1
-0.21963676810264587,177.93808813141763,0.013317406177520752,1
-0.21806609630584717,178.19141870614627,0.0245053768157959,1
-0.21447253227233887,178.15026115493265,0.028914809226989746,1
-0.21796610951423645,178.26903203051367,0.034802377223968506,1
-0.2157982587814331,178.24836645728647,0.03695237636566162,1
-0.21596097946166992,178.35587591103533,0.032932281494140625,1
-0.2188049852848053,178.73979474977725,0.028848707675933838,1
-0.21802830696105957,178.72198694427357,0.028614401817321777,1
-0.2187235951423645,178.62551195062426,0.030099868774414062,1
-0.21868738532066345,178.64049236985656,0.030278503894805908,1
-0.21841129660606384,178.80279792693548,0.02934020757675171,1
-0.21994084119796753,178.5795504437392,0.029216527938842773,1
-0.21961843967437744,178.52683981739509,0.029398798942565918,1
-0.2184208333492279,178.50108785089063,0.033338963985443115,1
-0.21796771883964539,178.30290403671367,0.03315609693527222,1
-0.2195325493812561,178.3991593492688,0.02991163730621338,1
-0.22126716375350952,178.05978881717328,0.022845149040222168,1
-0.22147616744041443,178.14465045003473,0.017388522624969482,1
-0.22135967016220093,178.76538710873442,0.017801880836486816,1
-0.2202875316143036,178.59105795896656,0.018965184688568115,1
-0.2193233072757721,178.45051872245799,0.018962085247039795,1
-0.21803730726242065,178.80147895636352,0.017150521278381348,1
-0.2180052101612091,178.75579481041976,0.017332851886749268,1
-0.21812933683395386,178.776317772071,0.017264604568481445,1
-0.2167516052722931,178.85963841463953,0.01653844118118286,1
-0.2153666913509369,179.06541385861036,0.021528899669647217,1
-0.21696102619171143,178.88944824780225,0.019252300262451172,1
-0.2169269323348999,178.72456472499795,0.019258975982666016,1
-0.21028080582618713,178.7518695308268,0.030931055545806885,1
-0.2113340198993683,178.75473702176768,0.030496060848236084,1
-0.21036195755004883,178.6426880001968,0.02277374267578125,1
-0.2148454785346985,178.8513625561127,0.021082639694213867,1
-0.21410951018333435,178.6824987626013,0.02162116765975952,1
-0.21589601039886475,178.4434763838,0.020685434341430664,1
-0.21637195348739624,178.58665880571357,0.021860599517822266,1
-0.21571460366249084,178.5412855062326,0.018773019313812256,1
-0.21808969974517822,179.0648085339238,0.022026419639587402,1
-0.2197878062725067,179.0966053960678,0.02593749761581421,1
-0.2194083034992218,178.85614456387034,0.02224642038345337,1
-0.22078120708465576,178.78042338347217,0.01903510093688965,1
-0.22060582041740417,178.930935671695,0.019576609134674072,1
-0.21779921650886536,178.83230332190547,0.022515952587127686,1
-0.21715804934501648,178.56359979607606,0.02219623327255249,1
-0.21772468090057373,178.64139934753715,0.02220630645751953,1
-0.21735399961471558,178.19491484932027,0.0209200382232666,1
-0.2156166434288025,178.41125079336825,0.019864201545715332,1
-0.21646127104759216,178.52836288959224,0.019410908222198486,1
-0.2156371772289276,178.54372253476433,0.02246338129043579,1
-0.21309444308280945,178.41508592494748,0.026289045810699463,1
-0.21387043595314026,178.7856743941126,0.02449697256088257,1
-0.21648746728897095,178.66390288331317,0.018553853034973145,1
-0.21749863028526306,178.33097548334746,0.0166969895362854,1
-0.21795085072517395,178.26276115186997,0.01518625020980835,1
-0.21546489000320435,178.32746220772793,0.017450928688049316,1
-0.2146589159965515,178.3570882544975,0.021164536476135254,1
-0.21473819017410278,178.36645797855365,0.02096688747406006,1
-0.21625807881355286,178.41641413020506,0.018645107746124268,1
-0.2173333764076233,178.20379926861426,0.01793968677520752,1
-0.21685895323753357,178.46572752036928,0.0218389630317688,1
-0.21670454740524292,178.6973446900014,0.018196582794189453,1
-0.2168388068675995,178.74034681707127,0.020855247974395752,1
-0.21676459908485413,178.33926807374195,0.01976102590560913,1
-0.21865782141685486,177.88497176442553,0.017047345638275146,1
-0.22000250220298767,177.61701069166466,0.016687333583831787,1
-0.21868082880973816,177.67023883091366,0.01892179250717163,1
-0.2149389088153839,178.43713562356803,0.023058593273162842,1
-0.21632078289985657,178.86581318254423,0.02332407236099243,1
-0.21805903315544128,179.0167751985135,0.020323097705841064,1
-0.2165515422821045,178.69013179885226,0.02641618251800537,1
-0.2168591022491455,178.8163278810074,0.025873184204101562,1
-0.21760272979736328,178.86653155579236,0.024536967277526855,1
-0.21826910972595215,178.71931183457525,0.021734237670898438,1
-0.2207222282886505,178.62762789948158,0.015489518642425537,1
-0.21560010313987732,178.7344476064509,0.019795715808868408,1
-0.21535134315490723,178.49378437375643,0.020036935806274414,1
-0.2168138325214386,178.49114034717914,0.01586371660232544,1
-0.2182050347328186,178.35975222770267,0.012877702713012695,1
-0.21773141622543335,178.33360058662348,0.013324499130249023,1
-0.2189350128173828,178.43415897940048,0.011435747146606445,1
-0.21837985515594482,178.5029134681634,0.01297140121459961,1
-0.21848365664482117,178.52561678433938,0.012845814228057861,1
-0.21853899955749512,178.50625118246452,0.01153719425201416,1
-0.21857580542564392,178.67658270177864,0.011486709117889404,1
-0.21823996305465698,178.78943891074815,0.011838674545288086,1
-0.21723851561546326,178.76561168880897,0.008874237537384033,1
-0.21783486008644104,178.9153968391092,0.008991062641143799,1
-0.21700537204742432,178.84153972821304,0.008532404899597168,1
-0.21390917897224426,178.56399331043863,0.015152275562286377,1
-0.21340304613113403,178.58007828568827,0.015031695365905762,1
-0.2151566445827484,178.43098490267772,0.014936745166778564,1
-0.21654492616653442,178.34367319806248,0.014631152153015137,1
-0.21608668565750122,179.0682383491362,0.014946341514587402,1
-0.21579784154891968,179.53494024128193,0.014678597450256348,1
-0.21207046508789062,178.96766137824136,0.015641212463378906,1
-0.21418476104736328,178.98507423710316,0.015778064727783203,1
-0.21689355373382568,178.79168535255616,0.013427257537841797,1
-0.2177647054195404,178.79177308597315,0.013629496097564697,1
-0.21656310558319092,178.64777265795072,0.01094508171081543,1
-0.21781820058822632,178.38038348575216,0.009215712547302246,1
-0.21584513783454895,178.6462106946234,0.0101889967918396,1
-0.2167547643184662,178.4994647676456,0.012060225009918213,1
-0.21636512875556946,178.4564267955753,0.009572327136993408,1
-0.21590101718902588,178.50626675564493,0.011544585227966309,1
-0.21605849266052246,178.48773788582363,0.012429237365722656,1
-0.21656617522239685,178.86686745794046,0.012679755687713623,1
-0.21634992957115173,178.84452251189003,0.011535942554473877,1
-0.2164176106452942,178.7874997922008,0.01030874252319336,1
-0.21701690554618835,178.67834481330408,0.009084761142730713,1
-0.2168503999710083,178.27568584530258,0.008340120315551758,1
-0.21692892909049988,178.33200511982145,0.008725464344024658,1
-0.2151210904121399,178.67471424585645,0.011927127838134766,1
-0.21492531895637512,178.88491482387803,0.014998972415924072,1
-0.2162531316280365,178.94629397371799,0.016970574855804443,1
-0.2188502550125122,178.90682611163353,0.012805700302124023,1
-0.21993964910507202,178.74141169817042,0.010117530822753906,1
-0.2202869951725006,178.50543041400607,0.009462893009185791,1
-0.2188759446144104,178.75486113020546,0.009543418884277344,1
-0.2179783284664154,178.83141558265388,0.010443031787872314,1
-0.21802255511283875,178.94344248013826,0.009894192218780518,1
-0.2168979048728943,179.17302873388712,0.011480331420898438,1
-0.2154829502105713,179.18641990738402,0.015253186225891113,1
-0.21506986021995544,179.0278925804384,0.01437443494796753,1
-0.21481770277023315,178.8651201609517,0.011866927146911621,1
-0.21395286917686462,178.5921167257335,0.011664211750030518,1
-0.21413516998291016,178.62881416458512,0.010388493537902832,1
-0.21353793144226074,178.63444992665296,0.008998990058898926,1
-0.21414479613304138,178.78862473189758,0.008197128772735596,1
-0.21432828903198242,178.71519522489703,0.007903218269348145,1
-0.21768468618392944,178.73070990200804,0.004815340042114258,1
-0.21817255020141602,178.81852430390904,0.006236672401428223,1
-0.2185802459716797,178.69724838871224,0.007467865943908691,1
-0.2178516387939453,178.77263987877922,0.008095741271972656,1
-0.21729478240013123,178.71319974944782,0.0074800848960876465,1
-0.21891099214553833,178.5798444687527,0.003598332405090332,1
-0.21774715185165405,178.44557800517182,0.00814366340637207,1
-0.21853387355804443,178.49489220410496,0.008069396018981934,1
-0.2178919017314911,178.29976130490445,0.009727299213409424,1
-0.2169533371925354,178.1541701309351,0.007955431938171387,1
-0.2148989737033844,178.18821783231536,0.0040898919105529785,1
-0.21482694149017334,178.28258617560465,0.005676865577697754,1
-0.2151232659816742,178.53173917956028,0.006488382816314697,1
-0.21441084146499634,179.01934054097347,0.005992770195007324,1
-0.21662327647209167,178.66867249697287,0.007678687572479248,1
-0.21703848242759705,178.85014122409555,0.010461390018463135,1
-0.217998206615448,178.48597002722153,0.008360505104064941,1
-0.21717840433120728,179.13231444353383,0.009170889854431152,1
-0.21806716918945312,178.9597545723714,0.0075969696044921875,1
-0.2141205072402954,178.84095937185612,0.015614151954650879,1
-0.21804597973823547,178.7277334051224,0.01803511381149292,1
-0.21783584356307983,178.70744110425645,0.0191957950592041,1
-0.21880197525024414,178.69071641292294,0.018912553787231445,1
-0.21907249093055725,178.60135211362646,0.0185890793800354,1
-0.22014069557189941,178.400547820486,0.012987971305847168,1
-0.22071200609207153,178.31996727340248,0.010560274124145508,1
-0.220799058675766,178.20416846399826,0.014162719249725342,1
-0.22090506553649902,178.37244249893138,0.01560056209564209,1
-0.2206907868385315,178.45128493845465,0.01591026782989502,1
-0.22239580750465393,178.3723527831202,0.012438714504241943,1
-0.22162550687789917,178.3571792295987,0.012170195579528809,1
-0.22290048003196716,178.32737705135722,0.010550200939178467,1
-0.22371968626976013,178.79768533813683,0.009231030941009521,1
-0.22280335426330566,178.78835905671428,0.012151241302490234,1
-0.22564667463302612,178.71981085856893,0.015637993812561035,1
-0.2259068489074707,178.43714316536085,0.01553201675415039,1
-0.2258307933807373,178.28993331919477,0.015384078025817871,1
-0.22500568628311157,178.32564495665136,0.015840768814086914,1
-0.22011300921440125,178.37378504882105,0.02325814962387085,1
-0.2197878658771515,178.52034381364035,0.022716104984283447,1
-0.21898984909057617,178.3937918255793,0.022229313850402832,1
-0.21902042627334595,178.49760134038118,0.021768808364868164,1
-0.21913963556289673,178.99118026294207,0.021838665008544922,1
-0.21966010332107544,179.33017663087645,0.022814393043518066,1
-0.219490647315979,179.13542028304204,0.025159716606140137,1
-0.22069108486175537,179.16325525630623,0.022517800331115723,1
-0.21979427337646484,179.1309292826912,0.02003467082977295,1
-0.22002112865447998,178.9450978639172,0.019047975540161133,1
-0.22004759311676025,178.84314153521433,0.019101619720458984,1
-0.2203015685081482,179.1473049523222,0.020963668823242188,1
-0.21880924701690674,179.30726379447674,0.02257096767425537,1
-0.21970310807228088,179.0216976568342,0.024647176265716553,1
-0.21983885765075684,178.85596623185577,0.023491978645324707,1
-0.22002926468849182,178.77782284703008,0.02303105592727661,1
-0.22337359189987183,177.92812381726438,0.015626192092895508,1
-0.2228151559829712,177.94605566498373,0.015173792839050293,1
-0.22031813859939575,177.93193639411476,0.014144420623779297,1
-0.22132906317710876,178.30518288287433,0.01555544137954712,1
-0.22154435515403748,178.3624950007266,0.021604835987091064,1
-0.22210031747817993,178.5105344347806,0.01939213275909424,1
-0.21962112188339233,178.63698103738724,0.02125239372253418,1
-0.21820056438446045,178.52641210463415,0.020476579666137695,1
-0.21542704105377197,178.58902362951247,0.027533292770385742,1
-0.21719837188720703,178.6890421220945,0.026374459266662598,1
-0.2170352041721344,178.54829200320262,0.024464309215545654,1
-0.21856161952018738,178.4725806886771,0.022462308406829834,1
-0.22114333510398865,178.36525505035272,0.02038174867630005,1
-0.22170236706733704,178.3327048340795,0.020592033863067627,1
-0.2215893566608429,178.60948720520346,0.020205795764923096,1
-0.2228076159954071,178.5557954113155,0.01813143491744995,1
-0.22598201036453247,178.6748951501114,0.02415311336517334,1
-0.2240924835205078,178.51908174884738,0.027005791664123535,1
-0.2231673002243042,178.43672049708218,0.028551578521728516,1
-0.22371691465377808,178.42090536991807,0.026431560516357422,1
-0.22328463196754456,178.3495698620977,0.021647155284881592,1
-0.22428613901138306,178.37784209610527,0.01846456527709961,1
-0.22514796257019043,178.70267742242766,0.01680922508239746,1
-0.22481629252433777,178.6437685876831,0.015368998050689697,1
-0.22650998830795288,178.83963639244845,0.013832807540893555,1
-0.2268129587173462,178.935262925286,0.014381885528564453,1
-0.22581806778907776,179.06756677560784,0.01210087537765503,1
-0.22484537959098816,178.86348027756404,0.011783897876739502,1
-0.22475793957710266,178.6925166854184,0.011532008647918701,1
-0.22487005591392517,178.6628924766477,0.011661112308502197,1
-0.2191186547279358,178.18839654046286,0.011488080024719238,1
-0.21776998043060303,178.40000760245925,0.01582479476928711,1
-0.21887201070785522,178.73797302026176,0.013261914253234863,1
-0.21969261765480042,178.76309524573873,0.01219552755355835,1
-0.2203083038330078,178.78139914867685,0.009921908378601074,1
-0.21993857622146606,178.61693479641502,0.011995553970336914,1
-0.22079846262931824,178.58508865077349,0.01152414083480835,1
-0.22028174996376038,178.65615034348852,0.009862124919891357,1
-0.22173142433166504,178.73871775484275,0.009732723236083984,1
-0.22544217109680176,178.85861485519064,0.0051953792572021484,1
-0.22696292400360107,178.65603012721897,0.0035692453384399414,1
-0.22599604725837708,178.54083888965997,0.009044945240020752,1
-0.26034247875213623,177.82476261775807,0.07609248161315918,1
-0.2543889284133911,178.8679073917194,0.0720832347869873,1
-0.2560676038265228,178.88922520355516,0.065945565700531,1
-0.2574969530105591,179.0482398663036,0.06904935836791992,1
-0.2571587860584259,179.01605085513947,0.06706684827804565,1
-0.2561895251274109,179.17647237062357,0.06425583362579346,1
-0.25480109453201294,179.34233552907884,0.06369507312774658,1
-0.25521454215049744,179.33860520119111,0.06348508596420288,1
-0.2514667809009552,179.10210199259356,0.06537467241287231,1
-0.2515895962715149,179.13834548071273,0.0652540922164917,1
-0.2512284517288208,179.0958938414153,0.06718945503234863,1
-0.2558554708957672,179.3411637609209,0.05607420206069946,1
-0.25559335947036743,179.10464547574713,0.057384371757507324,1
-0.2559049129486084,179.15886391353968,0.05839824676513672,1
-0.2551319897174835,179.0527665521781,0.04854363203048706,1
-0.25500020384788513,179.16154405345796,0.05376952886581421,1
-0.2535030245780945,179.13414839728082,0.05821704864501953,1
-0.25185588002204895,179.01274768025428,0.06029003858566284,1
-0.2505189776420593,178.75574184382873,0.06245064735412598,1
-0.2503662705421448,178.71327376966377,0.0625154972076416,1
-0.2507356107234955,178.87257183300932,0.06265455484390259,1
-0.2456320822238922,178.99544972591593,0.06299644708633423,1
-0.24464309215545654,178.87167454867088,0.062256813049316406,1
-0.2443489134311676,178.88195234149103,0.06744462251663208,1
-0.24359780550003052,178.86817602406492,0.06728172302246094,1
-0.2396131157875061,178.8069729142257,0.07288801670074463,1
-0.23778465390205383,178.81970127846444,0.07159644365310669,1
-0.23737457394599915,178.7980748591971,0.07228392362594604,1
-0.23674461245536804,178.9032722231513,0.07327526807785034,1
-0.23672416806221008,178.84238820677894,0.0731779932975769,1
-0.23745405673980713,178.77604726986846,0.07528996467590332,1
-0.2372691035270691,178.8996586638882,0.07663750648498535,1
-0.2352079153060913,179.04979288738875,0.08300995826721191,1
-0.23509109020233154,179.08085913470657,0.08241307735443115,1
-0.236247718334198,179.16451004794607,0.08543145656585693,1
-0.23605477809906006,179.2246007505286,0.08469140529632568,1
-0.23765990138053894,179.16336592784697,0.08165091276168823,1
-0.23668590188026428,179.24059262055866,0.07804650068283081,1
-0.23672941327095032,179.095863055411,0.07372862100601196,1
-0.23770442605018616,179.12980124346007,0.07585495710372925,1
-0.23819932341575623,179.11711892611945,0.07621103525161743,1
-0.23673510551452637,179.10400134974492,0.07933127880096436,1
-0.23783516883850098,179.29548703165256,0.07745885848999023,1
-0.2359437644481659,179.43109912732945,0.0808609127998352,1
-0.23746806383132935,178.98627062369917,0.08677840232849121,1
-0.23816916346549988,178.99923627400307,0.08425396680831909,1
-0.23813077807426453,179.09813478303295,0.08292120695114136,1
-0.23705998063087463,179.00612688682205,0.08151322603225708,1
-0.2369871437549591,178.8666994860352,0.08125263452529907,1
-0.23496460914611816,178.96650066118306,0.08036494255065918,1
-0.23460552096366882,178.9280095522277,0.08007603883743286,1
-0.23206913471221924,179.05847107319528,0.085044264793396,1
-0.23177120089530945,179.05782355039523,0.08529621362686157,1
-0.23107430338859558,179.103461534038,0.0860711932182312,1
-0.2309599220752716,179.0255129043203,0.08572238683700562,1
-0.23559951782226562,179.0610422935254,0.07429063320159912,1
-0.24035435914993286,179.04648374300453,0.06470251083374023,1
-0.2393794059753418,178.811132745083,0.06625735759735107,1
-0.24031341075897217,178.95929212865468,0.06654191017150879,1
-0.2372363805770874,178.70320013729346,0.07701420783996582,1
-0.240890234708786,178.819668636501,0.07598501443862915,1
-0.2428569495677948,179.27957980781048,0.04419523477554321,1
-0.24239617586135864,179.20248053314495,0.04584968090057373,1
-0.24108240008354187,178.72083614084895,0.05072885751724243,1
-0.23719677329063416,178.25055144177523,0.059458911418914795,1
-0.2368883192539215,178.41180753778534,0.06019777059555054,1
-0.2365415096282959,178.44072994319157,0.06941878795623779,1
-0.2360372245311737,178.95023303417676,0.07186788320541382,1
-0.23662889003753662,178.60142686451564,0.0728006362915039,1
-0.23615780472755432,178.73822430693383,0.07501298189163208,1
-0.23466479778289795,179.02384353948975,0.07710838317871094,1
-0.234562486410141,179.03940153013886,0.07415026426315308,1
-0.2372739613056183,178.95120137599113,0.08299428224563599,1
-0.23730474710464478,178.99160583628785,0.0822756290435791,1
-0.2381719946861267,178.92335453098337,0.0834735631942749,1
-0.23875471949577332,179.18242013044843,0.08347815275192261,1
-0.23933467268943787,179.11410249941667,0.0831182599067688,1
-0.23882830142974854,179.01021016123548,0.08451378345489502,1
-0.23819094896316528,179.07919992927458,0.08213174343109131,1
-0.23806792497634888,179.31445142709134,0.08234167098999023,1
-0.24002519249916077,179.41715127444797,0.08345252275466919,1
-0.24079406261444092,179.5312697940143,0.0830385684967041,1
-0.24128082394599915,179.50442390518435,0.08499115705490112,1
-0.24178087711334229,179.37554237273451,0.08725428581237793,1
-0.24240973591804504,179.64019266954318,0.08675092458724976,1
-0.24473720788955688,179.46882917455986,0.0849984884262085,1
-0.250620037317276,179.4615227714742,0.08303052186965942,1
-0.2513086795806885,179.50029316229086,0.08301389217376709,1
-0.25791141390800476,179.54805055690647,0.07850247621536255,1
-0.2595003843307495,179.63256801234525,0.08128941059112549,1
-0.2604180574417114,179.4154752249354,0.07203793525695801,1
-0.2627853453159332,179.5225304220247,0.07340759038925171,1
-0.26365721225738525,179.5446791263462,0.07359945774078369,1
-0.2656605839729309,179.89329459843654,0.07140910625457764,1
-0.268045037984848,179.90349290501777,0.07055526971817017,1
-0.26682230830192566,179.78644874950285,0.08000701665878296,1
-0.2658138573169708,179.89479125508834,0.08243685960769653,1
-0.2650034427642822,179.84386658962487,0.08125412464141846,1
-0.266940712928772,179.6503829283568,0.08037245273590088,1
-0.2668735980987549,179.82721856399056,0.0785679817199707,1
-0.26584911346435547,179.48509647060374,0.07190072536468506,1
-0.2690592110157013,179.76229781892692,0.06433993577957153,1
-0.27026888728141785,179.75384832456697,0.06495004892349243,1
-0.27139389514923096,179.79039307653966,0.06519889831542969,1
-0.2719358801841736,179.833471833688,0.06524252891540527,1
-0.2715970575809479,179.83612431946065,0.06288236379623413,1
-0.2733188271522522,179.84591365576944,0.06721854209899902,1
-0.27110615372657776,179.8057475694946,0.06946605443954468,1
-0.2679431140422821,179.81886312930476,0.06763714551925659,1
-0.26635459065437317,179.69552798321382,0.06790930032730103,1
-0.2673068046569824,179.90557237571443,0.06788432598114014,1
-0.26564672589302063,179.88464530774843,0.06604188680648804,1
-0.26663514971733093,179.8911746738224,0.0662946105003357,1
-0.26978200674057007,179.86859483363858,0.06934893131256104,1
-0.27028289437294006,179.87065809560002,0.06910628080368042,1
-0.2650514543056488,179.861770218588,0.0746658444404602,1
-0.2653561234474182,179.8733456226449,0.07481729984283447,1
-0.2668624520301819,179.86562912900206,0.07288265228271484,1
-0.26591747999191284,179.90039882024016,0.07452261447906494,1
-0.2669628858566284,179.88222968340324,0.07093596458435059,1
-0.26402968168258667,179.72714096245303,0.07486081123352051,1
-0.26612588763237,179.90330042396434,0.06796890497207642,1
-0.259561687707901,179.7999324851707,0.07038646936416626,1
-0.26117828488349915,179.892161255697,0.06948345899581909,1
-0.2613053321838379,179.88702779681512,0.07013535499572754,1
-0.26273995637893677,179.90795157445115,0.06712889671325684,1
-0.26125434041023254,179.79252578353933,0.06697684526443481,1
-0.2621611952781677,179.90828309393606,0.06773197650909424,1
-0.26480767130851746,179.81835086322693,0.06923466920852661,1
-0.2667296528816223,179.8880830184542,0.06650912761688232,1
-0.2662618160247803,179.9080878728065,0.06962502002716064,1
-0.26566532254219055,179.75566487706004,0.0712842345237732,1
-0.26835864782333374,179.89128283443821,0.06476354598999023,1
-0.25917932391166687,179.68612380254416,0.07337194681167603,1
-0.26035329699516296,179.80850738500666,0.07225805521011353,1
-0.2621234059333801,179.80497679366292,0.07055115699768066,1
-0.26162025332450867,179.80510663426713,0.07174617052078247,1
-0.2613382339477539,179.89250198049382,0.06882143020629883,1
-0.2596735656261444,179.63880199864238,0.072756826877594,1
-0.2590622305870056,179.76446882169733,0.07459104061126709,1
-0.26020348072052,179.736290137816,0.07095372676849365,1
-0.261087030172348,179.8589619287621,0.07232385873794556,1
-0.26336097717285156,179.8568823592137,0.0733327865600586,1
-0.2640630900859833,179.84488737602808,0.07515591382980347,1
-0.264439195394516,179.80669110846566,0.07675021886825562,1
-0.2637622356414795,179.8497470688972,0.07704794406890869,1
-0.259600967168808,179.76259359310677,0.08254867792129517,1
-0.26114749908447266,179.71485436101838,0.07879865169525146,1
-0.26301753520965576,179.81510781266616,0.0771019458770752,1
-0.2646336853504181,179.85037295515548,0.07255607843399048,1
-0.2662913501262665,179.90717394417925,0.08214360475540161,1
-0.26730695366859436,179.80000787275486,0.07550114393234253,1
-0.2700939178466797,179.83588136574042,0.07515990734100342,1
-0.26608601212501526,179.84402849923535,0.07618814706802368,1
-0.26432085037231445,179.87102156689022,0.07445716857910156,1
-0.2666967511177063,179.75855271004397,0.07577908039093018,1
-0.26691576838493347,179.71116547217792,0.07351571321487427,1
-0.26293468475341797,179.88246967261696,0.07423865795135498,1
-0.265214741230011,179.85676580297945,0.07418537139892578,1
-0.2630883455276489,179.82593599890387,0.07708168029785156,1
-0.2621996998786926,179.77860765256636,0.07172596454620361,1
-0.26219263672828674,179.90120679049627,0.07005029916763306,1
-0.2624390125274658,179.71850584659182,0.0703805685043335,1
-0.25802919268608093,179.7122927687789,0.07823354005813599,1
-0.2602401077747345,179.6677710112231,0.07485562562942505,1
-0.26152849197387695,179.77914236069893,0.07039153575897217,1
-0.2663971483707428,179.76411729914926,0.07618898153305054,1
-0.26399847865104675,179.67193165666137,0.07739418745040894,1
-0.2628824710845947,179.78671900464664,0.07592833042144775,1
-0.26497888565063477,179.80789347091863,0.07795262336730957,1
-0.2645287811756134,179.70995553266636,0.0764586329460144,1
-0.26348984241485596,179.60761387282326,0.0797271728515625,1
-0.2644457221031189,179.60857040417156,0.07821500301361084,1
-0.2572011649608612,179.64451245475829,0.08389800786972046,1
-0.25926393270492554,179.4742041560935,0.07991063594818115,1
-0.2597373127937317,179.58847772229888,0.08353233337402344,1
-0.2625860273838043,179.85561845067787,0.07641726732254028,1
-0.25960490107536316,179.9044983658603,0.07676678895950317,1
-0.25931864976882935,179.89492414972918,0.07681190967559814,1
-0.25769951939582825,179.7951666663185,0.08056062459945679,1
-0.2610783576965332,179.6642626564563,0.08239459991455078,1
-0.26154783368110657,179.66367322041796,0.08277076482772827,1
-0.2610104978084564,179.653446676631,0.08210057020187378,1
-0.2611781060695648,179.7560410083518,0.08285540342330933,1
-0.2613564431667328,179.84010043027752,0.08012181520462036,1
-0.26185381412506104,179.8600115010907,0.08013689517974854,1
-0.2632179260253906,179.79911534176162,0.07721138000488281,1
-0.26413553953170776,179.89869620034798,0.07739150524139404,1
-0.26240527629852295,179.78754848859785,0.07941484451293945,1
-0.2623046338558197,179.78644050864966,0.07953280210494995,1
-0.26246681809425354,179.8117574587864,0.07900840044021606,1
-0.26278606057167053,179.77360495502938,0.07839363813400269,1
-0.26052242517471313,179.64675728924456,0.0819927453994751,1
-0.2608310580253601,179.90474529387015,0.08158636093139648,1
-0.260766863822937,179.9027552340006,0.07955622673034668,1
-0.2637781798839569,179.89346332765336,0.07871204614639282,1
-0.26572683453559875,179.88487147229824,0.07562059164047241,1
-0.26508551836013794,179.78753289158635,0.07475101947784424,1
-0.2656315565109253,179.9007854500971,0.07707417011260986,1
-0.26623472571372986,179.9005359818511,0.07342356443405151,1
-0.26374539732933044,179.79558227241566,0.07467669248580933,1
-0.2620850205421448,179.62770311701487,0.07626259326934814,1
-0.26224538683891296,179.54306418007786,0.07991677522659302,1
-0.26252710819244385,179.66672788635643,0.07781982421875,1
-0.26345890760421753,179.61383749770206,0.07550656795501709,1
-0.263650119304657,179.61620038590857,0.0724724531173706,1
-0.2635206878185272,179.709247895531,0.07272917032241821,1
-0.2619916796684265,179.49112195422668,0.07291972637176514,1
-0.26127564907073975,179.53271299726256,0.07285702228546143,1
-0.26149922609329224,179.5513889845631,0.07284820079803467,1
-0.2627864480018616,179.52822171859236,0.07053327560424805,1
-0.26219916343688965,179.54947063377756,0.07296538352966309,1
-0.26186132431030273,179.6778869250667,0.0729367733001709,1
-0.26097559928894043,179.5253729844639,0.07529425621032715,1
-0.2607816159725189,179.54816982929563,0.07556957006454468,1
-0.26014119386672974,179.73678802381679,0.07537984848022461,1
-0.26127150654792786,179.7744577148174,0.07708519697189331,1
-0.26285964250564575,179.7424357463716,0.07391571998596191,1
-0.2628231644630432,179.41267047662487,0.07687437534332275,1
-0.26251235604286194,179.65354349769456,0.07726675271987915,1
-0.26077812910079956,179.6742884692731,0.07617950439453125,1
-0.261706680059433,179.5595635807625,0.08258634805679321,1
-0.26157718896865845,179.62921554701816,0.07906889915466309,1
-0.26120391488075256,179.68833664891756,0.07841557264328003,1
-0.26283910870552063,179.63687335462157,0.07201451063156128,1
-0.26053592562675476,179.45730138515208,0.0750468373298645,1
-0.2604890763759613,179.80352852847858,0.07583087682723999,1
-0.25977465510368347,179.81742980426802,0.07430368661880493,1
-0.25863856077194214,179.58088269470116,0.07630884647369385,1
-0.2601054310798645,179.58493511725123,0.07297849655151367,1
-0.2595391869544983,179.59708238971973,0.07572412490844727,1
-0.258710652589798,179.75133608547748,0.07748204469680786,1
-0.25827541947364807,179.72650577491456,0.07652407884597778,1
-0.25777024030685425,179.4738790467439,0.0759286880493164,1
-0.2565065026283264,179.5417570513363,0.07766115665435791,1
-0.259689062833786,179.43097306004677,0.0729253888130188,1
-0.2583772540092468,179.71381391586007,0.07559680938720703,1
-0.2594161331653595,179.55905250898235,0.07547980546951294,1
-0.2616364061832428,179.53861279915498,0.07628196477890015,1
-0.2625378668308258,179.9045566271467,0.07435077428817749,1
-0.2628136873245239,179.8794530506358,0.07335186004638672,1
-0.25960633158683777,179.78129106800182,0.07700115442276001,1
-0.2602035403251648,179.7471205016269,0.07567214965820312,1
-0.2595129907131195,179.7420443971323,0.07533317804336548,1
-0.2584371566772461,179.67050936912557,0.07739901542663574,1
-0.25586676597595215,179.5630630844229,0.07898163795471191,1
-0.2536706328392029,179.6465173758009,0.08416008949279785,1
-0.25549474358558655,179.6994195866564,0.08435970544815063,1
-0.2567930817604065,179.85276678436387,0.0791773796081543,1
-0.2549048662185669,179.69515226255703,0.081787109375,1
-0.2534566819667816,179.57051830835323,0.08237093687057495,1
-0.2583334445953369,179.64594135838917,0.07705831527709961,1
-0.26063644886016846,179.66417137315239,0.07612502574920654,1
-0.2579328417778015,179.4759419694007,0.07753002643585205,1
-0.2539079189300537,179.6986671172897,0.08324944972991943,1
-0.25477659702301025,179.73983246908705,0.08305227756500244,1
-0.2567712664604187,179.78243166971484,0.08531248569488525,1
-0.2567082345485687,179.87443166880024,0.08274000883102417,1
-0.25680696964263916,179.6362163211173,0.08388030529022217,1
-0.25686001777648926,179.83223825587297,0.08401989936828613,1
-0.25702157616615295,179.76037714469783,0.07996159791946411,1
-0.2576790153980255,179.65332210657854,0.08058220148086548,1
-0.25747862458229065,179.62064152095766,0.08071154356002808,1
-0.25671103596687317,179.8835929763656,0.07861655950546265,1
-0.25710785388946533,179.90776865801686,0.07760310173034668,1
-0.2571980059146881,179.72251093417933,0.07792752981185913,1
-0.25688880681991577,179.73946689355577,0.0796198844909668,1
-0.2599179744720459,179.73720890469,0.07744741439819336,1
-0.258415162563324,179.60957808074744,0.0771719217300415,1
-0.2566566467285156,179.811923287657,0.0742882490158081,1
-0.25946536660194397,179.82927644920633,0.0685989260673523,1
-0.25946924090385437,179.7971832283837,0.06870430707931519,1
-0.26049280166625977,179.7560686413328,0.06447124481201172,1
-0.26093876361846924,179.83320819724923,0.06685495376586914,1
-0.2635883688926697,179.70407013205232,0.06156730651855469,1
-0.26239052414894104,179.68558892818595,0.06308609247207642,1
-0.2599370777606964,179.6965799070442,0.0677836537361145,1
-0.25877490639686584,179.88921372864678,0.06990379095077515,1
-0.258710652589798,179.55411998033293,0.07080549001693726,1
-0.25980818271636963,179.83672775439481,0.07021033763885498,1
-0.25929978489875793,179.89093984612947,0.07075101137161255,1
-0.25815123319625854,179.8341228216168,0.07177591323852539,1
-0.2603170871734619,179.8371058453808,0.07094144821166992,1
-0.2595110833644867,179.60943167400345,0.07238954305648804,1
-0.2571587860584259,179.6612841019216,0.07781916856765747,1
-0.25909391045570374,179.72760677981185,0.07819801568984985,1
-0.25898444652557373,179.5748371450468,0.07890284061431885,1
-0.25974610447883606,179.89983160935972,0.07928770780563354,1
-0.2608456611633301,179.6410043312051,0.07606494426727295,1
-0.2610093057155609,179.56409759531246,0.07987791299819946,1
-0.2640742063522339,179.77465217396772,0.0741201639175415,1
-0.2637273073196411,179.66343781547877,0.07451021671295166,1
-0.2624645531177521,179.61665835265518,0.07617110013961792,1
-0.26322996616363525,179.82121667098716,0.07497382164001465,1
-0.259766161441803,179.74048475394653,0.08177614212036133,1
-0.26086217164993286,179.79372722531514,0.0808556079864502,1
-0.2602059543132782,179.8889257060295,0.08159321546554565,1
-0.2615704834461212,179.65674610769173,0.07808393239974976,1
-0.25994226336479187,179.64328560396092,0.08001071214675903,1
-0.26030275225639343,179.7673338255187,0.07919150590896606,1
-0.26007550954818726,179.62579734317725,0.07744383811950684,1
-0.25965094566345215,179.6972484075545,0.07776594161987305,1
-0.2595230042934418,179.71806498089256,0.07859688997268677,1
-0.2592863142490387,179.66021637885794,0.07901209592819214,1
-0.25881749391555786,179.6393407120829,0.07845926284790039,1
-0.2587072253227234,179.56025388109913,0.07770442962646484,1
-0.2586404085159302,179.26302100399607,0.07610058784484863,1
-0.26043960452079773,179.5040753334513,0.07232743501663208,1
-0.2601734697818756,179.53600106481684,0.07348138093948364,1
-0.26069188117980957,179.6326422024365,0.07404506206512451,1
-0.2588249742984772,179.7267249138006,0.07623618841171265,1
-0.2589510977268219,179.7053985184076,0.07642704248428345,1
-0.26217710971832275,179.696392103072,0.06927740573883057,1
-0.2599705159664154,179.71599832074642,0.07289189100265503,1
-0.2597270905971527,179.70209463425414,0.07344096899032593,1
-0.25888293981552124,179.79110761117082,0.07190978527069092,1
-0.26081711053848267,179.73773098122328,0.06817126274108887,1
-0.26157867908477783,179.83616479133633,0.07350409030914307,1
-0.26174259185791016,179.26394393609544,0.07181334495544434,1
-0.26247820258140564,179.57426210583256,0.07299977540969849,1
-0.26217272877693176,179.58424883809224,0.07329374551773071,1
-0.2633124887943268,179.69829953447015,0.0764191746711731,1
-0.26309654116630554,179.55320946001146,0.07166200876235962,1
-0.26244038343429565,179.6538709692646,0.07099699974060059,1
-0.26262083649635315,179.58086226920923,0.0725972056388855,1
-0.2623560428619385,179.6245405055549,0.07283353805541992,1
-0.26432764530181885,179.24697800790793,0.07324039936065674,1
-0.2643428146839142,179.2926470995977,0.07504040002822876,1
-0.26184535026550293,179.35743426793988,0.07823991775512695,1
-0.26103606820106506,179.6151882184581,0.07954651117324829,1
-0.25872060656547546,179.76340017800752,0.07823258638381958,1
-0.2585161626338959,179.62896429202158,0.08233052492141724,1
-0.25784391164779663,179.6105603211587,0.08234596252441406,1
-0.2562171518802643,179.8563693244071,0.08448928594589233,1
-0.2566152811050415,179.77865531238456,0.08460044860839844,1
-0.25711655616760254,179.73148457346593,0.08523786067962646,1
-0.2568603456020355,179.86786436496268,0.08534914255142212,1
-0.2566158175468445,179.87214683184314,0.08375084400177002,1
-0.25754696130752563,179.8834214202378,0.08448410034179688,1
-0.2603372037410736,179.89761512701975,0.07868200540542603,1
-0.2586415410041809,179.7548707758477,0.08243083953857422,1
-0.2612163722515106,179.63179151831358,0.075955331325531,1
-0.25856706500053406,179.90725223643508,0.07801932096481323,1
-0.2587011456489563,179.87091183111943,0.07683670520782471,1
-0.2596205770969391,179.89627741347687,0.07283347845077515,1
-0.2636333703994751,179.64765623661177,0.07013416290283203,1
-0.22924795746803284,177.7127625184278,0.1007043719291687,1
-0.24728530645370483,177.848948681666,0.07546186447143555,1
-0.24662145972251892,177.90511864798236,0.07813519239425659,1
-0.24657219648361206,177.86231757607993,0.0776968002319336,1
-0.24625101685523987,177.59776957312872,0.07765036821365356,1
-0.2452622354030609,177.4342115722855,0.07963520288467407,1
-0.2494334578514099,177.0459883210287,0.07610714435577393,1
-0.25376442074775696,177.11305036631458,0.0707281231880188,1
-0.2614150941371918,177.03880559644,0.07371741533279419,1
-0.2713969051837921,177.14685472078472,0.07839220762252808,1
-0.27788224816322327,177.17699068202646,0.07969361543655396,1
-0.28412681818008423,177.2016205890445,0.07897734642028809,1
-0.2877698838710785,177.273257996874,0.07861155271530151,1
-0.29548051953315735,177.1448427251806,0.07529681921005249,1
-0.2940954267978668,177.24019307094406,0.07560819387435913,1
-0.28951209783554077,177.24793791333883,0.07174801826477051,1
-0.28560805320739746,177.30654491872215,0.07176375389099121,1
-0.2671302258968353,177.55504814579578,0.07153946161270142,1
-0.26252856850624084,177.89895486280662,0.07112175226211548,1
-0.2595020830631256,178.41005984962848,0.07092958688735962,1
-0.25481125712394714,178.71127688098431,0.07151395082473755,1
-0.2493782639503479,179.4369307068713,0.06705224514007568,1
-0.2411002814769745,179.39484057880372,0.07348376512527466,1
-0.2421051263809204,179.32487812066137,0.07669317722320557,1
-0.23875108361244202,179.30554694112715,0.06740158796310425,1
-0.24490609765052795,179.23997726276028,0.05352252721786499,1
-0.246975839138031,179.53318098727826,0.043659090995788574,1
-0.24677124619483948,179.3812387818107,0.04660516977310181,1
-0.2400396764278412,179.13056283303558,0.04914897680282593,1
-0.2401837408542633,179.10369973658288,0.04802757501602173,1
-0.23659998178482056,178.9407446652582,0.06096088886260986,1
-0.2389470338821411,178.9026961627112,0.06778848171234131,1
-0.2378634512424469,179.0381303361695,0.06682199239730835,1
-0.24318614602088928,179.14630511675037,0.05021435022354126,1
-0.24503040313720703,179.36123322185475,0.04118657112121582,1
-0.24500983953475952,178.97900606600953,0.042745113372802734,1
-0.24054080247879028,178.9143042125161,0.055550456047058105,1
-0.24650421738624573,178.73612478646695,0.053875744342803955,1
-0.24304825067520142,178.90084397932705,0.05057215690612793,1
-0.24231988191604614,179.1740624881338,0.042498111724853516,1
-0.24288398027420044,179.20187879411233,0.04203951358795166,1
-0.23920369148254395,179.1836216993197,0.05120849609375,1
-0.24457526206970215,179.26784765333377,0.05186164379119873,1
-0.24396854639053345,179.31707432083965,0.054143428802490234,1
-0.24311089515686035,179.2463794964083,0.05346393585205078,1
-0.24534067511558533,179.5104690496761,0.05624037981033325,1
-0.24465882778167725,179.29107742425367,0.05453217029571533,1
-0.24534040689468384,179.2093867993977,0.05704236030578613,1
-0.24702155590057373,179.84201603922412,0.05740487575531006,1
-0.24721252918243408,179.74653024818494,0.05693042278289795,1
-0.24890568852424622,179.82773187731192,0.055456340312957764,1
-0.248618483543396,179.86485456139553,0.055663228034973145,1
-0.24809548258781433,179.89658602153784,0.055647194385528564,1
-0.24579423666000366,179.81483049352082,0.052951931953430176,1
-0.24721845984458923,179.6746018076077,0.04790753126144409,1
-0.2459363043308258,179.32046253196665,0.05184406042098999,1
-0.2473536729812622,179.73429085036526,0.05015420913696289,1
-0.24570614099502563,179.1521980729132,0.05315828323364258,1
-0.24392244219779968,179.41610477854712,0.06005436182022095,1
-0.2445600926876068,179.23151702154092,0.0575900673866272,1
-0.2441612184047699,179.1031524604906,0.0572168231010437,1
-0.24760958552360535,179.6904467518546,0.049015700817108154,1
-0.24707534909248352,179.48930875072858,0.04879659414291382,1
-0.24549514055252075,179.41971912653855,0.058745503425598145,1
-0.24599048495292664,179.55876606617997,0.056484997272491455,1
-0.24327394366264343,179.0793003947477,0.046786487102508545,1
-0.24247217178344727,179.42358296597646,0.046677589416503906,1
-0.2429405152797699,178.98630814389975,0.050944387912750244,1
-0.24399027228355408,179.1931072546695,0.04789251089096069,1
-0.24404636025428772,179.20247561236,0.044053733348846436,1
-0.24276253581047058,179.19732045943644,0.04613572359085083,1
-0.2441939115524292,179.3755379022138,0.044068217277526855,1
-0.24463224411010742,179.00430774904206,0.04347407817840576,1
-0.24278277158737183,178.97038712078538,0.04697215557098389,1
-0.24439573287963867,179.38808714997467,0.04587674140930176,1
-0.2452273964881897,179.28369416361292,0.05333149433135986,1
-0.2440531849861145,179.25776392769282,0.05434918403625488,1
-0.24309685826301575,179.1849613340025,0.05274146795272827,1
-0.24380508065223694,179.29365925954093,0.05027252435684204,1
-0.24306586384773254,178.95205288848507,0.05034822225570679,1
-0.2447085976600647,179.21852722132377,0.04772055149078369,1
-0.24291232228279114,179.27469494788684,0.05074828863143921,1
-0.24441158771514893,179.27789078806492,0.05467665195465088,1
-0.24438446760177612,179.07856834977795,0.05407226085662842,1
-0.24145987629890442,178.94724642041692,0.057856738567352295,1
-0.24312227964401245,178.9496490002151,0.05807387828826904,1
-0.2419266402721405,178.86530904889173,0.05901139974594116,1
-0.24121159315109253,179.16224943547095,0.0595090389251709,1
-0.24134019017219543,178.9550958414054,0.05632096529006958,1
-0.23804014921188354,178.66095998799943,0.06296539306640625,1
-0.24072253704071045,179.50317281194302,0.06254839897155762,1
-0.2418026328086853,179.48279522600913,0.07052242755889893,1
-0.24323034286499023,179.49067058464126,0.066825270652771,1
-0.24438941478729248,179.59091650145584,0.06057727336883545,1
-0.23922991752624512,179.45329217735522,0.06792724132537842,1
-0.23992154002189636,179.44258742328404,0.06623083353042603,1
-0.2390742003917694,179.20876346298587,0.06476444005966187,1
-0.24018073081970215,179.02746018523501,0.06327211856842041,1
-0.24075013399124146,179.2571421716648,0.062256813049316406,1
-0.24325710535049438,179.637120858895,0.059139251708984375,1
-0.24810734391212463,179.8915659372468,0.0595281720161438,1
-0.24630412459373474,179.71126819091708,0.05585294961929321,1
-0.24585482478141785,179.61680386982206,0.05576270818710327,1
-0.24741026759147644,179.89244909908663,0.058062613010406494,1
-0.24720051884651184,179.86608440463934,0.06105905771255493,1
-0.24728864431381226,179.8309493542454,0.061118245124816895,1
-0.24780893325805664,179.56491186824874,0.06418883800506592,1
-0.24733111262321472,179.45326632531686,0.06466096639633179,1
-0.2481726109981537,179.4940886087501,0.06413322687149048,1
-0.24705225229263306,179.46062945083082,0.06487154960632324,1
-0.24946457147598267,179.56054603970983,0.06617653369903564,1
-0.249965637922287,179.2617312255059,0.06440740823745728,1
-0.24953368306159973,179.25247881020027,0.06812399625778198,1
-0.24541893601417542,178.82143051334293,0.07658785581588745,1
-0.24465224146842957,178.69922342113668,0.07971423864364624,1
-0.24617213010787964,179.1642411457476,0.08421826362609863,1
-0.24782845377922058,179.28669704804227,0.08005446195602417,1
-0.2488137185573578,179.31149339293341,0.08053416013717651,1
-0.2476324737071991,179.35477824683235,0.07898610830307007,1
-0.24656662344932556,179.07946778306294,0.07884174585342407,1
-0.24728107452392578,179.36445096403105,0.08170783519744873,1
-0.24583128094673157,179.35493946567303,0.08092910051345825,1
-0.24490126967430115,179.40561405993972,0.07995301485061646,1
-0.24478566646575928,179.36296027414136,0.07961297035217285,1
-0.2452700138092041,179.28128054375497,0.07839798927307129,1
-0.24693116545677185,179.24564207196102,0.07908982038497925,1
-0.24878057837486267,179.1921137973581,0.08074945211410522,1
-0.25080832839012146,179.1670399200756,0.08474224805831909,1
-0.25000879168510437,179.16830782209178,0.08490031957626343,1
-0.25031620264053345,179.16483573540228,0.08512890338897705,1
-0.2506275177001953,179.24807533426295,0.0858306884765625,1
-0.25183337926864624,179.26029935331005,0.08963644504547119,1
-0.24782761931419373,179.4147739178706,0.08496516942977905,1
-0.24759367108345032,179.26194852879019,0.08483725786209106,1
-0.24798429012298584,179.1093999807331,0.08593475818634033,1
-0.253004252910614,179.28823912696046,0.06807780265808105,1
-0.25286081433296204,179.09813895150495,0.07099908590316772,1
-0.25199541449546814,179.0941307693833,0.07147353887557983,1
-0.25025197863578796,179.2761740827282,0.07099181413650513,1
-0.2455507516860962,179.32744646024472,0.07973265647888184,1
-0.24276897311210632,179.35084477006944,0.0840030312538147,1
-0.24010756611824036,179.14837032933622,0.08576720952987671,1
-0.23832720518112183,179.45851115804896,0.0851285457611084,1
-0.23604309558868408,179.2148049461283,0.08814561367034912,1
-0.23574227094650269,179.43680446233626,0.08895480632781982,1
-0.23539215326309204,179.44577398036833,0.0890570878982544,1
-0.2355707585811615,179.57514794390312,0.08914452791213989,1
-0.23621001839637756,179.8718716062841,0.0879029631614685,1
-0.23342478275299072,179.6564004739855,0.08621978759765625,1
-0.23995065689086914,179.36573210097595,0.09473991394042969,1
-0.23194822669029236,179.0837007459721,0.08507758378982544,1
-0.23154836893081665,179.1231209240186,0.08587527275085449,1
-0.23226279020309448,179.5424067662039,0.08452355861663818,1
-0.22998034954071045,179.24902921853825,0.08432435989379883,1
-0.22747120261192322,179.35871162024253,0.08031505346298218,1
-0.23105838894844055,179.6381702514588,0.07676023244857788,1
-0.2313947081565857,179.58441214596255,0.07885110378265381,1
-0.23355886340141296,179.7009359273097,0.08321791887283325,1
-0.23102471232414246,178.75968442820343,0.08232122659683228,1
-0.22982442378997803,179.21274137129643,0.08150386810302734,1
-0.23404237627983093,179.5114902958436,0.07121306657791138,1
-0.23238879442214966,179.35272621449616,0.06929993629455566,1
-0.2312929630279541,179.2956099208979,0.07492232322692871,1
-0.23098134994506836,179.14214579481393,0.07522547245025635,1
-0.23016014695167542,179.1201965633124,0.07652133703231812,1
-0.23042792081832886,179.64936713095585,0.07680618762969971,1
-0.23103368282318115,179.739876757114,0.07886624336242676,1
-0.230617493391037,179.75980961253634,0.07826119661331177,1
-0.22894853353500366,179.042590647728,0.08114898204803467,1
-0.23195704817771912,179.10269822988514,0.07758039236068726,1
-0.22979462146759033,178.87707680332323,0.07515060901641846,1
-0.22964805364608765,179.5139468285861,0.07446670532226562,1
-0.22566193342208862,179.15796366661934,0.07731378078460693,1
-0.22571411728858948,179.37531385597595,0.08066970109939575,1
-0.22527766227722168,179.33992365243788,0.08024048805236816,1
-0.22718745470046997,179.3125103315759,0.08406710624694824,1
-0.22905665636062622,179.4961810881347,0.08550822734832764,1
-0.22821149230003357,179.45469760560846,0.08896976709365845,1
-0.2267981469631195,179.56051102241454,0.09368652105331421,1
-0.2256755828857422,179.24546439777782,0.09660089015960693,1
-0.2260741889476776,179.28062212813893,0.10091763734817505,1
-0.22684833407402039,179.2589732828308,0.10011368989944458,1
-0.22931432723999023,179.28076532954722,0.09655117988586426,1
-0.22868141531944275,179.25686335604416,0.09612804651260376,1
-0.22957900166511536,179.29431098092036,0.09598129987716675,1
-0.23112520575523376,179.3355117793217,0.09486621618270874,1
-0.2313729226589203,179.58496281607498,0.09483176469802856,1
-0.2308613359928131,179.57728500113151,0.09844011068344116,1
-0.23125243186950684,179.48928594935808,0.09738314151763916,1
-0.23122546076774597,179.8658658275235,0.09554213285446167,1
-0.23559197783470154,179.8886326684985,0.09264284372329712,1
-0.2384456992149353,179.56597123427466,0.09319007396697998,1
-0.23896130919456482,179.8873990478886,0.09262293577194214,1
-0.23898470401763916,179.80129417559593,0.09238731861114502,1
-0.23801013827323914,179.70944628919167,0.09131723642349243,1
-0.23810088634490967,179.79411277048942,0.09133994579315186,1
-0.23737213015556335,179.90249586884744,0.09763723611831665,1
-0.2382776141166687,179.81935642409314,0.09850037097930908,1
-0.2424965798854828,179.8975528742513,0.09785407781600952,1
-0.24448198080062866,179.89848105558292,0.09118413925170898,1
-0.24390587210655212,179.87649206173933,0.08760732412338257,1
-0.24311313033103943,179.53159292811526,0.09033030271530151,1
-0.2435443103313446,179.62865904128824,0.08946353197097778,1
-0.24321874976158142,179.51359444549567,0.0895046591758728,1
-0.24278399348258972,179.56041611704774,0.09050959348678589,1
-0.24363568425178528,179.41125098285931,0.08912831544876099,1
-0.2424810230731964,179.84751479525,0.08933764696121216,1
-0.2431820034980774,179.7134842539199,0.08827877044677734,1
-0.24289044737815857,179.80949387798736,0.08845251798629761,1
-0.2472657859325409,179.90007884596278,0.0790216326713562,1
-0.24414917826652527,179.49339072736242,0.08115392923355103,1
-0.24257975816726685,179.7450439722849,0.08524012565612793,1
-0.24049755930900574,179.64496984316983,0.08895248174667358,1
-0.24073386192321777,179.86381319076182,0.08935534954071045,1
-0.2388349175453186,179.49791796629856,0.08688247203826904,1
-0.23911210894584656,179.54522425143935,0.08864670991897583,1
-0.2369057834148407,179.7279293899032,0.09626489877700806,1
-0.23723015189170837,179.70937523969013,0.09668296575546265,1
-0.23904958367347717,179.44759229971564,0.09865647554397583,1
-0.24758446216583252,179.82135743077563,0.08213365077972412,1
-0.24705159664154053,179.87767188036472,0.08398282527923584,1
-0.24588292837142944,179.86135846902155,0.0801243782043457,1
-0.24745196104049683,179.88542865026668,0.08006250858306885,1
-0.24715343117713928,179.88166493582784,0.08027380704879761,1
-0.24523362517356873,179.87286442414566,0.08492594957351685,1
-0.2447337806224823,179.4882576383758,0.08565574884414673,1
-0.24577298760414124,179.87261373351683,0.08445698022842407,1
-0.2433105707168579,179.69060145784232,0.08949315547943115,1
-0.24383458495140076,179.68010418762108,0.09023016691207886,1
-0.24439871311187744,179.85821723550222,0.08969604969024658,1
-0.24373283982276917,179.54087177930126,0.09110802412033081,1
-0.24442800879478455,179.62849640478524,0.08966761827468872,1
-0.24542352557182312,179.72654760249833,0.08873039484024048,1
-0.24564996361732483,179.43319892049354,0.08774155378341675,1
-0.24634751677513123,179.8606010082495,0.08641225099563599,1
-0.24480250477790833,179.68902608415758,0.08697861433029175,1
-0.24452108144760132,179.63779083999333,0.08748328685760498,1
-0.24431851506233215,179.66176621912876,0.09112268686294556,1
-0.24556007981300354,179.8952224757679,0.0889701247215271,1
-0.24482211470603943,179.61230209850103,0.08856314420700073,1
-0.24420514702796936,179.4880804933408,0.08920806646347046,1
-0.24415883421897888,179.71792026221647,0.08984845876693726,1
-0.2439567744731903,179.66325026441135,0.09008556604385376,1
-0.24251723289489746,179.3355645231023,0.09313464164733887,1
-0.242847740650177,179.77750233248787,0.09315681457519531,1
-0.24078983068466187,179.6221079149575,0.09137523174285889,1
-0.2411637008190155,179.6859273542393,0.09616905450820923,1
-0.24223202466964722,179.90035000838378,0.09601223468780518,1
-0.24269723892211914,179.82195961856323,0.09581351280212402,1
-0.24495646357536316,179.88048190472887,0.09802395105361938,1
-0.2456386685371399,179.87721303219485,0.09641754627227783,1
-0.24465766549110413,179.68335013234793,0.09757930040359497,1
-0.24510079622268677,179.76621758668009,0.10090756416320801,1
-0.24471095204353333,179.32281484855042,0.0989716649055481,1
-0.24600094556808472,179.76779765052672,0.09559059143066406,1
-0.2453092336654663,179.73482722381289,0.0931253433227539,1
-0.24522289633750916,179.5679173997497,0.09342879056930542,1
-0.24428510665893555,179.29575841155213,0.09343934059143066,1
-0.24377548694610596,179.89147096812684,0.0910181999206543,1
-0.24735939502716064,179.87592743440342,0.07880043983459473,1
-0.2460029423236847,179.74110327251458,0.08810073137283325,1
-0.2447751760482788,179.3368451772322,0.0875711441040039,1
-0.25159570574760437,179.45694417913757,0.07543522119522095,1
-0.25034743547439575,179.16261926848406,0.0766904354095459,1
-0.24907556176185608,179.0522041767126,0.07882696390151978,1
-0.24806886911392212,179.2560119760249,0.07740354537963867,1
-0.2480415403842926,179.38855795878234,0.07750028371810913,1
-0.24685829877853394,179.19468630045915,0.07909703254699707,1
-0.24678358435630798,179.78248503743134,0.07930654287338257,1
-0.2463712990283966,179.77473734983462,0.08032268285751343,1
-0.2479170560836792,179.8995502104804,0.08384239673614502,1
-0.24767199158668518,179.54851168770077,0.08391863107681274,1
-0.2470977008342743,178.95549797882347,0.08409589529037476,1
-0.2474304735660553,179.3182879538924,0.08815592527389526,1
-0.24849560856819153,179.5365115139177,0.08883553743362427,1
-0.24652099609375,179.305022282973,0.09241294860839844,1
-0.24651169776916504,179.214318402564,0.09386551380157471,1
-0.24729979038238525,179.3774952513528,0.0928107500076294,1
-0.24755987524986267,179.86091448570292,0.09055262804031372,1
-0.24621808528900146,179.44085499477575,0.09245836734771729,1
-0.24334785342216492,179.36449323342734,0.0884360671043396,1
-0.24333056807518005,179.37302002673178,0.08809810876846313,1
-0.24446821212768555,179.53432720793958,0.09037411212921143,1
-0.24200838804244995,178.99603425657264,0.08686161041259766,1
-0.24233415722846985,178.93699302638623,0.08693856000900269,1
-0.24300161004066467,179.33578930411676,0.08588773012161255,1
-0.24487441778182983,179.90041832753212,0.08521687984466553,1
-0.24372616410255432,179.71558526816247,0.08701342344284058,1
-0.24175286293029785,179.4213291086671,0.09367108345031738,1
-0.24110975861549377,179.7065445945594,0.09945517778396606,1
-0.24046331644058228,179.65959517339238,0.09959161281585693,1
-0.23974385857582092,179.59305546578835,0.09448808431625366,1
-0.24066761136054993,179.8952932008038,0.09187167882919312,1
-0.2406373918056488,179.71849140238842,0.09614914655685425,1
-0.24092701077461243,179.76785551473068,0.09648162126541138,1
-0.24074631929397583,179.74602748991788,0.09618937969207764,1
-0.24064046144485474,179.7282998176218,0.09644949436187744,1
-0.24105402827262878,179.71401253809142,0.09750157594680786,1
-0.24031633138656616,179.51318757043518,0.09853684902191162,1
-0.2405080795288086,179.5914315935415,0.09945440292358398,1
-0.23962506651878357,179.84934834104112,0.0963476300239563,1
-0.23936739563941956,179.90033697767043,0.09688395261764526,1
-0.2376733124256134,179.80135389312787,0.09521859884262085,1
-0.24345287680625916,179.64226423571657,0.09205347299575806,1
-0.24321553111076355,179.47841002616164,0.0878264307975769,1
-0.24320968985557556,179.5268224806224,0.08775979280471802,1
-0.2413959503173828,179.61129561407964,0.08367156982421875,1
-0.24561935663223267,179.6179655105552,0.0770183801651001,1
-0.24664446711540222,179.4070484167267,0.08348768949508667,1
-0.24869492650032043,179.48607198453445,0.07620257139205933,1
-0.24901598691940308,179.404137856265,0.07585811614990234,1
-0.2500205338001251,179.55461375518064,0.07359451055526733,1
-0.2501581907272339,179.34194317013043,0.07191157341003418,1
-0.25017067790031433,179.244321939522,0.0722394585609436,1
-0.2495674192905426,179.1488815280921,0.07251018285751343,1
-0.24820777773857117,179.733021024709,0.06756669282913208,1
-0.24676355719566345,179.58253834357092,0.06866055727005005,1
-0.24567553400993347,179.68872323829711,0.07026880979537964,1
-0.24404984712600708,179.62939496651344,0.07221388816833496,1
-0.24379846453666687,179.60734719243428,0.07254475355148315,1
-0.2401411533355713,179.20731359178114,0.07723188400268555,1
-0.24674472212791443,179.81683034005493,0.07786041498184204,1
-0.24726730585098267,179.6994312297034,0.07784903049468994,1
-0.24629461765289307,179.5204086735131,0.0818098783493042,1
-0.2426239252090454,179.5923730543663,0.0783238410949707,1
-0.24928510189056396,179.75025819812456,0.06626832485198975,1
-0.24926555156707764,179.29451178997618,0.06819581985473633,1
-0.25200119614601135,179.2598693510533,0.0745895504951477,1
-0.25268757343292236,179.3689965767868,0.07508182525634766,1
-0.25434672832489014,179.68925837270436,0.07441258430480957,1
-0.24865731596946716,179.56490446428674,0.07150465250015259,1
-0.24928104877471924,179.5670346997517,0.07492244243621826,1
-0.25182628631591797,179.89090819562668,0.07166945934295654,1
-0.25325024127960205,179.90937865190688,0.07082629203796387,1
-0.2531284689903259,179.69058633182019,0.06934595108032227,1
-0.2579663097858429,179.40399322427282,0.07355183362960815,1
-0.2565591633319855,179.42384961490964,0.06811255216598511,1
-0.25517967343330383,179.2568641007977,0.06953150033950806,1
-0.2568146586418152,177.123556585512,0.12354302406311035,1
-0.26749053597450256,177.05122853467105,0.09312254190444946,1
-0.2673538029193878,177.19831990714226,0.0930141806602478,1
-0.2666129767894745,177.2070603121061,0.09282630681991577,1
-0.2665001153945923,177.31333376867104,0.09293854236602783,1
-0.2648793160915375,177.5928159401599,0.09057694673538208,1
-0.2646367847919464,177.9658614034843,0.09023195505142212,1
-0.26376423239707947,177.69380858448733,0.09072667360305786,1
-0.2646440863609314,177.71948062160607,0.09112763404846191,1
-0.2662220001220703,177.75125133510087,0.08892345428466797,1
-0.2647664248943329,177.9664107373526,0.08622688055038452,1
-0.262087881565094,177.77626134582383,0.08661842346191406,1
-0.2623482644557953,177.68064660096442,0.08654087781906128,1
-0.26283127069473267,177.8244101769419,0.08642196655273438,1
-0.2618297040462494,177.9062873807302,0.08384615182876587,1
-0.2625653147697449,177.3208663769523,0.08100712299346924,1
-0.2613626718521118,177.0068485081859,0.07811784744262695,1
-0.25850364565849304,176.64166798772484,0.07494741678237915,1
-0.2581211030483246,176.3128217815836,0.07510584592819214,1
-0.25946804881095886,176.08530654490798,0.07247239351272583,1
-0.2616395056247711,175.95570160139056,0.07486540079116821,1
-0.26217809319496155,175.91993747553752,0.07270771265029907,1
-0.2622470259666443,175.8773920024293,0.07286536693572998,1
-0.2623209059238434,175.80551909512135,0.07252198457717896,1
-0.26212021708488464,175.9133888193844,0.07220727205276489,1
-0.26221174001693726,176.1561021387302,0.07187843322753906,1
-0.26280149817466736,176.2388676539305,0.07073265314102173,1
-0.26236867904663086,176.35012636411903,0.06841886043548584,1
-0.25922155380249023,176.83523151805412,0.06149423122406006,1
-0.26231834292411804,177.4949074839605,0.056314289569854736,1
-0.2617684304714203,177.39503547168405,0.056245625019073486,1
-0.2630191743373871,177.60240198588411,0.05694824457168579,1
-0.26224178075790405,177.47115136788668,0.05892014503479004,1
-0.26151031255722046,177.4604736918726,0.06113564968109131,1
-0.2630646228790283,177.14296371017582,0.058342933654785156,1
-0.26268622279167175,176.71108125586494,0.05629664659500122,1
-0.2624037265777588,176.95190606166764,0.05688881874084473,1
-0.26327186822891235,176.91701235906777,0.055941104888916016,1
-0.26291579008102417,176.87331342486593,0.05583298206329346,1
-0.26223042607307434,176.73162006268467,0.054954469203948975,1
-0.2613946199417114,176.65570886754935,0.05369830131530762,1
-0.261502742767334,176.83299603734062,0.059819936752319336,1
-0.26293936371803284,177.34282369393247,0.060742318630218506,1
-0.26155513525009155,177.6307961339611,0.06339156627655029,1
-0.25809088349342346,177.913164901914,0.06759673357009888,1
-0.25826364755630493,177.98997661458986,0.06804203987121582,1
-0.25963321328163147,178.04468091713736,0.07258540391921997,1
-0.2592746317386627,177.82721099773235,0.07212585210800171,1
-0.25692984461784363,177.3055467515258,0.07045882940292358,1
-0.25603461265563965,177.09032341719842,0.06964349746704102,1
-0.25720450282096863,177.2969842731812,0.06773358583450317,1
-0.25664499402046204,177.27497405701962,0.06431514024734497,1
-0.25747352838516235,177.69326708840381,0.0661078691482544,1
-0.2582959234714508,177.61307628318787,0.06817561388015747,1
-0.2593984007835388,177.6123004928034,0.0654914379119873,1
-0.2589859962463379,177.02924872568136,0.06451821327209473,1
-0.2564605176448822,176.67004157048788,0.06142455339431763,1
-0.2568751275539398,177.1109319106254,0.06115502119064331,1
-0.2557837665081024,176.88002056169324,0.06526094675064087,1
-0.2556350529193878,176.8496769520833,0.06644302606582642,1
-0.2562296688556671,176.90240016306174,0.06607097387313843,1
-0.25486570596694946,176.786156281688,0.06091201305389404,1
-0.25495854020118713,176.91589136882524,0.06088930368423462,1
-0.256643146276474,177.27576670313138,0.06264311075210571,1
-0.2552145719528198,177.35771927979326,0.06438934803009033,1
-0.25520601868629456,176.9308180382354,0.063518226146698,1
-0.2550523281097412,176.90588400945785,0.060109615325927734,1
-0.25595131516456604,176.91270517549296,0.05921965837478638,1
-0.25677961111068726,176.8594714366117,0.05826675891876221,1
-0.2572140693664551,177.14124585594166,0.05802559852600098,1
-0.25689423084259033,177.16328037113198,0.05718421936035156,1
-0.25735756754875183,176.9591941407142,0.05760234594345093,1
-0.2566854655742645,176.7571679378224,0.06000906229019165,1
-0.25620806217193604,176.789531700221,0.05822324752807617,1
-0.2592999041080475,176.66701326891388,0.06135505437850952,1
-0.25780853629112244,176.7254765267702,0.06120115518569946,1
-0.25091415643692017,176.9423790225151,0.06938958168029785,1
-0.25240230560302734,176.69945057288336,0.07183253765106201,1
-0.25307944416999817,176.69506867118005,0.07032877206802368,1
-0.2538990080356598,176.72449386071372,0.06946295499801636,1
-0.2525568902492523,176.8021997877582,0.06700032949447632,1
-0.25276172161102295,177.20343521491793,0.06555092334747314,1
-0.25299403071403503,177.7748627529897,0.0707358717918396,1
-0.24998152256011963,178.00257775776515,0.06520318984985352,1
-0.24877271056175232,177.6750401328331,0.06274276971817017,1
-0.25258636474609375,177.14198044868814,0.05589759349822998,1
-0.2529388666152954,176.9118768510753,0.05338394641876221,1
-0.25294429063796997,176.9393887005384,0.05355226993560791,1
-0.2532060444355011,176.94174469984634,0.05338996648788452,1
-0.25303035974502563,176.645755058325,0.052867770195007324,1
-0.25300323963165283,176.8453575789392,0.04981958866119385,1
-0.2524186670780182,177.29683787691368,0.05119830369949341,1
-0.2544982433319092,176.97395802501856,0.0555187463760376,1
-0.25573259592056274,177.00642612360676,0.05355417728424072,1
-0.2562904357910156,176.9197050083811,0.05550837516784668,1
-0.2547990679740906,176.87727073199432,0.055686116218566895,1
-0.25448834896087646,177.00418604172344,0.05058598518371582,1
-0.2556793987751007,176.98332954450464,0.05018717050552368,1
-0.25408807396888733,176.9474063816491,0.04866892099380493,1
-0.25145840644836426,177.1736088838191,0.05412149429321289,1
-0.25183236598968506,177.09774551057177,0.05649244785308838,1
-0.2465691864490509,177.08446343415486,0.04308992624282837,1
-0.24861368536949158,177.10418861718378,0.04190617799758911,1
-0.24619600176811218,176.95500217464482,0.0383419394493103,1
-0.24559536576271057,176.94227792108381,0.034878671169281006,1
-0.2458130121231079,177.1587406611769,0.03675031661987305,1
-0.23126822710037231,178.33224303512623,0.04202282428741455,1
-0.23324927687644958,178.57866956943374,0.0387691855430603,1
-0.2329900860786438,178.5994242365574,0.038661956787109375,1
-0.2342861294746399,178.79084646317355,0.0374448299407959,1
-0.23235204815864563,178.78343335334003,0.03770929574966431,1
-0.2320605218410492,179.280830974166,0.02885335683822632,1
-0.23210176825523376,178.70687597895594,0.0339697003364563,1
-0.23313117027282715,178.52630460826958,0.03309333324432373,1
-0.23192554712295532,178.59395357326443,0.03590381145477295,1
-0.23127010464668274,178.65405383643764,0.03749781847000122,1
-0.231431245803833,178.52344998430482,0.03712725639343262,1
-0.23025399446487427,178.4287030882522,0.037311673164367676,1
-0.23016566038131714,178.6801543246195,0.03840065002441406,1
-0.23145347833633423,178.58601256697756,0.03645122051239014,1
-0.23100832104682922,178.56312917557986,0.035627663135528564,1
-0.23096495866775513,178.65899649535052,0.03562510013580322,1
-0.2314378321170807,178.41733663630959,0.03370696306228638,1
-0.23193815350532532,178.2275170542512,0.03489583730697632,1
-0.23225724697113037,178.78688360545115,0.03504788875579834,1
-0.23233047127723694,178.64784749808408,0.03554636240005493,1
-0.23380807042121887,178.74999691706194,0.03566521406173706,1
-0.23419886827468872,178.67037260694477,0.03679966926574707,1
-0.2340083122253418,178.54134837444735,0.03639411926269531,1
-0.2337859570980072,178.508530342735,0.035659730434417725,1
-0.23282966017723083,179.04548784949074,0.03519803285598755,1
-0.23271512985229492,179.0149847772891,0.03622579574584961,1
-0.23453044891357422,178.56731042330952,0.03674650192260742,1
-0.3081885278224945,175.44315216273873,0.04321897029876709,0
-0.3143846392631531,175.83351351369666,0.03997153043746948,0
-0.3167199492454529,175.78925166961685,0.03978931903839111,0
-0.3170088529586792,175.51369299133617,0.04049402475357056,0
-0.3178699016571045,175.32977184021107,0.04156893491744995,0
-0.3174212574958801,175.32802792935456,0.0421597957611084,0
-0.3170861005783081,175.46157923060832,0.04212719202041626,0
-0.31601864099502563,175.46837895572818,0.04089248180389404,0
-0.3163284957408905,175.450211284518,0.04088151454925537,0
-0.31666141748428345,175.50009736932995,0.03948700428009033,0
-0.31695523858070374,175.4919716098428,0.03982514142990112,0
-0.31825074553489685,175.71514662269738,0.04102593660354614,0
-0.3184506595134735,175.77933183504038,0.039688706398010254,0
-0.3182719945907593,175.81055823657937,0.03953176736831665,0
-0.3184555470943451,175.68340343589284,0.03992217779159546,0
-0.3189772665500641,175.51838201701878,0.039632558822631836,0
-0.31974267959594727,175.5401027088382,0.03826087713241577,0
-0.31925496459007263,175.47219198213426,0.03886443376541138,0
-0.3204440772533417,175.41654114309142,0.03760671615600586,0
-0.32010477781295776,175.89792485865738,0.03755396604537964,0
-0.320705771446228,175.8616393048375,0.03725224733352661,0
-0.3204074501991272,175.65127707473758,0.03814888000488281,0
-0.3199635148048401,175.49071561428218,0.03855335712432861,0
-0.3200035095214844,175.4884065495024,0.03877592086791992,0
-0.3196509778499603,175.4801734638627,0.03872573375701904,0
-0.3193260729312897,175.62856513607144,0.03838610649108887,0
-0.31918278336524963,175.60536150343523,0.03809314966201782,0
-0.31925031542778015,175.5684621869354,0.038526713848114014,0
-0.3190338909626007,175.57204747915003,0.038389623165130615,0
-0.3193172514438629,175.4684483908585,0.038665711879730225,0
-0.31889259815216064,175.54070204266426,0.037660956382751465,0
-0.3192306160926819,175.503590526123,0.03754204511642456,0
-0.31936854124069214,175.44217279448034,0.03781646490097046,0
-0.3198089003562927,175.42212137230325,0.03867340087890625,0
-0.3192712962627411,175.71129363186992,0.03843504190444946,0
-0.31941843032836914,175.6737723927535,0.03839421272277832,0
-0.319230318069458,175.8151697818153,0.03763550519943237,0
-0.3192763328552246,175.83129311397457,0.03760939836502075,0
-0.31902942061424255,175.8375348681487,0.037956953048706055,0
-0.3188774287700653,175.82975419198198,0.03812307119369507,0
-0.31909626722335815,175.59071247358597,0.03842669725418091,0
-0.319629043340683,175.6340004617906,0.03835934400558472,0
-0.3207429051399231,175.38353720793242,0.03957110643386841,0
-0.3201543688774109,175.3984441707451,0.039111196994781494,0
-0.32006147503852844,175.2814944868328,0.039082348346710205,0
-0.31964433193206787,175.29722187466496,0.03892695903778076,0
-0.32013678550720215,175.06032807564281,0.039082229137420654,0
-0.3198367953300476,175.07818045145694,0.03926742076873779,0
-0.32010287046432495,174.93027370907774,0.03915417194366455,0
-0.3201379179954529,174.9304423437123,0.03902345895767212,0
-0.3201204538345337,174.957702178081,0.03880053758621216,0
-0.3201133906841278,174.93605069126866,0.03884410858154297,0
-0.3204685151576996,174.99138958399936,0.03962224721908569,0
-0.3217225670814514,175.23511890587915,0.03881728649139404,0
-0.3216453790664673,175.35867586891356,0.03827941417694092,0
-0.3219604790210724,175.37671861488388,0.03814101219177246,0
-0.3219747245311737,175.39470236076508,0.038374483585357666,0
-0.32077741622924805,175.41089414823404,0.03857630491256714,0
-0.3211500346660614,175.4056987375517,0.038465678691864014,0
-0.32078731060028076,175.5647409733605,0.03760606050491333,0
-0.32084935903549194,175.5848064821175,0.03772825002670288,0
-0.32073912024497986,175.77463599481544,0.037651777267456055,0
-0.32069700956344604,175.75387596273842,0.037787437438964844,0
-0.3208049535751343,175.86574025702527,0.03711742162704468,0
-0.320934534072876,175.5584487983388,0.03750687837600708,0
-0.3223147392272949,175.53667796482256,0.03752654790878296,0
-0.32248061895370483,175.65549585499946,0.036934852600097656,0
-0.31979236006736755,175.6309439679795,0.03700852394104004,0
-0.31992003321647644,175.66997199423426,0.035914480686187744,0
-0.3204633295536041,175.60084057767867,0.03587621450424194,0
-0.3194597661495209,175.579733867477,0.03646504878997803,0
-0.3197439908981323,175.57252483646835,0.036407411098480225,0
-0.3196711838245392,175.5833965677942,0.03664565086364746,0
-0.31982696056365967,175.97339205803468,0.03597503900527954,0
-0.31992387771606445,175.9571058800071,0.03596067428588867,0
-0.3204769194126129,175.9403145648585,0.03525155782699585,0
-0.3204074501991272,175.95141315514738,0.03522443771362305,0
-0.3202265799045563,175.90223798568096,0.034412920475006104,0
-0.3202228248119354,175.90030045710628,0.03462761640548706,0
-0.32162973284721375,175.80840642491583,0.037178099155426025,0
-0.32164081931114197,175.7789581482893,0.037319719791412354,0
-0.32149630784988403,175.77838500147155,0.03769141435623169,0
-0.3220408260822296,175.78389008563255,0.037693798542022705,0
-0.3235662579536438,175.2595324323559,0.04107314348220825,0
-0.32303470373153687,175.26145040151778,0.04155230522155762,0
-0.32301217317581177,175.18740742323703,0.04220223426818848,0
-0.32271242141723633,175.29203202004794,0.04160714149475098,0
-0.32308530807495117,175.29701645627745,0.04141741991043091,0
-0.322221964597702,175.18412202109226,0.03942537307739258,0
-0.3202337920665741,174.89590949260918,0.035577237606048584,0
-0.31840795278549194,174.49783752864312,0.03199511766433716,0
-0.3148517906665802,174.72492933300992,0.025169849395751953,0
-0.3133353590965271,175.0528679402422,0.02147233486175537,0
-0.3055570423603058,176.09338312483692,0.008101582527160645,0
-0.3037506341934204,176.2715799358293,0.004310727119445801,0
-0.30216556787490845,176.31215761762203,0.006383955478668213,0
-0.3016916811466217,175.87866004462984,0.006661891937255859,0
-0.3050944209098816,175.32039617008277,0.013843178749084473,0
-0.3046685457229614,175.18790845560778,0.015788376331329346,0
-0.3038887083530426,175.19486446418944,0.019717514514923096,0
-0.305655837059021,174.98727927453857,0.024754703044891357,0
-0.30912843346595764,175.01506247505165,0.028292417526245117,0
-0.31064122915267944,175.17101964726055,0.030120670795440674,0
-0.31193262338638306,175.35622434808275,0.03160816431045532,0
-0.3131592273712158,175.2232960073353,0.03477644920349121,0
-0.31319040060043335,175.49447687497184,0.03521931171417236,0
-0.31319552659988403,175.42293096765545,0.035881876945495605,0
-0.3132636249065399,175.49898618156817,0.036120474338531494,0
-0.31334176659584045,175.34011465012384,0.036605000495910645,0
-0.31170454621315,175.5388527099478,0.03675872087478638,0
-0.30819466710090637,175.24842303053268,0.0375860333442688,0
-0.3085654675960541,175.2658544032098,0.03760260343551636,0
-0.3075404465198517,175.2351564872668,0.03760528564453125,0
-0.3071695864200592,175.38640657842484,0.03781360387802124,0
-0.3062474727630615,175.48905132912583,0.03702288866043091,0
-0.30652549862861633,175.44990398638865,0.037463247776031494,0
-0.3067629933357239,175.5083880404396,0.037603914737701416,0
-0.30753982067108154,175.41084464113507,0.037092745304107666,0
-0.30738499760627747,175.4348942084959,0.03678131103515625,0
-0.30729949474334717,175.4157017063758,0.036891937255859375,0
-0.30638378858566284,175.3469658376937,0.03684878349304199,0
-0.3064103126525879,175.3831114374698,0.03631383180618286,0
-0.30646634101867676,175.5498846921898,0.0345572829246521,0
-0.3062281012535095,175.71677869870567,0.03440815210342407,0
-0.3061108887195587,175.72112276838675,0.03441739082336426,0
-0.3061228394508362,175.72150950436702,0.03383159637451172,0
-0.30607834458351135,175.72719104590686,0.034004151821136475,0
-0.30588892102241516,175.70820580569003,0.03382307291030884,0
-0.30670636892318726,175.67354273134492,0.035060226917266846,0
-0.30623599886894226,175.68372586007007,0.03483164310455322,0
-0.30619296431541443,175.71348166496745,0.03505021333694458,0
-0.30611053109169006,175.68812758935553,0.03545171022415161,0
-0.3059980273246765,175.65507342564885,0.03557896614074707,0
-0.3063027560710907,175.6450280122711,0.035428404808044434,0
-0.3062193989753723,175.6237802147071,0.03556877374649048,0
-0.30611661076545715,175.65634982347746,0.03565967082977295,0
-0.30669453740119934,175.61654560992739,0.03567242622375488,0
-0.3070860803127289,175.6474817661084,0.0350460410118103,0
-0.30718210339546204,175.62389510635603,0.03524589538574219,0
-0.30795612931251526,175.47868072439078,0.03590953350067139,0
-0.3079356253147125,175.39556843274144,0.03596794605255127,0
-0.3087296783924103,175.6790117517407,0.033972978591918945,0
-0.3086951971054077,175.65643102934638,0.03479897975921631,0
-0.3086899518966675,175.65266026538922,0.03492021560668945,0
-0.3086805045604706,175.626062340514,0.0348929762840271,0
-0.30889517068862915,175.94457407146112,0.03435218334197998,0
-0.3088698089122772,175.96345578978077,0.0345955491065979,0
-0.3092927038669586,175.9491074169971,0.03458744287490845,0
-0.30983373522758484,175.87265475794158,0.03464972972869873,0
-0.3101789355278015,175.82580066657837,0.03470247983932495,0
-0.3106827437877655,175.8434831043366,0.034116923809051514,0
-0.3113093674182892,175.80335061171596,0.03357696533203125,0
-0.3113522529602051,175.78343636927832,0.03377646207809448,0
-0.31190454959869385,175.7849953137623,0.03372359275817871,0
-0.3126990795135498,175.68386543177164,0.03503483533859253,0
-0.31243613362312317,175.67885674487934,0.03420752286911011,0
-0.3127419650554657,175.8238601967153,0.03394991159439087,0
-0.3128301203250885,175.87004069854257,0.03372269868850708,0
-0.3129982054233551,175.93793227944624,0.03384345769882202,0
-0.31298208236694336,175.92113727362891,0.03384041786193848,0
-0.31280890107154846,175.9934425302772,0.0335993766784668,0
-0.31312787532806396,175.9607082840572,0.034281253814697266,0
-0.3114002048969269,176.04925842042292,0.033091723918914795,0
-0.3117227852344513,176.01389012735928,0.033693909645080566,0
-0.311737596988678,176.01596039303578,0.03357499837875366,0
-0.31265074014663696,175.9236159815353,0.03437316417694092,0
-0.3129024803638458,175.85970774339344,0.035395026206970215,0
-0.31249186396598816,175.85888655831812,0.035284996032714844,0
-0.3125545382499695,175.94297726614798,0.03527367115020752,0
-0.3128138780593872,175.9129252130738,0.03530079126358032,0
-0.3129144310951233,175.82926915479732,0.03531467914581299,0
-0.31250736117362976,175.87675651702398,0.034220218658447266,0
-0.3128664493560791,175.84295170575515,0.03453254699707031,0
-0.31266412138938904,175.84712544563456,0.03434354066848755,0
-0.31355467438697815,175.81059743531725,0.03593552112579346,0
-0.31387168169021606,175.7642736540094,0.03696626424789429,0
-0.3141227066516876,175.7721759205899,0.03696715831756592,0
-0.3141927123069763,175.75941709040913,0.03719741106033325,0
-0.31377092003822327,175.77534219166037,0.0371321439743042,0
-0.3131292164325714,175.79509447644816,0.03603684902191162,0
-0.3134480118751526,175.6978679968718,0.03559631109237671,0
-0.31360161304473877,175.78344774937756,0.03531229496002197,0
-0.31361353397369385,175.62182751229693,0.03634238243103027,0
-0.31352558732032776,175.5994707752008,0.0365564227104187,0
-0.3134450912475586,175.61293585578744,0.036698997020721436,0
-0.31349286437034607,175.50682202781707,0.03676122426986694,0
-0.31315502524375916,175.51215249187746,0.03654569387435913,0
-0.31303808093070984,175.52343449010763,0.036782264709472656,0
-0.3133343756198883,175.6120071237999,0.036636292934417725,0
-0.3134770095348358,175.73106625793142,0.03683668375015259,0
-0.3134162724018097,175.78205925409253,0.03688567876815796,0
-0.3135223388671875,175.79210905467673,0.03674203157424927,0
-0.31395792961120605,175.6224836400379,0.03656202554702759,0
-0.313639372587204,175.48989100625374,0.03663516044616699,0
-0.31346678733825684,175.54145402910913,0.036574482917785645,0
-0.3134206533432007,175.52744554116356,0.036783695220947266,0
-0.3132080137729645,175.59209306001142,0.03727835416793823,0
-0.31351107358932495,175.66026295364358,0.03726392984390259,0
-0.31347447633743286,175.8130611249271,0.03714859485626221,0
-0.313702255487442,175.75687484641148,0.038172781467437744,0
-0.31366202235221863,175.78717350240134,0.03809303045272827,0
-0.31360405683517456,175.66218453734106,0.03841829299926758,0
-0.31314998865127563,175.68249274144787,0.037635087966918945,0
-0.31304410099983215,175.74179644034967,0.03686118125915527,0
-0.313527911901474,175.65814752885174,0.03797787427902222,0
-0.3132629096508026,175.87860894411162,0.036557018756866455,0
-0.3136463463306427,175.87832029058652,0.03645676374435425,0
-0.3136732280254364,175.86552829297855,0.03658473491668701,0
-0.3132111132144928,175.8123603783443,0.037047743797302246,0
-0.3134077191352844,175.75545323400584,0.037171781063079834,0
-0.3137234151363373,175.76464997413322,0.036988139152526855,0
-0.3139428198337555,175.7827897933337,0.03698939085006714,0
-0.3143914043903351,175.79399890424025,0.03678637742996216,0
-0.3145495355129242,175.7855594037356,0.03700679540634155,0
-0.31457823514938354,175.84736104083524,0.036934614181518555,0
-0.3145681619644165,175.9474488169409,0.036934077739715576,0
-0.3145490288734436,175.97183092457578,0.0369299054145813,0
-0.314537912607193,175.8763892312134,0.03690981864929199,0
-0.314490407705307,175.7848777033713,0.03700399398803711,0
-0.31451788544654846,175.81099944733754,0.03691500425338745,0
-0.31447461247444153,175.82725743072538,0.03699195384979248,0
-0.3135885000228882,175.77425542246658,0.03636711835861206,0
-0.3131709396839142,175.72794716522995,0.035967469215393066,0
-0.31269457936286926,175.75598139174383,0.035584092140197754,0
-0.31329429149627686,175.66130039874906,0.034984588623046875,0
-0.31176766753196716,175.50771348708068,0.03263282775878906,0
-0.3106459677219391,175.3559850253028,0.029578983783721924,0
-0.3098359704017639,175.20648951084226,0.025738179683685303,0
-0.3099653124809265,175.2107597785744,0.024548113346099854,0
-0.3099519908428192,175.32205026814705,0.02412039041519165,0
-0.3109387457370758,175.63246525594883,0.020712196826934814,0
-0.3124266564846039,175.68420140117624,0.019237041473388672,0
-0.31200218200683594,175.68531437689643,0.016236960887908936,0
-0.31310412287712097,175.61509096974714,0.014021039009094238,0
-0.3184875249862671,175.4937856754737,0.01265031099319458,0
-0.31896883249282837,175.49936936905792,0.011945486068725586,0
-0.32036903500556946,175.33960751374465,0.01347362995147705,0
-0.32123085856437683,175.37659760268645,0.014874517917633057,0
-0.3203244209289551,175.14103110610787,0.015149116516113281,0
-0.3202207386493683,175.06790815145956,0.014859378337860107,0
-0.3198458254337311,175.06007523150362,0.015150904655456543,0
-0.32100188732147217,175.2200673072716,0.016260266304016113,0
-0.3219638466835022,175.32511695262826,0.01735633611679077,0
-0.3230275809764862,175.4223523209108,0.017719149589538574,0
-0.3226137161254883,175.40168903271265,0.01776963472366333,0
-0.3253214657306671,175.1813252577509,0.01799452304840088,0
-0.325309693813324,174.9556846994171,0.017695963382720947,0
-0.3246878683567047,174.78857063058382,0.017007648944854736,0
-0.32456448674201965,174.55237790001107,0.01724904775619507,0
-0.32347095012664795,174.3347594581022,0.017486870288848877,0
-0.32339778542518616,174.15359273974923,0.01763814687728882,0
-0.3203209936618805,174.09526219914505,0.017410993576049805,0
-0.32044103741645813,173.92127453419408,0.01755434274673462,0
-0.32118767499923706,173.882593135698,0.018482089042663574,0
-0.31935709714889526,173.62371871446103,0.018627822399139404,0
-0.31554654240608215,173.6761885778052,0.01774054765701294,0
-0.3158748149871826,173.72972055102966,0.018092036247253418,0
-0.3177639842033386,173.60944915539486,0.018539130687713623,0
-0.31786423921585083,173.69208249123142,0.018347620964050293,0
-0.31885287165641785,173.75827211855707,0.019941329956054688,0
-0.31965845823287964,173.70857321753172,0.019931912422180176,0
-0.3197358250617981,173.6572183151574,0.019798338413238525,0
-0.3190608620643616,173.67431728071557,0.01962125301361084,0
-0.31769365072250366,173.73114965239296,0.019589781761169434,0
-0.3195623755455017,173.64161163368584,0.024222970008850098,0
-0.3203410804271698,173.8748532936516,0.023039162158966064,0
-0.3195788860321045,174.03493665910815,0.02264803647994995,0
-0.3200184106826782,174.0229417886542,0.0224648118019104,0
-0.3215050995349884,174.09555820229016,0.022314786911010742,0
-0.3206532299518585,174.02724396118754,0.022758007049560547,0
-0.31938236951828003,174.0004823236289,0.022910773754119873,0
-0.3189573287963867,173.59205019794263,0.021991431713104248,0
-0.3165891766548157,173.5721632510846,0.022822022438049316,0
-0.31651273369789124,173.48904574555877,0.022930622100830078,0
-0.3158506155014038,173.55108109362797,0.023156702518463135,0
-0.3163495659828186,173.62258430101662,0.023239731788635254,0
-0.31741636991500854,173.85488236605482,0.022132039070129395,0
-0.31616827845573425,173.80066015290402,0.022225916385650635,0
-0.31736457347869873,173.86045560716033,0.022456705570220947,0
-0.3178502023220062,173.85175877014598,0.023091614246368408,0
-0.3175283968448639,173.75164273498146,0.0235787034034729,0
-0.31680577993392944,173.79171052763982,0.02255415916442871,0
-0.3168780207633972,173.75171009528643,0.022998809814453125,0
-0.31648558378219604,173.8040083774252,0.022938311100006104,0
-0.31660059094429016,173.71641979141592,0.022605836391448975,0
-0.31405192613601685,173.75357836708932,0.018974363803863525,0
-0.3154936134815216,173.71045055101402,0.02108389139175415,0
-0.31529298424720764,173.7407901016075,0.02133697271347046,0
-0.31594058871269226,173.89506771141166,0.022275984287261963,0
-0.3182649314403534,173.88655668468155,0.02352803945541382,0
-0.31880512833595276,173.8956174758387,0.02334827184677124,0
-0.3166932761669159,173.81251454122543,0.02153259515762329,0
-0.31710970401763916,173.80101004414848,0.021678268909454346,0
-0.3171220123767853,173.79039577547977,0.0222322940826416,0
-0.3175554573535919,173.7741038408904,0.022964298725128174,0
-0.31730034947395325,173.7093012104646,0.02226036787033081,0
-0.3178437054157257,173.74859940533807,0.022041678428649902,0
-0.317349374294281,173.78784841740494,0.020747482776641846,0
-0.31864631175994873,173.82462258993755,0.021261990070343018,0
-0.3175122141838074,173.8099172924756,0.022610783576965332,0
-0.3173951506614685,173.9062638932647,0.02238023281097412,0
-0.31724223494529724,173.87420719164777,0.022486567497253418,0
-0.31693074107170105,173.78423642633632,0.02317798137664795,0
-0.31657853722572327,173.82579501772767,0.022246241569519043,0
-0.31509822607040405,173.92410558197972,0.022423624992370605,0
-0.3155524730682373,173.9175903668605,0.022806227207183838,0
-0.31977006793022156,173.98177575748184,0.022255003452301025,0
-0.31954607367515564,173.94502470441046,0.022602617740631104,0
-0.3198179602622986,173.9334531409512,0.02181607484817505,0
-0.31903910636901855,173.89490683139257,0.02102452516555786,0
-0.3175349235534668,174.0525621499632,0.020366311073303223,0
-0.319429874420166,174.13106392704918,0.020369410514831543,0
-0.31922584772109985,174.07074600395686,0.020526230335235596,0
-0.31772446632385254,173.9944985372201,0.01808410882949829,0
-0.3182746171951294,173.988512184582,0.018304049968719482,0
-0.3184041976928711,174.05187152508464,0.018211960792541504,0
-0.31760504841804504,173.8917017208645,0.017973244190216064,0
-0.3208843767642975,173.68753380135655,0.019761264324188232,0
-0.3212830126285553,173.56750990105596,0.021160364151000977,0
-0.3219461441040039,173.69755541116746,0.022168397903442383,0
-0.32100674510002136,173.65635915695907,0.02119612693786621,0
-0.3209337294101715,173.70884046521616,0.0210953950881958,0
-0.31943851709365845,173.75572271398136,0.020621001720428467,0
-0.3175649642944336,173.81368254927256,0.02052408456802368,0
-0.31685182452201843,173.909214281641,0.01903754472732544,0
-0.3192082941532135,173.86872828211355,0.021491944789886475,0
-0.3194787800312042,173.8319175752523,0.021928489208221436,0
-0.31963735818862915,173.7529438004049,0.02152305841445923,0
-0.3198147118091583,173.56318708513436,0.023915469646453857,0
-0.3197932541370392,173.59626092276784,0.02347421646118164,0
-0.31925830245018005,173.69354051984595,0.02362668514251709,0
-0.31848379969596863,173.77024014477493,0.022775590419769287,0
-0.317943811416626,173.76802220392,0.022757411003112793,0
-0.31589236855506897,173.72027781196775,0.022566795349121094,0
-0.3158586919307709,173.661068080558,0.02311152219772339,0
-0.3141365051269531,173.62954050432703,0.022625386714935303,0
-0.31459251046180725,173.5876389831218,0.022502124309539795,0
-0.3126085102558136,173.63798140259416,0.02193361520767212,0
-0.31250864267349243,173.61553268463743,0.022516846656799316,0
-0.3136662244796753,173.59477220245734,0.021747291088104248,0
-0.31002169847488403,173.70090178893858,0.021416783332824707,0
-0.31014347076416016,173.95500613655025,0.02092599868774414,0
-0.31123676896095276,173.9327338319578,0.02146846055984497,0
-0.3164187967777252,173.9852140656689,0.021540701389312744,0
-0.31646302342414856,173.96993293422216,0.0212632417678833,0
-0.3169000446796417,173.86774494390886,0.021484017372131348,0
-0.3151320219039917,173.76053596782305,0.019670724868774414,0
-0.31381767988204956,173.80287570899986,0.01979774236679077,0
-0.31452253460884094,173.7684498443862,0.020140111446380615,0
-0.31462129950523376,173.80505575562105,0.020414292812347412,0
-0.31462302803993225,173.7710438687396,0.020402371883392334,0
-0.31568941473960876,173.7048967361892,0.02106797695159912,0
-0.3164668679237366,173.67537892329221,0.021065890789031982,0
-0.3179337680339813,173.62623426843848,0.02061140537261963,0
-0.314970463514328,173.64835521968575,0.020689427852630615,0
-0.3157222270965576,173.5872180587775,0.020940721035003662,0
-0.3152427673339844,173.59430582578338,0.02184659242630005,0
-0.3160039186477661,173.64116856700514,0.02163255214691162,0
-0.31746479868888855,173.81815014598723,0.021126091480255127,0
-0.3170367479324341,173.7151267089865,0.020670413970947266,0
-0.3171156644821167,173.47384206931102,0.021811068058013916,0
-0.31736257672309875,173.48550748540228,0.02144700288772583,0
-0.317686527967453,173.52529119088,0.021889448165893555,0
-0.31771817803382874,173.52117269746856,0.02177804708480835,0
-0.3177184760570526,173.45888715551945,0.02172231674194336,0
-0.3178539574146271,173.52273972765778,0.021436750888824463,0
-0.318493127822876,173.54130436406456,0.021304070949554443,0
-0.3189670145511627,173.48430481661597,0.021639466285705566,0
-0.31820324063301086,173.31902222636234,0.023028135299682617,0
-0.3180166780948639,173.42287639629072,0.02181851863861084,0
-0.3190837502479553,173.49261106615984,0.021696627140045166,0
-0.31994393467903137,173.5108754392482,0.021565139293670654,0
-0.32114824652671814,173.59129262786195,0.02187114953994751,0
-0.3213590979576111,173.71309547794357,0.021350204944610596,0
-0.32076844573020935,173.7390453194286,0.02215057611465454,0
-0.32039380073547363,173.59429498267767,0.02206599712371826,0
-0.3184593617916107,173.54871856111916,0.02300083637237549,0
-0.3189283609390259,173.62957370725417,0.021403253078460693,0
-0.3183678090572357,173.52218951377992,0.02251213788986206,0
-0.3191903233528137,173.48813449526202,0.023177742958068848,0
-0.31825387477874756,173.63696630419687,0.02475905418395996,0
-0.31786099076271057,173.56759286235217,0.024317681789398193,0
-0.318346232175827,173.5601535817056,0.024294614791870117,0
-0.3188035488128662,173.50942368332943,0.023196399211883545,0
-0.31923118233680725,173.44257794784676,0.02459174394607544,0
-0.31886589527130127,173.5419547737289,0.02428758144378662,0
-0.3191929757595062,173.43734156947056,0.024190127849578857,0
-0.31772762537002563,173.22282857745725,0.02565222978591919,0
-0.3177437484264374,173.23698768932374,0.02550286054611206,0
-0.3173285126686096,173.24117048272007,0.024761974811553955,0
-0.31851696968078613,173.39256955596153,0.023957133293151855,0
-0.31732377409935,173.41587578896267,0.02339005470275879,0
-0.3185823857784271,173.3886907573734,0.021717071533203125,0
-0.3171062767505646,173.48367338884,0.023981690406799316,0
-0.3168248236179352,173.37746673209503,0.023176372051239014,0
-0.31577935814857483,173.35376540286074,0.024421274662017822,0
-0.31603243947029114,173.32412594536285,0.024494588375091553,0
-0.31619367003440857,173.3426160196307,0.02462559938430786,0
-0.31648483872413635,173.39739099858784,0.023283541202545166,0
-0.3162291646003723,173.37075307736646,0.023746907711029053,0
-0.31549787521362305,173.44681658594325,0.023183107376098633,0
-0.314973920583725,173.4634859374054,0.024157822132110596,0
-0.31626665592193604,173.38126480906217,0.02622741460800171,0
-0.3163865804672241,173.3153249787354,0.025958716869354248,0
-0.3165804147720337,173.31094183239128,0.025869548320770264,0
-0.3176911771297455,173.3702625173979,0.02658003568649292,0
-0.31633031368255615,173.34765207722253,0.026673197746276855,0
-0.3167441785335541,173.4012416107279,0.02495861053466797,0
-0.3166320025920868,173.40711388028583,0.024824857711791992,0
-0.31682446599006653,173.4198085032782,0.024411559104919434,0
-0.3166801333427429,173.43070901224945,0.02367931604385376,0
-0.31672346591949463,173.4660846940391,0.02297264337539673,0
-0.3173074424266815,173.49343340626018,0.02201181650161743,0
-0.31666678190231323,173.51679594438679,0.022056519985198975,0
-0.3160896301269531,173.4362778595201,0.022224009037017822,0
-0.3178640902042389,173.34107500986997,0.022051513195037842,0
-0.3168199956417084,173.38598548057115,0.023514509201049805,0
-0.3162355124950409,173.35096937789382,0.022942006587982178,0
-0.31667038798332214,173.37080760848062,0.02340114116668701,0
-0.3163178563117981,173.4149485495025,0.022700786590576172,0
-0.3166288733482361,173.43647613038124,0.022373974323272705,0
-0.3168147802352905,173.26555771219984,0.024447083473205566,0
-0.3160785138607025,173.2741424327465,0.02293550968170166,0
-0.3157466650009155,173.28124594233995,0.02225393056869507,0
-0.31646203994750977,173.30834121196588,0.02037149667739868,0
-0.3177202045917511,173.38165951705386,0.02229917049407959,0
-0.3165297210216522,173.49063458747645,0.022778630256652832,0
-0.3165920674800873,173.53056621574095,0.02210843563079834,0
-0.31760767102241516,173.66687767564747,0.022388339042663574,0
-0.31801873445510864,173.6504155877133,0.023086249828338623,0
-0.3178475499153137,173.54841902602286,0.02300363779067993,0
-0.31729307770729065,173.63479812030934,0.022417128086090088,0
-0.316785991191864,173.6090188770696,0.022474050521850586,0
-0.31726929545402527,173.60613157313594,0.021965503692626953,0
-0.3166313171386719,173.8249753928169,0.021519958972930908,0
-0.31655943393707275,173.75140542051986,0.021427273750305176,0
-0.3162190914154053,173.71962575154328,0.021437644958496094,0
-0.31619077920913696,173.68730976548804,0.02141880989074707,0
-0.31630033254623413,173.65038118523475,0.020997464656829834,0
-0.31658318638801575,173.59755787730924,0.020996510982513428,0
-0.317461222410202,173.73912197139796,0.019878804683685303,0
-0.31724271178245544,173.8385921474711,0.021250545978546143,0
-0.31644633412361145,173.94898967838085,0.019895613193511963,0
-0.3165801465511322,173.86243220641313,0.019608020782470703,0
-0.31392863392829895,173.86466892529737,0.02248293161392212,0
-0.31492316722869873,173.83148229663314,0.022650420665740967,0
-0.3148384094238281,173.71740979749248,0.021866440773010254,0
-0.3144776523113251,173.61448294309346,0.02211141586303711,0
-0.3139670193195343,173.39442033709656,0.023179948329925537,0
-0.3126682937145233,173.0109556241168,0.02635371685028076,0
-0.3119613230228424,172.63156942174925,0.0276719331741333,0
-0.3125778138637543,172.7426042132164,0.0276186466217041,0
-0.3131011128425598,172.75650737117644,0.028976917266845703,0
-0.31358739733695984,172.8446368086235,0.03005361557006836,0
-0.3144926428794861,173.24159682532598,0.03124821186065674,0
-0.31437745690345764,173.28267392979006,0.03147536516189575,0
-0.3140854835510254,173.52939827405058,0.03050774335861206,0
-0.3142789900302887,173.57388532301132,0.030837059020996094,0
-0.3139772415161133,173.59350636933212,0.03169441223144531,0
-0.31477487087249756,173.4795290026873,0.033834993839263916,0
-0.3157159388065338,173.57056134617207,0.03357255458831787,0
-0.3159089982509613,173.73435949227957,0.03367173671722412,0
-0.3168148994445801,174.0809196053982,0.033365845680236816,0
-0.317729115486145,174.30741738449203,0.03241467475891113,0
-0.3175022304058075,174.656799552364,0.03242981433868408,0
-0.3184983730316162,174.80361675374894,0.03304874897003174,0
-0.3193197548389435,174.7840703023628,0.034025728702545166,0
-0.32043713331222534,175.00058172286683,0.03401291370391846,0
-0.3199378550052643,175.31141550223572,0.03439563512802124,0
-0.31760841608047485,175.5919291979451,0.030604183673858643,0
-0.31454771757125854,175.81656541321584,0.027608811855316162,0
-0.3123561441898346,175.94115964849425,0.024991989135742188,0
-0.3103112280368805,175.55814413633584,0.027939796447753906,0
-0.3077402114868164,174.99736177376386,0.03008478879928589,0
-0.3087359070777893,174.87997185655698,0.03156626224517822,0
-0.30874961614608765,174.11373682545866,0.03637814521789551,0
-0.30937162041664124,174.5115762218778,0.03737533092498779,0
-0.309566468000412,174.6455442354482,0.0394362211227417,0
-0.3103623390197754,174.72319628412055,0.04036635160446167,0
-0.31136447191238403,174.77907355741064,0.04241943359375,0
-0.3118837773799896,174.96341104585903,0.04344993829727173,0
-0.3126230239868164,175.03155213498266,0.04382920265197754,0
-0.31282931566238403,174.97296090856673,0.04460859298706055,0
-0.3129306435585022,175.01669111466867,0.04498392343521118,0
-0.31304794549942017,175.07602810291937,0.04527777433395386,0
-0.31311360001564026,175.109076004683,0.04517906904220581,0
-0.3130479156970978,174.98087872733623,0.04558968544006348,0
-0.3158024251461029,175.11376495312692,0.04468381404876709,0
-0.31615692377090454,175.29226192069177,0.04421943426132202,0
-0.3165999948978424,174.70308484993456,0.0446510910987854,0
-0.3169749081134796,175.070219939959,0.044223904609680176,0
-0.318443238735199,175.10901411680547,0.0428311824798584,0
-0.31921106576919556,175.31211763334423,0.04194146394729614,0
-0.31818467378616333,175.24629980127622,0.040670812129974365,0
-0.31952160596847534,175.2116323426393,0.04060310125350952,0
-0.32029643654823303,175.45421190777216,0.0401570200920105,0
-0.32083889842033386,175.6576654802523,0.03921788930892944,0
-0.3192543685436249,175.86768870354507,0.03632086515426636,0
-0.31964895129203796,175.81415224508308,0.035693347454071045,0
-0.31941792368888855,175.80512559858602,0.034295618534088135,0
-0.32025814056396484,175.84866209458028,0.033752501010894775,0
-0.3185305893421173,175.79621701254663,0.03269690275192261,0
-0.3185596466064453,175.89498323988332,0.032246947288513184,0
-0.3178218603134155,175.93248306874924,0.032334327697753906,0
-0.31666305661201477,175.84760238880583,0.03300142288208008,0
-0.31667885184288025,175.893548900904,0.032704949378967285,0
-0.3164147138595581,176.01707977591462,0.03232574462890625,0
-0.3164817690849304,176.01843538741218,0.0322301983833313,0
-0.31578752398490906,175.86309928806025,0.033507347106933594,0
-0.315277099609375,175.8550959580889,0.03376859426498413,0
-0.31578463315963745,175.58956021850707,0.0350261926651001,0
-0.31568643450737,175.66393801569782,0.03418987989425659,0
-0.31632575392723083,175.67577735641999,0.03400754928588867,0
-0.3155467212200165,175.6775476340607,0.034359633922576904,0
-0.31532537937164307,175.75401677467192,0.033960700035095215,0
-0.31505975127220154,175.58858684086238,0.03430694341659546,0
-0.3152284026145935,175.56891569720256,0.03468024730682373,0
-0.31444403529167175,175.57227005930739,0.035461604595184326,0
-0.3140382170677185,175.67189841195318,0.03482335805892944,0
-0.314355731010437,175.76989004273503,0.034564435482025146,0
-0.3140406310558319,175.842947308109,0.03422534465789795,0
-0.3141731321811676,175.7908714516948,0.03444206714630127,0
-0.31341689825057983,175.86186140978663,0.03399091958999634,0
-0.3133711814880371,175.8341313676444,0.03401803970336914,0
-0.3133949339389801,175.80865609948194,0.034311890602111816,0
-0.3133096992969513,175.80545180963884,0.03443223237991333,0
-0.3133774697780609,175.7342316988888,0.034793853759765625,0
-0.3128458857536316,175.59597472190998,0.03517943620681763,0
-0.31277042627334595,175.72073557060648,0.034859657287597656,0
-0.31296300888061523,175.6857185849589,0.035009145736694336,0
-0.31284791231155396,175.6760275359893,0.03580993413925171,0
-0.31308797001838684,175.7070024807423,0.035673558712005615,0
-0.3137596547603607,175.64539036792073,0.036423563957214355,0
-0.3134365975856781,175.63977447281047,0.036290526390075684,0
-0.3137247860431671,175.67268984159043,0.03662097454071045,0
-0.31388911604881287,175.6803090275399,0.03709518909454346,0
-0.31357327103614807,175.72685218236106,0.036821842193603516,0
-0.31322309374809265,175.6953881511347,0.03673332929611206,0
-0.31348681449890137,175.7003841822835,0.03673487901687622,0
-0.3138822615146637,175.6650459969025,0.036997854709625244,0
-0.31369489431381226,175.62068720432688,0.03774529695510864,0
-0.3135793209075928,175.62277127228802,0.03797179460525513,0
-0.31383898854255676,175.67339842682324,0.03780508041381836,0
-0.31423240900039673,175.6341092153383,0.038836658000946045,0
-0.3145168125629425,175.61779960605406,0.04028123617172241,0
-0.31404703855514526,175.62786384219177,0.04106402397155762,0
-0.3142208158969879,175.65572794091796,0.04065829515457153,0
-0.31407302618026733,175.61062378457848,0.040710628032684326,0
-0.3139818012714386,175.63528346974877,0.041522324085235596,0
-0.3131971061229706,175.61173653859763,0.04165053367614746,0
-0.31382644176483154,175.50408421243668,0.04188960790634155,0
-0.31350499391555786,175.4925379542535,0.041823506355285645,0
-0.313292533159256,175.2606702050205,0.04249650239944458,0
-0.31346595287323,175.27768597174602,0.04228705167770386,0
-0.3136328160762787,175.27242298935337,0.04226875305175781,0
-0.3132701814174652,175.25352864211692,0.042168378829956055,0
-0.3129124343395233,175.22421305895182,0.042644619941711426,0
-0.312468022108078,175.2380987176744,0.04191863536834717,0
-0.31273236870765686,175.2269484591041,0.04246300458908081,0
-0.3128105700016022,175.23998421886904,0.042678773403167725,0
-0.3128257691860199,175.2911513208966,0.042578935623168945,0
-0.3127945363521576,175.28508613849957,0.04272955656051636,0
-0.31289446353912354,175.30753148344706,0.04277604818344116,0
-0.3132288157939911,175.3452227111568,0.04211467504501343,0
-0.3134520947933197,175.35516997841253,0.0418357253074646,0
-0.3134192228317261,175.3523807023768,0.042433083057403564,0
-0.313509076833725,175.27971239019533,0.04231870174407959,0
-0.31340938806533813,175.42454058544314,0.04131186008453369,0
-0.31340545415878296,175.3194504760158,0.041550517082214355,0
-0.31368622183799744,175.35682252717433,0.04147601127624512,0
-0.3141581118106842,175.47723375577712,0.04002654552459717,0
-0.3141968846321106,175.46157623148008,0.04088401794433594,0
-0.31392985582351685,175.46394403036575,0.04066169261932373,0
-0.31506654620170593,175.46295101705513,0.04038822650909424,0
-0.3140357732772827,175.490771882134,0.04019176959991455,0
-0.31420180201530457,175.52235436579403,0.040077805519104004,0
-0.3141050338745117,175.5176694342867,0.04017162322998047,0
-0.31384190917015076,175.54131859760807,0.040167272090911865,0
-0.3144060969352722,175.60849583137474,0.039051592350006104,0
-0.31455516815185547,175.5778055910136,0.03928327560424805,0
-0.3152490556240082,175.64903011186226,0.039219439029693604,0
-0.31537139415740967,175.63655173518936,0.03962814807891846,0
-0.3149319589138031,175.5622514830332,0.040033042430877686,0
-0.31501588225364685,175.45265890670888,0.04028153419494629,0
-0.31520819664001465,175.44706984492723,0.040283024311065674,0
-0.3156620264053345,175.40026273731652,0.041133344173431396,0
-0.3156600892543793,175.45112598584493,0.04113435745239258,0
-0.3161363899707794,175.468135380535,0.040666043758392334,0
-0.3162630796432495,175.35701474560335,0.040744125843048096,0
-0.31621307134628296,175.44001315141813,0.04064887762069702,0
-0.3163680136203766,175.4611061592112,0.04020583629608154,0
-0.3159385919570923,175.48563702269902,0.03974968194961548,0
-0.31693440675735474,175.48930743225904,0.03977835178375244,0
-0.3171534836292267,175.552417744312,0.03995388746261597,0
-0.3174673616886139,175.5716207209554,0.0393528938293457,0
-0.31741267442703247,175.65501223962934,0.03934687376022339,0
-0.3169582784175873,175.65026479901834,0.03907197713851929,0
-0.31711483001708984,175.6644516461399,0.0390896201133728,0
-0.31670621037483215,175.75925089162732,0.03886699676513672,0
-0.3169447183609009,175.6649229843402,0.03887379169464111,0
-0.31660303473472595,175.70572614696152,0.03863096237182617,0
-0.31628453731536865,175.77646293752522,0.038355469703674316,0
-0.3158703148365021,175.81263143621132,0.037479400634765625,0
-0.31624892354011536,175.80063907352664,0.037562668323516846,0
-0.3160334527492523,175.74252840332176,0.03763967752456665,0
-0.3162117600440979,175.73024453102718,0.03787362575531006,0
-0.3155704438686371,175.76069855456473,0.0383458137512207,0
-0.31592676043510437,175.74650920377215,0.038213133811950684,0
-0.3166213035583496,175.74588294028993,0.037161290645599365,0
-0.3161398470401764,175.8666678749403,0.036506712436676025,0
-0.31700399518013,175.84805212528332,0.035377562046051025,0
-0.31701526045799255,175.8861048387325,0.03538167476654053,0
-0.31697720289230347,175.8560464576534,0.03542596101760864,0
-0.3173470199108124,175.76316499151153,0.03586018085479736,0
-0.3173491060733795,175.79466131362835,0.0358394980430603,0
-0.3172597885131836,175.81410952203893,0.035836637020111084,0
-0.3172186613082886,175.8520494921435,0.03542453050613403,0
-0.3173394799232483,175.8797892418769,0.03534495830535889,0
-0.3172890543937683,175.97870104963093,0.03535562753677368,0
-0.31763917207717896,175.96469993771228,0.03564172983169556,0
-0.31756654381752014,176.0371217551516,0.035822391510009766,0
-0.31748953461647034,176.0320220714625,0.03594553470611572,0
-0.3171923756599426,175.9581925130658,0.036226868629455566,0
-0.3172144293785095,175.96697255248026,0.03626483678817749,0
-0.3171832263469696,175.9356596315162,0.03623014688491821,0
-0.31726449728012085,175.92180380427823,0.036434054374694824,0
-0.31799593567848206,175.8612492770488,0.037354469299316406,0
-0.31729042530059814,175.81941665125828,0.03910142183303833,0
-0.31726205348968506,175.8389465877513,0.03888434171676636,0
-0.3172599673271179,175.74974468255945,0.03904622793197632,0
-0.31794312596321106,175.7165258908114,0.04031646251678467,0
-0.31774845719337463,175.68838971857784,0.04040884971618652,0
-0.31759610772132874,175.73307027262916,0.04035741090774536,0
-0.31758227944374084,175.70283474122488,0.04044157266616821,0
-0.31700244545936584,175.8521315392673,0.03959250450134277,0
-0.3178728222846985,175.79162929475032,0.03995215892791748,0
-0.31763240694999695,176.02359214448919,0.039957642555236816,0
-0.31878533959388733,175.91551720662585,0.04023385047912598,0
-0.3184100091457367,175.9610380715098,0.04024147987365723,0
-0.3182852268218994,175.84610377101575,0.04057735204696655,0
-0.31828072667121887,175.79148221532515,0.04057586193084717,0
-0.3184618055820465,175.80392299383794,0.040513694286346436,0
-0.3187682330608368,175.78367177448015,0.04062408208847046,0
-0.31799328327178955,175.72231461514994,0.041512250900268555,0
-0.31830233335494995,175.65563637030095,0.0424731969833374,0
-0.3176368176937103,175.6742195593398,0.0425264835357666,0
-0.31720611453056335,175.5938809083882,0.04309183359146118,0
-0.31714683771133423,175.6494034318172,0.043544232845306396,0
-0.3176284432411194,175.59829848296815,0.04355734586715698,0
-0.316715806722641,175.6347018643497,0.043523430824279785,0
-0.31683260202407837,175.6391087915831,0.04385411739349365,0
-0.316702276468277,175.71971371108864,0.04362457990646362,0
-0.31675082445144653,175.5010013107184,0.04365718364715576,0
-0.31670939922332764,175.5719037262172,0.0437169075012207,0
-0.31659042835235596,175.57932248814632,0.04362964630126953,0
-0.31678324937820435,175.5890439464514,0.04336577653884888,0
-0.31699907779693604,175.61155057581047,0.043347179889678955,0
-0.31692609190940857,175.59787716086726,0.043297767639160156,0
-0.3169514536857605,175.51014793661608,0.043414175510406494,0
-0.31751564145088196,175.49933267949888,0.043167710304260254,0
-0.3172980546951294,175.67458711190545,0.04309314489364624,0
-0.3180352747440338,175.36449621918484,0.044421374797821045,0
-0.3176908791065216,175.40728112087436,0.04433375597000122,0
-0.3176552653312683,175.55979347067932,0.044340431690216064,0
-0.31766122579574585,175.58167357049263,0.04444998502731323,0
-0.31789928674697876,175.58738223121946,0.04416000843048096,0
-0.31800389289855957,175.49152428182467,0.044345855712890625,0
-0.3179866671562195,175.56961565538978,0.04423016309738159,0
-0.3180963397026062,175.59440377693682,0.04417610168457031,0
-0.3181431293487549,175.56450290242296,0.044036805629730225,0
-0.3176197111606598,175.49282763327668,0.04473745822906494,0
-0.3172253966331482,175.50001705321085,0.04502779245376587,0
-0.316863089799881,175.45257649059508,0.044934093952178955,0
-0.3167434334754944,175.45473389347674,0.044802725315093994,0
-0.31680023670196533,175.63513500524095,0.044138431549072266,0
-0.3173403739929199,175.5756093476168,0.04351544380187988,0
-0.317050576210022,175.55482469070145,0.043475329875946045,0
-0.3171188533306122,175.5510595437455,0.04359865188598633,0
-0.31686636805534363,175.5253306532976,0.04381704330444336,0
-0.3167782425880432,175.5548198627664,0.04381716251373291,0
-0.3164544701576233,175.5796388704746,0.04370927810668945,0
-0.3162461519241333,175.59237085589905,0.04384124279022217,0
-0.3166300058364868,175.50352755797206,0.0438694953918457,0
-0.3164951801300049,175.60186880327862,0.04382580518722534,0
-0.3160579204559326,175.59629944550446,0.04406243562698364,0
-0.3162636458873749,175.59746776115935,0.04401367902755737,0
-0.3168136179447174,175.611725061695,0.04397839307785034,0
-0.3170199990272522,175.59277878991043,0.04378807544708252,0
-0.31696122884750366,175.7423081789547,0.042998671531677246,0
-0.31738951802253723,175.7011797287623,0.04266554117202759,0
-0.31749776005744934,175.62344538765515,0.04262423515319824,0
-0.31714415550231934,175.6481581662825,0.041811227798461914,0
-0.3168596625328064,175.6867491622464,0.042337238788604736,0
-0.317440390586853,175.56954015719907,0.04251283407211304,0
-0.31703421473503113,175.67681213595418,0.041631877422332764,0
-0.31725946068763733,175.65197421006056,0.04192095994949341,0
-0.3171091377735138,175.59137865605135,0.04197126626968384,0
-0.31677109003067017,175.58239923193514,0.04236948490142822,0
-0.3167422413825989,175.58990645625664,0.041353046894073486,0
-0.31676796078681946,175.56900618853277,0.041347503662109375,0
-0.3177432715892792,175.62616305266118,0.04168546199798584,0
-0.317672461271286,175.62668959086523,0.04168343544006348,0
-0.3173275589942932,175.63757310464786,0.04173940420150757,0
-0.31741783022880554,175.630402580295,0.04178351163864136,0
-0.31725195050239563,175.5053565566844,0.042110443115234375,0
-0.31717395782470703,175.52254511412858,0.04211068153381348,0
-0.3171296715736389,175.48694687631846,0.04209691286087036,0
-0.3171388506889343,175.48905238984926,0.04202282428741455,0
-0.3170735836029053,175.50392649099328,0.04206055402755737,0
-0.3174136281013489,175.50120914172322,0.04208284616470337,0
-0.31741857528686523,175.50532804938308,0.04205197095870972,0
-0.3173140585422516,175.4474412350089,0.04213440418243408,0
-0.3174508213996887,175.51150781791435,0.04245436191558838,0
-0.31738436222076416,175.55050621194889,0.04253882169723511,0
-0.3172023594379425,175.6267646384959,0.042695045471191406,0
-0.31712332367897034,175.7487239995052,0.04265016317367554,0
-0.31659218668937683,175.66962503230425,0.04304569959640503,0
-0.3152199387550354,175.70923872385646,0.04302471876144409,0
-0.3143728971481323,175.66461797081504,0.04361546039581299,0
-0.31233230233192444,175.57239586594557,0.04254257678985596,0
-0.31215786933898926,175.4610641706533,0.04237711429595947,0
-0.31151482462882996,175.47049864337922,0.042066335678100586,0
-0.3091374635696411,175.62854467105453,0.04203665256500244,0
-0.30764973163604736,175.2546235983281,0.042344629764556885,0
-0.3073543906211853,175.0212598546342,0.042683959007263184,0
-0.3068819046020508,174.82466142518882,0.04285991191864014,0
-0.30680862069129944,175.14186338818402,0.042818307876586914,0
-0.3066360652446747,175.29368904215704,0.04241269826889038,0
-0.306191623210907,175.5922737353793,0.041568100452423096,0
-0.3052941858768463,175.43365272681848,0.04120892286300659,0
-0.3056398630142212,175.299704156648,0.040525972843170166,0
-0.30399516224861145,175.60610875269597,0.0374983549118042,0
-0.3039960265159607,175.23254317619947,0.035165250301361084,0
-0.3029789626598358,175.01746670024252,0.03031325340270996,0
-0.30557891726493835,175.0908232870158,0.0287550687789917,0
-0.304952472448349,175.07015797688928,0.023311316967010498,0
-0.30581802129745483,175.03001161597328,0.021913528442382812,0
-0.3063744902610779,175.34842933853622,0.020697176456451416,0
-0.31019893288612366,174.91760894362747,0.02367544174194336,0
-0.31226682662963867,174.82993524028893,0.024367868900299072,0
-0.3168432116508484,175.16503451360714,0.02379000186920166,0
-0.3208366632461548,175.15712963749118,0.02462625503540039,0
-0.32072094082832336,175.21209325094583,0.024687647819519043,0
-0.3207118809223175,175.69717600323395,0.022767722606658936,0
-0.3189235329627991,175.48855150574414,0.025652587413787842,0
-0.31898653507232666,175.39498451798306,0.025593578815460205,0
-0.3179185688495636,175.25756644798213,0.025647521018981934,0
-0.3174537718296051,175.70375662442817,0.025967895984649658,0
-0.3171027898788452,175.64083805682068,0.02564680576324463,0
-0.31736767292022705,175.63834653239473,0.02518075704574585,0
-0.3166496455669403,175.5992623075072,0.02459406852722168,0
-0.31629759073257446,175.57954409397223,0.024566650390625,0
-0.316152960062027,175.25649937915318,0.02496957778930664,0
-0.31848257780075073,175.38113544145642,0.02412402629852295,0
-0.3180443346500397,175.16904922127324,0.022943079471588135,0
-0.31992462277412415,175.26267171326194,0.02357107400894165,0
-0.32203829288482666,175.44246314798175,0.02302873134613037,0
-0.3223389983177185,175.3021506253324,0.0237923264503479,0
-0.3226125240325928,175.1404555707653,0.02306276559829712,0
-0.3225851058959961,175.29010416954222,0.02288144826889038,0
-0.32170477509498596,175.30397257413253,0.021360397338867188,0
-0.3242916762828827,175.04910385599302,0.02135002613067627,0
-0.32447415590286255,175.11853398593928,0.021358191967010498,0
-0.32406461238861084,175.07993251459064,0.019381403923034668,0
-0.3233230710029602,175.0643748539718,0.01890653371810913,0
-0.3237154483795166,174.9974872475822,0.01896083354949951,0
-0.32233762741088867,174.9250001291839,0.018129348754882812,0
-0.3244522213935852,174.9184405190551,0.017528057098388672,0
-0.3236543536186218,174.81508749144555,0.01764756441116333,0
-0.32321757078170776,174.80446527233073,0.017355144023895264,0
-0.32319316267967224,174.8642127390632,0.017380475997924805,0
-0.3221220076084137,174.8390744661639,0.016885459423065186,0
-0.3223590850830078,174.79536593198122,0.01693934202194214,0
-0.3204357326030731,174.71332437252764,0.017128705978393555,0
-0.3199779689311981,174.48659894051227,0.01812690496444702,0
-0.3199045658111572,174.64673399401468,0.01793748140335083,0
-0.31958091259002686,174.68545510709234,0.016522645950317383,0
-0.3196190595626831,174.6940104043936,0.016497254371643066,0
-0.31981948018074036,174.7663527670839,0.01563084125518799,0
-0.3200388252735138,174.75469439200958,0.015267908573150635,0
-0.3192513585090637,175.00576819521984,0.014378726482391357,0
-0.3204648792743683,174.97197553978597,0.015243291854858398,0
-0.32066452503204346,175.18382049185536,0.015098333358764648,0
-0.32117632031440735,174.9609675417416,0.016266286373138428,0
-0.32168710231781006,174.76550016125844,0.016680121421813965,0
-0.32225415110588074,175.07308702704725,0.01830923557281494,0
-0.32224535942077637,175.24998600729296,0.017772555351257324,0
-0.32217779755592346,175.2357746806994,0.019010066986083984,0
-0.32289716601371765,174.88895514541298,0.02024132013320923,0
-0.32340100407600403,174.8674848434752,0.02028524875640869,0
-0.3233111798763275,174.84371364211327,0.01965785026550293,0
-0.32365408539772034,174.89166141461382,0.020415067672729492,0
-0.32409489154815674,174.88435949216438,0.020571529865264893,0
-0.32468143105506897,174.76408085613917,0.021053314208984375,0
-0.32429733872413635,174.71641457559707,0.02028411626815796,0
-0.323763370513916,174.71006023775715,0.018595457077026367,0
-0.3261391818523407,174.66840087728687,0.02054649591445923,0
-0.3257887363433838,174.66975655679818,0.020168006420135498,0
-0.3257209360599518,174.6934513332348,0.020235419273376465,0
-0.32670438289642334,174.78625146870777,0.020698964595794678,0
-0.32529008388519287,174.76832090893117,0.02003002166748047,0
-0.32439473271369934,174.73832053911465,0.02046102285385132,0
-0.3248407542705536,174.8758225099256,0.021008014678955078,0
-0.32539576292037964,174.89741469769072,0.021376192569732666,0
-0.32719382643699646,174.93559860783375,0.020297586917877197,0
-0.3255828320980072,174.94471142949692,0.019887804985046387,0
-0.3237408697605133,175.09923383767688,0.01809537410736084,0
-0.3215669095516205,175.2431556732861,0.018274903297424316,0
-0.32175227999687195,175.26807091380005,0.020569801330566406,0
-0.3225577175617218,175.44235763485415,0.020244598388671875,0
-0.32230144739151,175.45613895824465,0.019626915454864502,0
-0.3218463063240051,175.41746177518863,0.01946347951889038,0
-0.32054197788238525,175.48291177697604,0.01807081699371338,0
-0.31917545199394226,175.28178135058963,0.01772010326385498,0
-0.31956014037132263,175.20018979239197,0.018477141857147217,0
-0.3219497799873352,175.47595598119398,0.01795482635498047,0
-0.3246042728424072,175.56607047592817,0.01797264814376831,0
-0.32475996017456055,175.65440750272455,0.017733216285705566,0
-0.3261023759841919,175.6589138731755,0.017383456230163574,0
-0.32738766074180603,175.60300374143137,0.01706463098526001,0
-0.3278011381626129,175.7678873170102,0.015592634677886963,0
-0.32560351490974426,175.6587878768983,0.015681207180023193,0
-0.32509052753448486,175.9309245902135,0.015281260013580322,0
-0.32314932346343994,175.95687230384323,0.014355123043060303,0
-0.32361993193626404,176.11577070793362,0.013598859310150146,0
-0.3235246241092682,176.00232217831817,0.013727247714996338,0
-0.324129194021225,175.60827392693238,0.015397846698760986,0
-0.3231106400489807,175.5249213207871,0.01639467477798462,0
-0.32330164313316345,175.4490657267307,0.016686081886291504,0
-0.3241763412952423,175.31766389620745,0.016752243041992188,0
-0.3246387541294098,175.21174621566695,0.017367124557495117,0
-0.32520389556884766,175.21988717370112,0.01761794090270996,0
-0.32440507411956787,175.25667566949127,0.016105294227600098,0
-0.3239765763282776,175.3971481834337,0.01637786626815796,0
-0.32311496138572693,175.21043659376227,0.015680909156799316,0
-0.32329967617988586,175.20391103488456,0.01570761203765869,0
-0.3252732455730438,175.20850957108695,0.016727209091186523,0
-0.32549533247947693,175.21053186642283,0.016188323497772217,0
-0.32344675064086914,175.13601772915246,0.016213059425354004,0
-0.3226121962070465,175.11876743744935,0.01689237356185913,0
-0.3223734200000763,175.08803706045015,0.016790330410003662,0
-0.32209885120391846,175.0975364054113,0.016714155673980713,0
-0.32184696197509766,175.36144468126705,0.01623988151550293,0
-0.32336628437042236,175.29874368087033,0.01881241798400879,0
-0.3239768147468567,175.3491419537585,0.017659485340118408,0
-0.3244759142398834,175.37056050866394,0.017543673515319824,0
-0.32466599345207214,175.27471207528396,0.017565011978149414,0
-0.3253635764122009,175.34648901138073,0.017085671424865723,0
-0.3259243369102478,175.32077956849736,0.016556084156036377,0
-0.325499564409256,175.32588452104574,0.016491949558258057,0
-0.32483044266700745,175.54966593158733,0.01615375280380249,0
-0.32434457540512085,175.56090967177028,0.016079187393188477,0
-0.32433316111564636,175.57752899397232,0.016083359718322754,0
-0.3248422145843506,175.62322768667323,0.01646733283996582,0
-0.32497820258140564,175.64227617238336,0.016518354415893555,0
-0.32346346974372864,175.50222575519243,0.016475319862365723,0
-0.32358482480049133,175.53471563450893,0.016626358032226562,0
-0.32381007075309753,175.3579858574208,0.016550779342651367,0
-0.32288140058517456,175.33253083794736,0.016288816928863525,0
-0.32243695855140686,175.37470484350968,0.0157129168510437,0
-0.3219699561595917,175.57078017867244,0.015133202075958252,0
-0.3232400417327881,175.55806836272677,0.015120148658752441,0
-0.32201695442199707,175.57053340910196,0.015516459941864014,0
-0.320580393075943,175.58986359728647,0.016628563404083252,0
-0.32060831785202026,175.49638529949502,0.01605045795440674,0
-0.32108354568481445,175.2732828743105,0.016919374465942383,0
-0.3219829201698303,175.24337579121527,0.016943812370300293,0
-0.3228343427181244,175.2400919526382,0.01684468984603882,0
-0.3231953978538513,175.25823885628392,0.016721665859222412,0
-0.3240278363227844,175.28249632400937,0.016800284385681152,0
-0.32393473386764526,175.40462008322106,0.01667618751525879,0
-0.3243195116519928,175.44652495832128,0.01614058017730713,0
-0.32381412386894226,175.46868727794669,0.016323208808898926,0
-0.3239465057849884,175.50239795082635,0.016083359718322754,0
-0.3234519362449646,175.24819904391728,0.016693532466888428,0
-0.3227846324443817,175.26918906392507,0.016846954822540283,0
-0.32201334834098816,175.55694010441096,0.016777992248535156,0
-0.3219310939311981,175.7715996889798,0.016347885131835938,0
-0.32370588183403015,175.81856580937347,0.016316235065460205,0
-0.32296445965766907,175.69450664016426,0.016694486141204834,0
-0.32420623302459717,175.63604361505097,0.016728341579437256,0
-0.3242361843585968,175.52913109775713,0.017150521278381348,0
-0.32396504282951355,175.51524376709273,0.016900479793548584,0
-0.3236926198005676,175.71965795079245,0.015530765056610107,0
-0.3243654668331146,175.6994858111338,0.015590071678161621,0
-0.32503917813301086,175.21456852449867,0.017014682292938232,0
-0.32571762800216675,174.90051062977312,0.01770991086959839,0
-0.3243163526058197,175.21186453975875,0.015931665897369385,0
-0.3245256543159485,175.20382391782073,0.016499102115631104,0
-0.32523152232170105,175.23294016018332,0.01662832498550415,0
-0.3244347870349884,175.30169257985946,0.01672571897506714,0
-0.3245602250099182,175.2778741938952,0.01662963628768921,0
-0.32463905215263367,175.2600390754009,0.017261981964111328,0
-0.3251134157180786,175.67492979151913,0.01801401376724243,0
-0.3243941068649292,175.54105565536304,0.019162893295288086,0
-0.3245539367198944,175.48370430296896,0.02034759521484375,0
-0.32405203580856323,175.57035363738075,0.020519554615020752,0
-0.32585737109184265,175.57766268130675,0.019671261310577393,0
-0.3255515396595001,175.46252099088088,0.019603848457336426,0
-0.32498201727867126,175.4360400733617,0.018581271171569824,0
-0.3221449553966522,175.26077979120186,0.018894076347351074,0
-0.3248090147972107,175.39340767891903,0.019047915935516357,0
-0.3237312436103821,175.4023459283452,0.01931154727935791,0
-0.32410234212875366,175.3340272704463,0.01912921667098999,0
-0.3224024176597595,175.37336740130553,0.018914341926574707,0
-0.3250117897987366,175.5351860994891,0.019017279148101807,0
-0.32512301206588745,175.36943831294627,0.019603967666625977,0
-0.3240158259868622,175.38486679744852,0.018563687801361084,0
-0.3237106502056122,175.4705273899906,0.017957866191864014,0
-0.3238499164581299,175.46706764909558,0.018203794956207275,0
-0.3242247998714447,175.39642253701376,0.018767952919006348,0
-0.3247412443161011,175.52512979344758,0.019439101219177246,0
-0.32461416721343994,175.68515895687364,0.019444525241851807,0
-0.3256166875362396,175.68706427472955,0.018248140811920166,0
-0.32913681864738464,175.75339418346329,0.020170986652374268,0
-0.32775309681892395,175.74893080188428,0.01976597309112549,0
-0.3244370222091675,175.79433862530865,0.019618868827819824,0
-0.3242068886756897,175.83890308341532,0.01972377300262451,0
-0.32232561707496643,175.7439191911818,0.01874905824661255,0
-0.32200637459754944,175.7473231348866,0.01829630136489868,0
-0.3210501968860626,175.62324221500538,0.018457651138305664,0
-0.3211615979671478,175.44000196218178,0.01879984140396118,0
-0.3216046690940857,175.11242372443482,0.019368529319763184,0
-0.32179558277130127,175.05052228753712,0.019502758979797363,0
-0.3220278024673462,175.02123207034646,0.019480645656585693,0
-0.3241429030895233,175.08634214792363,0.01882636547088623,0
-0.323726087808609,175.08180181126227,0.018981754779815674,0
-0.3244148790836334,175.06476861683808,0.01918858289718628,0
-0.3247261941432953,175.11601346251646,0.019175410270690918,0
-0.3244684636592865,175.10845534879687,0.01916801929473877,0
-0.32423582673072815,175.11451454931924,0.019187629222869873,0
-0.32537344098091125,175.13115129809663,0.01970529556274414,0
-0.32560020685195923,175.0930644883422,0.01886880397796631,0
-0.3253732919692993,175.15335640367778,0.018441438674926758,0
-0.32416948676109314,175.21373781190232,0.01922684907913208,0
-0.3237994611263275,175.22723074119324,0.018542587757110596,0
-0.323838472366333,175.2191006583017,0.018743813037872314,0
-0.3217637240886688,175.31042293902843,0.016936898231506348,0
-0.32103684544563293,175.3856290333957,0.016730785369873047,0
-0.3223761320114136,175.4698038743512,0.016750574111938477,0
-0.3226183354854584,175.48712794528214,0.016983449459075928,0
-0.3228003978729248,175.47925800124793,0.016821861267089844,0
-0.32091501355171204,175.36501202379898,0.01673901081085205,0
-0.32096922397613525,175.43843802685757,0.017250359058380127,0
-0.32096707820892334,175.28984717941464,0.017866671085357666,0
-0.3206351697444916,175.2718941106209,0.017532527446746826,0
-0.3206365704536438,175.19477378497862,0.018161773681640625,0
-0.3220891058444977,175.19760480141366,0.017783403396606445,0
-0.3215448558330536,175.20068916095892,0.018185913562774658,0
-0.3218832314014435,175.22921596799006,0.017859160900115967,0
-0.32122382521629333,175.2838166271981,0.01814490556716919,0
-0.32068049907684326,175.30734080928679,0.018477976322174072,0
-0.3202888071537018,175.5741087609014,0.017222881317138672,0
-0.3198270797729492,175.64404134334893,0.01718682050704956,0
-0.31945091485977173,175.63403507052138,0.0172041654586792,0
-0.3192872107028961,175.5961726930979,0.017478346824645996,0
-0.3208208978176117,175.53719104209438,0.019137918949127197,0
-0.3193305432796478,175.52273329028247,0.01945286989212036,0
-0.31894057989120483,175.53317571878827,0.02005249261856079,0
-0.318907767534256,175.35948016932622,0.02031540870666504,0
-0.31883037090301514,175.18935708372055,0.02085024118423462,0
-0.3186018466949463,175.1512109836462,0.020232975482940674,0
-0.31857773661613464,175.09612517887845,0.020462632179260254,0
-0.3209616541862488,175.097401701468,0.020810961723327637,0
-0.32163873314857483,175.36536183871078,0.020101726055145264,0
-0.32002943754196167,175.3907138985659,0.020064055919647217,0
-0.31940290331840515,175.0380724715878,0.020444512367248535,0
-0.32021477818489075,175.1147608451548,0.020530223846435547,0
-0.31966689229011536,175.13288460630613,0.0206107497215271,0
-0.32060524821281433,175.12862163649547,0.02136749029159546,0
-0.32164543867111206,175.70283544749117,0.019563257694244385,0
-0.32160040736198425,175.80289328161996,0.019291818141937256,0
-0.3232448995113373,175.5123507231474,0.018399953842163086,0
-0.3229850232601166,175.17335245318384,0.018299341201782227,0
-0.3239029049873352,175.02857061200368,0.015786170959472656,0
-0.32183748483657837,175.02666639859714,0.015715062618255615,0
-0.32177501916885376,174.98033652888347,0.01547330617904663,0
-0.32137539982795715,174.87697837983254,0.014864683151245117,0
-0.321377694606781,175.03118539415115,0.014687299728393555,0
-0.31871095299720764,175.13990926344792,0.012310683727264404,0
-0.3183438777923584,175.03771633456088,0.01202857494354248,0
-0.3184807002544403,174.85994757806637,0.011472046375274658,0
-0.318166583776474,174.8446903637432,0.011183321475982666,0
-0.3178600072860718,174.55866557318052,0.011125743389129639,0
-0.31783512234687805,174.48183301486634,0.010924220085144043,0
-0.315654456615448,174.12803836975962,0.011610805988311768,0
-0.31749847531318665,174.3295229727129,0.014752507209777832,0
-0.3181900680065155,174.46586431936808,0.014286458492279053,0
-0.31820568442344666,174.18294106071536,0.01555478572845459,0
-0.3217618465423584,174.13765322345256,0.017519116401672363,0
-0.32176119089126587,174.04049124345633,0.01854860782623291,0
-0.32285574078559875,173.88599924814133,0.01997983455657959,0
-0.3242141604423523,173.78090157362985,0.0204198956489563,0
-0.324289470911026,173.627502838961,0.019428491592407227,0
-0.32547807693481445,173.57987949398503,0.01919156312942505,0
-0.327680766582489,173.58014678749154,0.021295368671417236,0
-0.3291224241256714,173.52055462820556,0.023448169231414795,0
-0.32879629731178284,173.8125786771186,0.023306965827941895,0
-0.33171916007995605,174.09946234232277,0.025590896606445312,0
-0.33255741000175476,174.36688592233162,0.026117920875549316,0
-0.3321669101715088,174.31610542424588,0.02556222677230835,0
-0.3330155611038208,174.2782073742024,0.025773286819458008,0
-0.3344400227069855,174.177945469774,0.027436137199401855,0
-0.3319139778614044,174.17928595701844,0.02828294038772583,0
-0.3323359787464142,174.27259613818106,0.02904343605041504,0
-0.3335849642753601,174.1784381348976,0.028952836990356445,0
-0.33341747522354126,174.07885644469334,0.028347551822662354,0
-0.3330093324184418,174.05061651543272,0.02710956335067749,0
-0.3336085081100464,174.0832054390043,0.026241004467010498,0
-0.3335292339324951,174.08482977029996,0.026598453521728516,0
-0.33349400758743286,173.995052920799,0.02664107084274292,0
-0.3334808647632599,174.0124132047008,0.027122199535369873,0
-0.332285612821579,173.96049580009606,0.027211308479309082,0
-0.3318098187446594,174.00581693533326,0.027340948581695557,0
-0.3319311738014221,173.77240253368262,0.02735048532485962,0
-0.3321521282196045,173.8019051400668,0.027502357959747314,0
-0.3321777880191803,173.70930118437326,0.027462780475616455,0
-0.3321940302848816,173.57608665917667,0.028015971183776855,0
-0.3303602933883667,173.4479453888782,0.02781909704208374,0
-0.32868731021881104,173.39501558846402,0.029307067394256592,0
-0.3278713524341583,173.38067333713272,0.03054332733154297,0
-0.32696595788002014,173.48623480930428,0.031507790088653564,0
-0.3262239694595337,173.5240457798445,0.03095024824142456,0
-0.32489249110221863,173.60530217795676,0.03184014558792114,0
-0.3241918683052063,173.50913449293085,0.031987547874450684,0
-0.1979844570159912,177.59585752092207,0.06998729705810547,1
-0.20771321654319763,177.22371829504522,0.06457477807998657,1
-0.2148265242576599,177.1703601968244,0.05639231204986572,1
-0.1745097041130066,176.2350699198128,0.09045958518981934,1
-0.17432886362075806,176.26440132084235,0.08770227432250977,1
-0.1742880940437317,176.33409751968773,0.08679139614105225,1
-0.17192870378494263,176.40701762484878,0.08782851696014404,1
-0.17236462235450745,176.41420385377413,0.0881384015083313,1
-0.1718367636203766,176.609961903776,0.09079724550247192,1
-0.17169079184532166,176.68584626668036,0.0896332859992981,1
-0.1732654571533203,176.64545298378277,0.08963358402252197,1
-0.16973641514778137,176.69802834417047,0.08956629037857056,1
-0.17095813155174255,176.70913377456733,0.08659249544143677,1
-0.16715529561042786,176.79177629255892,0.09336405992507935,1
-0.16852355003356934,176.99281878311916,0.09257137775421143,1
-0.16507455706596375,176.8969669668807,0.09202438592910767,1
-0.165101557970047,176.99983998035844,0.09197765588760376,1
-0.16397041082382202,176.99904378536448,0.09281468391418457,1
-0.1669808328151703,176.91087012074416,0.09438425302505493,1
-0.16780975461006165,176.8757011698233,0.0972258448600769,1
-0.16830328106880188,176.83620925020128,0.09795862436294556,1
-0.16802233457565308,176.86507043813546,0.09509420394897461,1
-0.16794508695602417,176.8364821995841,0.09527504444122314,1
-0.1653834581375122,176.75311028912316,0.10000646114349365,1
-0.1656019687652588,176.7453831908346,0.09967637062072754,1
-0.16544389724731445,176.79356573992453,0.09666168689727783,1
-0.16429510712623596,176.81809616570206,0.09629327058792114,1
-0.16410410404205322,176.67041749496101,0.09791290760040283,1
-0.16591298580169678,176.6906780769158,0.09445333480834961,1
-0.16790297627449036,176.64461911257675,0.09158653020858765,1
-0.16855406761169434,176.67877529478432,0.09187448024749756,1
-0.1666259467601776,176.70669994370206,0.09395426511764526,1
-0.167408287525177,176.89240101490378,0.09239447116851807,1
-0.16600164771080017,176.78310051225736,0.09441417455673218,1
-0.16762977838516235,176.63650347782544,0.09285962581634521,1
-0.16792121529579163,176.74940715163274,0.09308022260665894,1
-0.16644176840782166,176.66841186555178,0.09414654970169067,1
-0.1676241159439087,176.67851789343942,0.09429681301116943,1
-0.16700592637062073,176.64916814605934,0.09437650442123413,1
-0.16639596223831177,176.5596081796639,0.09540486335754395,1
-0.16731992363929749,176.7028434886098,0.09058088064193726,1
-0.16793158650398254,176.60657017752942,0.09176689386367798,1
-0.16847005486488342,176.64472734509098,0.09200519323348999,1
-0.16995900869369507,176.57765953142686,0.09360289573669434,1
-0.16840171813964844,176.68966105264892,0.09029436111450195,1
-0.1689823567867279,176.71885548218353,0.08931857347488403,1
-0.16939526796340942,176.71524037028277,0.08758938312530518,1
-0.16814514994621277,176.65803621812145,0.0901305079460144,1
-0.16974326968193054,176.65570425319234,0.08722776174545288,1
-0.16895520687103271,176.6656773460134,0.09114968776702881,1
-0.17002001404762268,176.7306808308666,0.08757644891738892,1
-0.17046180367469788,176.72201991249338,0.08964306116104126,1
-0.16986298561096191,176.81654454747448,0.08835971355438232,1
-0.16995179653167725,176.82091110838851,0.08841836452484131,1
-0.16898813843727112,176.75259489180144,0.09168833494186401,1
-0.1689479649066925,176.72892780786313,0.08968394994735718,1
-0.16880476474761963,176.70415593850592,0.08938860893249512,1
-0.16869911551475525,176.69586376105576,0.08977431058883667,1
-0.16887640953063965,176.7259735554396,0.08900094032287598,1
-0.1684565544128418,176.63786469464495,0.08953380584716797,1
-0.16710281372070312,176.6566475370981,0.09118795394897461,1
-0.16913250088691711,176.6320821074024,0.08892875909805298,1
-0.1690824329853058,176.62339593407506,0.0899009108543396,1
-0.1691054105758667,176.6385900122793,0.08926069736480713,1
-0.16866600513458252,176.62531909502283,0.08980453014373779,1
-0.16827121376991272,176.61472424340425,0.08981078863143921,1
-0.16832858324050903,176.59885045298287,0.08920180797576904,1
-0.16730862855911255,176.60794670686667,0.08883190155029297,1
-0.1668306589126587,176.58800079030564,0.08983266353607178,1
-0.16953006386756897,176.68340105076172,0.08661729097366333,1
-0.16933280229568481,176.6115830287954,0.08822822570800781,1
-0.17051547765731812,176.61893415909506,0.08871841430664062,1
-0.17083394527435303,176.67739266950724,0.08873283863067627,1
-0.1701100468635559,176.66017543306444,0.08951306343078613,1
-0.16949403285980225,176.65337579377334,0.0901104211807251,1
-0.168809711933136,176.7430248690543,0.0874711275100708,1
-0.16720345616340637,176.7605691101081,0.08658331632614136,1
-0.16713085770606995,176.70678055216464,0.08698612451553345,1
-0.16749903559684753,176.81179621027755,0.08681780099868774,1
-0.16709843277931213,176.68283959231252,0.0879940390586853,1
-0.1678295135498047,176.604727673102,0.08641505241394043,1
-0.16837123036384583,176.53215244886522,0.08806723356246948,1
-0.16960996389389038,176.58184899167597,0.08804142475128174,1
-0.1696661114692688,176.5620913397343,0.08728194236755371,1
-0.1690513789653778,176.5617128903057,0.08677440881729126,1
-0.16913098096847534,176.60204278941913,0.08694946765899658,1
-0.16907057166099548,176.6054254728385,0.08836239576339722,1
-0.16956764459609985,176.54564111069752,0.08782672882080078,1
-0.1702946126461029,176.56157868162052,0.08897429704666138,1
-0.1692773699760437,176.53788548628498,0.09021270275115967,1
-0.1678086519241333,176.51461669038935,0.09312725067138672,1
-0.16838222742080688,176.4172308744912,0.09256112575531006,1
-0.1686018705368042,176.75839308328273,0.09244215488433838,1
-0.16872382164001465,176.4274964189546,0.0947868824005127,1
-0.16915836930274963,176.48948418020115,0.09293264150619507,1
-0.16961389780044556,176.3141127937137,0.09328842163085938,1
-0.1698295772075653,176.35714422726716,0.0902976393699646,1
-0.1700151562690735,176.71043160785564,0.08360564708709717,1
-0.1695702075958252,176.80246277176863,0.08332061767578125,1
-0.16882756352424622,176.73625980938488,0.08373326063156128,1
-0.16890650987625122,176.7083750711488,0.08387196063995361,1
-0.1687765121459961,176.7042137998208,0.08439648151397705,1
-0.16849884390830994,176.68542634487846,0.08458608388900757,1
-0.16799065470695496,176.9422684222226,0.08260148763656616,1
-0.1678577959537506,176.73813074711447,0.08395761251449585,1
-0.16826903820037842,176.85012195118318,0.08300888538360596,1
-0.17214417457580566,176.7563914859843,0.09020054340362549,1
-0.1722671091556549,176.85113693209055,0.08998137712478638,1
-0.17231819033622742,176.5543995946801,0.09001535177230835,1
-0.17257127165794373,176.55165689703298,0.08930069208145142,1
-0.1731356382369995,176.49746528764416,0.0874488353729248,1
-0.17127636075019836,176.7798148176757,0.09042114019393921,1
-0.17241749167442322,176.79048278493264,0.08969992399215698,1
-0.1716604232788086,176.67267998912504,0.0916130542755127,1
-0.17155352234840393,176.82852191820533,0.09076195955276489,1
-0.1708890199661255,176.89113341520613,0.0903085470199585,1
-0.1701957881450653,176.85196409470535,0.09131115674972534,1
-0.17222732305526733,176.77055968293922,0.09112882614135742,1
-0.172779381275177,176.71719630996716,0.09262073040008545,1
-0.17205810546875,176.7715657511538,0.09308385848999023,1
-0.17114868760108948,176.70341546336795,0.09393852949142456,1
-0.1725563108921051,176.64383321656823,0.09184080362319946,1
-0.17346256971359253,176.636414749562,0.09090971946716309,1
-0.1719825565814972,176.73586445269424,0.09249204397201538,1
-0.17321547865867615,176.7212427046978,0.09231621026992798,1
-0.17034751176834106,176.75717225921005,0.09163260459899902,1
-0.1708657145500183,176.8084870767013,0.09165549278259277,1
-0.1696145236492157,176.82396527650315,0.09175950288772583,1
-0.17098236083984375,176.95529377046228,0.0894765853881836,1
-0.1711510419845581,176.986257952318,0.08938026428222656,1
-0.17162811756134033,176.96396490991106,0.0901033878326416,1
-0.17250531911849976,176.81743110701913,0.08840250968933105,1
-0.1716494858264923,176.8323020507197,0.0896342396736145,1
-0.17088934779167175,176.82730948112481,0.08924704790115356,1
-0.1702648103237152,176.68951830838532,0.08992642164230347,1
-0.17123651504516602,176.68884231649633,0.08872604370117188,1
-0.1714291274547577,176.6981432662785,0.08905202150344849,1
-0.17362162470817566,176.67828223729072,0.08460646867752075,1
-0.1726124882698059,176.68290249022277,0.08948647975921631,1
-0.17194828391075134,176.6389048895615,0.09275954961776733,1
-0.17168068885803223,176.57339886021379,0.09376716613769531,1
-0.1712973713874817,176.61536036889444,0.09349632263183594,1
-0.17072755098342896,176.60639788791457,0.09281456470489502,1
-0.16908669471740723,176.61294003347223,0.09393310546875,1
-0.17151987552642822,176.65190993180428,0.08950960636138916,1
-0.1730702817440033,176.73431727091594,0.08872038125991821,1
-0.1748654842376709,176.66784585077798,0.08569276332855225,1
-0.17211464047431946,176.6697894524732,0.09005111455917358,1
-0.17303502559661865,176.7307711013981,0.08871638774871826,1
-0.17280229926109314,176.74229629981988,0.09073466062545776,1
-0.1741161346435547,176.70856069715236,0.08707010746002197,1
-0.17401057481765747,176.81062906743048,0.08587801456451416,1
-0.1725056767463684,176.73052959756708,0.08872377872467041,1
-0.17157751321792603,176.7657154781074,0.09066426753997803,1
-0.17182350158691406,176.7689343323349,0.08959805965423584,1
-0.1715337634086609,176.74653985617502,0.08956289291381836,1
-0.17223909497261047,176.68415572263046,0.0883830189704895,1
-0.1707550585269928,176.67649780193975,0.08942395448684692,1
-0.17116829752922058,176.7070531930108,0.08837383985519409,1
-0.17082715034484863,176.59489766426094,0.08881521224975586,1
-0.1724376380443573,176.5887970925162,0.08594030141830444,1
-0.17238348722457886,176.45688661793028,0.09103214740753174,1
-0.1739872694015503,176.36044114693954,0.09077620506286621,1
-0.1711006760597229,176.8596960741999,0.09289097785949707,1
-0.1719421148300171,176.91753788547217,0.08775651454925537,1
-0.1703915297985077,176.8969304927815,0.09191375970840454,1
-0.1708948016166687,176.8782019832234,0.09283161163330078,1
-0.17096403241157532,176.86820434453003,0.09292584657669067,1
-0.17098283767700195,176.81486304530745,0.09258341789245605,1
-0.1697925329208374,176.65771623041744,0.09725630283355713,1
-0.17202100157737732,176.57241369030302,0.09350568056106567,1
-0.17244398593902588,176.5027567447993,0.09731388092041016,1
-0.17118707299232483,176.5158138542132,0.0958060622215271,1
-0.17134615778923035,176.51842876957798,0.09477120637893677,1
-0.17094716429710388,176.5360514905835,0.0956377387046814,1
-0.170704185962677,176.28414557679815,0.09597325325012207,1
-0.17081719636917114,176.28556491480032,0.09568977355957031,1
-0.17070242762565613,176.3088539559828,0.094754159450531,1
-0.16966503858566284,176.37405418093724,0.09559905529022217,1
-0.1717824637889862,176.3151524656169,0.09271174669265747,1
-0.17174887657165527,176.39866920522965,0.09450948238372803,1
-0.17412355542182922,176.5487103063033,0.09121280908584595,1
-0.1759781539440155,176.55321087882763,0.08764618635177612,1
-0.17349401116371155,176.47311978830956,0.0890008807182312,1
-0.17385318875312805,176.36505634108215,0.08682221174240112,1
-0.1731095314025879,176.3255654456701,0.08658111095428467,1
-0.1718708872795105,176.2888345215935,0.09103250503540039,1
-0.1721276044845581,176.2006813361826,0.0914313793182373,1
-0.17048388719558716,176.3141056442784,0.09258627891540527,1
-0.1693648099899292,176.26869924051417,0.09420359134674072,1
-0.17037633061408997,176.26277151629597,0.09277230501174927,1
-0.1700059175491333,176.28847591197814,0.09385800361633301,1
-0.17188426852226257,176.20657074082536,0.09263032674789429,1
-0.17061522603034973,176.26187407469013,0.09349220991134644,1
-0.16976073384284973,176.25445760779886,0.09438687562942505,1
-0.17235440015792847,176.45581005303788,0.0899273157119751,1
-0.17169511318206787,176.43101009658236,0.09010648727416992,1
-0.170993834733963,176.41009788568965,0.09038323163986206,1
-0.17156243324279785,176.44427551673712,0.08985245227813721,1
-0.17347374558448792,176.540956573136,0.0936470627784729,1
-0.17331522703170776,176.52357092506517,0.09424793720245361,1
-0.17373159527778625,176.57197576606882,0.09422582387924194,1
-0.17329907417297363,176.52167036323107,0.09279322624206543,1
-0.17230945825576782,176.4261575253106,0.09409725666046143,1
-0.17467883229255676,176.5477561496117,0.08416050672531128,1
-0.17684289813041687,176.5571542626152,0.09581953287124634,1
-0.17705824971199036,176.52712384357147,0.09321266412734985,1
-0.17631542682647705,176.57382549715393,0.09260940551757812,1
-0.17540240287780762,176.65794364138532,0.09109187126159668,1
-0.17658016085624695,176.58030410134535,0.0886576771736145,1
-0.17571985721588135,176.61646515053198,0.0890951156616211,1
-0.17780965566635132,176.65541253904593,0.08528196811676025,1
-0.17751723527908325,176.61007067326364,0.08628666400909424,1
-0.17710047960281372,176.64642779469554,0.0858381986618042,1
-0.17658120393753052,176.61293382734846,0.08873021602630615,1
-0.17664846777915955,176.61237897074443,0.08961552381515503,1
-0.17539504170417786,176.51613249083152,0.09351307153701782,1
-0.1755993366241455,176.53198501498264,0.09279847145080566,1
-0.17603427171707153,176.5719622469156,0.09001457691192627,1
-0.1750003695487976,176.58257859707393,0.09140503406524658,1
-0.17595118284225464,176.71939922604065,0.08956098556518555,1
-0.1751328408718109,176.77628593400092,0.09049135446548462,1
-0.17454436421394348,176.9141922657944,0.09084397554397583,1
-0.17431029677391052,176.86972688410745,0.09010094404220581,1
-0.1716797947883606,176.75312385649977,0.09418165683746338,1
-0.17357298731803894,176.68196928474737,0.09042936563491821,1
-0.1736060380935669,176.60689909996438,0.08776521682739258,1
-0.1750209629535675,176.29913045310474,0.08939379453659058,1
-0.178480863571167,176.29403551000698,0.08201134204864502,1
-0.17877519130706787,176.51295674298234,0.08017992973327637,1
-0.17784249782562256,176.63311308709893,0.08090364933013916,1
-0.17870086431503296,176.66400617330734,0.08198976516723633,1
-0.17820018529891968,176.75410807139212,0.08223390579223633,1
-0.17777636647224426,176.6767525063013,0.08024710416793823,1
-0.17654931545257568,176.61904571134596,0.08106756210327148,1
-0.17711827158927917,176.60636528822948,0.08079558610916138,1
-0.17781108617782593,176.65949887977757,0.08179283142089844,1
-0.17669358849525452,176.77550812202338,0.08533567190170288,1
-0.17857810854911804,176.7810333613238,0.08007293939590454,1
-0.18179011344909668,176.8573051468638,0.07987082004547119,1
-0.1807461380958557,176.89426180638796,0.07620775699615479,1
-0.18073362112045288,176.88073570005506,0.07651138305664062,1
-0.18020102381706238,176.9343111325816,0.07782727479934692,1
-0.1821277141571045,176.85943827347518,0.08169829845428467,1
-0.18161723017692566,176.9225483004421,0.08187657594680786,1
-0.18382567167282104,177.04349418365908,0.08051526546478271,1
-0.18395745754241943,177.1136529785827,0.0803060531616211,1
-0.1840507686138153,177.12568822666609,0.08035308122634888,1
-0.1832505166530609,177.18990240512662,0.08011549711227417,1
-0.18135923147201538,177.15827961190428,0.08167827129364014,1
-0.18167772889137268,177.51389536094024,0.08102041482925415,1
-0.1820005476474762,177.44597009428148,0.08306187391281128,1
-0.18259373307228088,177.26563617037874,0.08196240663528442,1
-0.183686763048172,177.2727025560593,0.07988244295120239,1
-0.18365418910980225,177.27528100837952,0.07690036296844482,1
-0.1842922866344452,177.39565419343967,0.07639127969741821,1
-0.18540653586387634,177.36573920165478,0.07695275545120239,1
-0.18564969301223755,177.37070958786833,0.07661938667297363,1
-0.18606945872306824,177.27766422590224,0.07654958963394165,1
-0.1849406659603119,177.39479683938114,0.07531946897506714,1
-0.18529561161994934,177.36018545037567,0.07425159215927124,1
-0.18458101153373718,177.19185235158292,0.07502049207687378,1
-0.18429920077323914,177.19724115513995,0.07469576597213745,1
-0.18456164002418518,177.3091013668268,0.07356804609298706,1
-0.1839585304260254,177.3152369787639,0.07273387908935547,1
-0.18578794598579407,177.16974187909452,0.07136398553848267,1
-0.1841355860233307,177.04206793635598,0.07289475202560425,1
-0.18418994545936584,176.7231740490481,0.07301729917526245,1
-0.1846635639667511,176.56286853881855,0.0744507908821106,1
-0.18499913811683655,176.56092784423745,0.07504230737686157,1
-0.18464332818984985,176.64362324315312,0.0750420093536377,1
-0.18788066506385803,176.72796342947578,0.06991356611251831,1
-0.1947409212589264,176.85659740002316,0.06349462270736694,1
-0.19455033540725708,176.97200446862374,0.06113028526306152,1
-0.19667068123817444,176.89269006920043,0.062414467334747314,1
-0.1962735652923584,176.7623211159745,0.06377732753753662,1
-0.19789835810661316,176.61338505479853,0.067440927028656,1
-0.19867774844169617,176.62563517429322,0.06731456518173218,1
-0.19935181736946106,176.63303381096503,0.06653338670730591,1
-0.20033246278762817,176.69586123357846,0.06545472145080566,1
-0.20677000284194946,176.73566704650312,0.06232500076293945,1
-0.20666679739952087,176.68918939625706,0.06232517957687378,1
-0.21094143390655518,176.58674217788354,0.06239736080169678,1
-0.21120473742485046,176.63987366920483,0.06178039312362671,1
-0.2130398154258728,176.65189342150538,0.061801910400390625,1
-0.21383115649223328,176.82785800964967,0.060615479946136475,1
-0.2142760157585144,176.9381323014992,0.06116652488708496,1
-0.21291783452033997,176.95808869412602,0.06079369783401489,1
-0.21493661403656006,176.7173084540426,0.06536686420440674,1
-0.21401453018188477,176.32978855822196,0.06492972373962402,1
-0.2136278748512268,176.2099540105355,0.06623303890228271,1
-0.21120432019233704,176.2654293434267,0.0640750527381897,1
-0.21152979135513306,176.37228632919167,0.06336712837219238,1
-0.21291589736938477,176.46179549302818,0.06302952766418457,1
-0.21395450830459595,176.14696581860363,0.06448805332183838,1
-0.21293532848358154,175.99915579668902,0.06481480598449707,1
-0.2165510654449463,175.85667016543624,0.06706225872039795,1
-0.21486982703208923,175.94216426876616,0.06581145524978638,1
-0.21574628353118896,175.99899959140163,0.06636834144592285,1
-0.21310016512870789,175.956518607197,0.06530612707138062,1
-0.21345728635787964,175.76632491479364,0.06763088703155518,1
-0.21249869465827942,175.74755683649133,0.06695681810379028,1
-0.2125115692615509,175.75978582874006,0.0674239993095398,1
-0.21367409825325012,175.68653328282738,0.07001346349716187,1
-0.21403461694717407,175.73086544655283,0.06971216201782227,1
-0.21356520056724548,175.6804336502159,0.069277822971344,1
-0.21376851201057434,175.63075890490512,0.07056361436843872,1
-0.214258074760437,175.79723452848668,0.07032132148742676,1
-0.2139778733253479,175.8771305011226,0.07103562355041504,1
-0.21387481689453125,175.89331645996467,0.07110083103179932,1
-0.2133072316646576,175.923917831912,0.07142764329910278,1
-0.21558579802513123,175.80842533426406,0.07311195135116577,1
-0.2128603458404541,175.78346975274223,0.0726323127746582,1
-0.21564355492591858,175.79260090470487,0.0726274847984314,1
-0.21449199318885803,175.9638539810757,0.07396048307418823,1
-0.2149186134338379,176.03203561305645,0.0740962028503418,1
-0.21354150772094727,176.05217984450863,0.07513570785522461,1
-0.2112971842288971,176.1034139216389,0.07747071981430054,1
-0.20476630330085754,176.20125425785807,0.07808071374893188,1
-0.2046400010585785,176.2186211994072,0.07833486795425415,1
-0.20366761088371277,176.1107006481643,0.07994431257247925,1
-0.20280039310455322,176.25374407262132,0.07925736904144287,1
-0.19951331615447998,176.20688168327564,0.07696449756622314,1
-0.1971609890460968,176.15779919992912,0.07952672243118286,1
-0.19546663761138916,176.15603276296085,0.08037126064300537,1
-0.1949881911277771,176.11239825993783,0.08221650123596191,1
-0.18913188576698303,176.09880069270415,0.08588558435440063,1
-0.18636170029640198,176.19634352274042,0.08993333578109741,1
-0.1865091621875763,176.42202243365276,0.09009057283401489,1
-0.18683049082756042,176.35042185883376,0.08967214822769165,1
-0.18695232272148132,176.34255488232986,0.08979684114456177,1
-0.18475192785263062,176.33175424573062,0.09408831596374512,1
-0.1831742227077484,176.1937165440469,0.09718555212020874,1
-0.1851446032524109,176.11946118543318,0.09771692752838135,1
-0.1829414665699005,176.11706088965124,0.10150545835494995,1
-0.1816335916519165,176.0419006443213,0.10397005081176758,1
-0.18238887190818787,176.05475075562236,0.10306817293167114,1
-0.1819036602973938,176.13105855915006,0.10362553596496582,1
-0.18126529455184937,176.2928715327548,0.10600972175598145,1
-0.1793852150440216,176.22128890263016,0.11200684309005737,1
-0.17699474096298218,176.1881106469821,0.11747276782989502,1
-0.17657709121704102,176.21648886718629,0.11474335193634033,1
-0.17585107684135437,175.94920260166475,0.11262387037277222,1
-0.1759420931339264,175.9548710659142,0.11019116640090942,1
-0.17918938398361206,176.0087487490111,0.1100924015045166,1
-0.1797029674053192,176.10778726062182,0.10812503099441528,1
-0.1805744171142578,176.32734066196534,0.105826735496521,1
-0.1850399672985077,176.23275139115984,0.09628182649612427,1
-0.18567156791687012,176.4594135143312,0.09455597400665283,1
-0.18742290139198303,176.65703496970636,0.09273630380630493,1
-0.1884290874004364,176.79526609013067,0.09412842988967896,1
-0.18787354230880737,177.1194506287147,0.09451472759246826,1
-0.18824654817581177,177.16955367497457,0.0939629077911377,1
-0.1902390718460083,177.2616726906182,0.09249532222747803,1
-0.19375896453857422,177.53463299882773,0.09380185604095459,1
-0.1967756152153015,177.71695240518827,0.09760916233062744,1
-0.20058149099349976,178.03022016929077,0.10223615169525146,1
-0.20152440667152405,178.75639751356113,0.10539740324020386,1
-0.20374780893325806,178.83152745857646,0.10742318630218506,1
-0.2046183943748474,178.99546288959777,0.10672342777252197,1
-0.20382463932037354,179.34479706497163,0.1105649471282959,1
-0.20332857966423035,179.5874229580452,0.1014665961265564,1
-0.20170652866363525,179.57862653029753,0.09617924690246582,1
-0.20313414931297302,179.85695741207232,0.09413141012191772,1
-0.20138511061668396,179.83972430135177,0.09424453973770142,1
-0.2032168209552765,179.48694883764534,0.09378844499588013,1
-0.20455187559127808,179.49710421743615,0.09401488304138184,1
-0.20939457416534424,179.52189830218333,0.08838367462158203,1
-0.21477434039115906,179.58493270126561,0.08812528848648071,1
-0.2163613736629486,179.6418083901678,0.0873526930809021,1
-0.20987418293952942,179.40212167671052,0.10097295045852661,1
-0.21821171045303345,179.4402950444647,0.08269369602203369,1
-0.21114778518676758,179.76959911015283,0.09390950202941895,1
-0.2085876166820526,179.55764470540177,0.08872514963150024,1
-0.2059190273284912,179.69011768950503,0.09215497970581055,1
-0.20824256539344788,179.80774462806167,0.09919756650924683,1
-0.20783022046089172,179.6856415984,0.10343974828720093,1
-0.2051205039024353,179.12028149524545,0.10352611541748047,1
-0.20388194918632507,179.77555560010995,0.1053507924079895,1
-0.20653873682022095,179.49851838413423,0.09704649448394775,1
-0.20129424333572388,179.3650441869922,0.08587682247161865,1
-0.199204683303833,178.85683305938167,0.08519768714904785,1
-0.20400899648666382,179.343762608823,0.07463347911834717,1
-0.19727742671966553,178.74185138840843,0.06900429725646973,1
-0.1970793902873993,178.77860954920348,0.0696609616279602,1
-0.19609659910202026,178.5276040786178,0.06949508190155029,1
-0.19356390833854675,178.99738430994856,0.06949454545974731,1
-0.19469329714775085,178.74643713034905,0.07547825574874878,1
-0.1943901777267456,178.71618908409434,0.0831291675567627,1
-0.19350501894950867,179.2640365757895,0.08214837312698364,1
-0.19195204973220825,178.50717564091062,0.08385121822357178,1
-0.1980954110622406,178.87437589200118,0.08522683382034302,1
-0.19687825441360474,178.67819980416556,0.08574581146240234,1
-0.19889259338378906,178.77501409238133,0.08006012439727783,1
-0.19231972098350525,178.69701435843422,0.07816261053085327,1
-0.1916842758655548,178.72920031942067,0.07833462953567505,1
-0.1870662271976471,178.12642042444338,0.0824630856513977,1
-0.18585026264190674,178.45651006076068,0.08375012874603271,1
-0.18695873022079468,177.7354712302897,0.08080160617828369,1
-0.1856408715248108,177.91754128452368,0.08276677131652832,1
-0.18725183606147766,178.17768946840667,0.08305054903030396,1
-0.18481743335723877,177.37620976301497,0.07876086235046387,1
-0.183964341878891,177.16483093186915,0.07935076951980591,1
-0.18263459205627441,177.3610852092604,0.08019983768463135,1
-0.1818721890449524,176.9483294979565,0.07868707180023193,1
-0.17636609077453613,176.24669391482368,0.0789710283279419,1
-0.1700979769229889,176.04811450397366,0.08190888166427612,1
-0.17874902486801147,176.77673612055125,0.06977593898773193,1
-0.17574945092201233,177.81296407620002,0.06980043649673462,1
-0.17490559816360474,177.22541807859122,0.0709770917892456,1
-0.1762298047542572,177.5716192620237,0.06102663278579712,1
-0.17747873067855835,177.7070599410144,0.0585169792175293,1
-0.17605486512184143,177.6325004364447,0.056849658489227295,1
-0.1742756962776184,177.93621330406634,0.056647419929504395,1
-0.17371511459350586,177.8889879974641,0.05689799785614014,1
-0.1789531409740448,177.66469210288608,0.048631250858306885,1
-0.1784413754940033,177.68311807598278,0.04843229055404663,1
-0.17673930525779724,177.65081932254222,0.0490608811378479,1
-0.1698419749736786,177.02157897503176,0.0627942681312561,1
-0.17833545804023743,177.48153763113632,0.04964524507522583,1
-0.1807365119457245,177.53867095976796,0.04601365327835083,1
-0.1787860095500946,177.91696480877258,0.044119417667388916,1
-0.1781177818775177,177.88432095314025,0.045869648456573486,1
-0.17575663328170776,177.8697820545581,0.04735207557678223,1
-0.17604586482048035,177.71765258437082,0.043696582317352295,1
-0.17290258407592773,176.44122409487122,0.051520347595214844,1
-0.17181137204170227,176.42050604220802,0.05231195688247681,1
-0.1635531485080719,176.15006292263567,0.06888645887374878,1
-0.16454842686653137,176.30400486549763,0.0679817795753479,1
-0.1658487319946289,176.3724981717287,0.07087016105651855,1
-0.1656278669834137,176.61821245026687,0.07138103246688843,1
-0.1691383719444275,176.64589483466443,0.07081437110900879,1
-0.17089134454727173,176.67850613957896,0.0679706335067749,1
-0.16854262351989746,176.74409006433027,0.07285189628601074,1
-0.171391099691391,177.2063898137769,0.07326728105545044,1
-0.17252618074417114,177.2049467946836,0.07098531723022461,1
-0.17151030898094177,176.58470623936435,0.07173234224319458,1
-0.17149776220321655,176.45161391772004,0.06989836692810059,1
-0.1712852120399475,176.97558174455844,0.06614625453948975,1
-0.17195305228233337,177.1684757595967,0.06168597936630249,1
-0.1710444986820221,177.17592084995658,0.059015095233917236,1
-0.16419190168380737,176.56378045013497,0.06809484958648682,1
-0.16534513235092163,177.06004802660058,0.06632518768310547,1
-0.1658477485179901,176.91204325291918,0.06170171499252319,1
-0.16513177752494812,176.95414910223258,0.06317812204360962,1
-0.1643599569797516,176.9976699738848,0.06339174509048462,1
-0.17161217331886292,177.25471168568566,0.054004132747650146,1
-0.17287138104438782,177.27793358895354,0.05388551950454712,1
-0.17241638898849487,177.45317153707413,0.05333125591278076,1
-0.1720375418663025,177.7120384286879,0.05327248573303223,1
-0.16966289281845093,177.1130076436394,0.05208992958068848,1
-0.17135319113731384,177.74895604301437,0.056137025356292725,1
-0.17247295379638672,177.89447890742088,0.05879175662994385,1
-0.17141380906105042,177.41005214042193,0.061564862728118896,1
-0.17143172025680542,177.2612731588143,0.06111741065979004,1
-0.16823706030845642,176.64677933372792,0.0672188401222229,1
-0.17377808690071106,176.7898744406,0.054414451122283936,1
-0.17294612526893616,177.23289309828326,0.05513733625411987,1
-0.1730162501335144,177.32823340332055,0.05158686637878418,1
-0.1769525110721588,178.1530925747427,0.04371076822280884,1
-0.1767290234565735,177.6701097869977,0.0363156795501709,1
-0.17464375495910645,177.47674255674113,0.03333163261413574,1
-0.16242337226867676,176.8991208935392,0.0593339204788208,1
-0.17080166935920715,177.91674196725825,0.04801052808761597,1
-0.17241054773330688,177.94840086129446,0.04891657829284668,1
-0.17215991020202637,177.9184142414633,0.04818427562713623,1
-0.17652377486228943,177.96578763674225,0.03974515199661255,1
-0.17213213443756104,177.62992771571953,0.04227471351623535,1
-0.17271354794502258,178.00493404604822,0.04319030046463013,1
-0.17287999391555786,177.9955530737668,0.045275211334228516,1
-0.17337998747825623,177.57355853143463,0.033235251903533936,1
-0.1699731945991516,177.6399941583042,0.03265202045440674,1
-0.16998592019081116,177.9552519172584,0.03263777494430542,1
-0.1785125732421875,177.57198003321446,0.026941537857055664,1
-0.17488208413124084,177.55474996143747,0.035881102085113525,1
-0.175786554813385,177.46394548822167,0.035152435302734375,1
-0.1749231219291687,177.8312222614297,0.036954522132873535,1
-0.17543387413024902,177.90931496478356,0.03613412380218506,1
-0.17479676008224487,177.37075934476857,0.034731507301330566,1
-0.1705993413925171,177.35157919553143,0.03793752193450928,1
-0.1675480604171753,177.2525262848384,0.04648029804229736,1
-0.16779005527496338,177.1699728218579,0.046456217765808105,1
-0.1661926805973053,176.88485560352774,0.04855889081954956,1
-0.1694154143333435,176.2536257880219,0.06360077857971191,1
-0.16841939091682434,176.16979034274462,0.05716913938522339,1
-0.16453123092651367,175.90240924023684,0.05792880058288574,1
-0.1656290888786316,176.58972619179434,0.05586862564086914,1
-0.1648278534412384,176.43514011295636,0.056077539920806885,1
-0.1716446578502655,175.97573774947134,0.061009109020233154,1
-0.17069599032402039,175.48275125118957,0.05075734853744507,1
-0.16492301225662231,174.65952984190523,0.059836745262145996,1
-0.15721431374549866,174.2671942958584,0.0724753737449646,1
-0.1624516248703003,175.15936567750705,0.061707377433776855,1
-0.16563132405281067,175.6120171354535,0.06614166498184204,1
-0.16298526525497437,175.90588469609003,0.061774373054504395,1
-0.16248884797096252,176.2261429299459,0.06140846014022827,1
-0.1663377583026886,176.6658604341906,0.0539286732673645,1
-0.1671592891216278,176.94031948355098,0.0470922589302063,1
-0.16730457544326782,177.20431358116687,0.04835629463195801,1
-0.16450703144073486,176.6802719521332,0.0448225736618042,1
-0.1641508936882019,175.9421543438046,0.05246245861053467,1
-0.1652088463306427,175.36720251068442,0.05459970235824585,1
-0.163495272397995,174.71245329954817,0.05777841806411743,1
-0.1658293902873993,174.2917042413972,0.05605870485305786,1
-0.17319869995117188,174.19994571594538,0.08697915077209473,1
-0.1732664704322815,174.26161493595828,0.08274221420288086,1
-0.16957038640975952,173.06349651300434,0.08382034301757812,1
-0.17492249608039856,172.54969256996455,0.1202661395072937,1
-0.17237356305122375,172.59069509758422,0.12691551446914673,1
-0.17154088616371155,172.94325582757384,0.12670177221298218,1
-0.17567837238311768,173.50988063839992,0.13202250003814697,1
-0.17548099160194397,173.53008341426042,0.13034015893936157,1
-0.17660540342330933,173.47484774798684,0.15430474281311035,1
-0.17589735984802246,173.19981929942855,0.1528564691543579,1
-0.17059385776519775,172.71066269936156,0.16561353206634521,1
-0.1735963225364685,172.67007320312774,0.16537773609161377,1
-0.17491182684898376,172.6728049717969,0.16401726007461548,1
-0.17410069704055786,172.6913812840499,0.16484999656677246,1
-0.16556257009506226,172.80769075711945,0.14216840267181396,1
-0.17003723978996277,172.66961798781,0.1458011269569397,1
-0.17823180556297302,172.75747156514038,0.16348081827163696,1
-0.17566078901290894,172.8023699517102,0.15912985801696777,1
-0.17683202028274536,173.8439073173064,0.15329241752624512,1
-0.1805739402770996,173.83419289300886,0.1595773696899414,1
-0.17957642674446106,173.59048619027485,0.1625996232032776,1
-0.18183615803718567,173.71044349851337,0.1596357226371765,1
-0.18257874250411987,173.16503663638153,0.15768694877624512,1
-0.19092708826065063,173.34511569095514,0.12908947467803955,1
-0.19158494472503662,173.39233301185524,0.131048321723938,1
-0.19213584065437317,173.23737193391284,0.13508230447769165,1
-0.1916579008102417,173.36387932868425,0.13368284702301025,1
-0.19381436705589294,173.76544697004536,0.13536125421524048,1
-0.1922086477279663,174.20954271359656,0.09393680095672607,1
-0.19688057899475098,176.11123097135476,0.07190442085266113,1
-0.19315025210380554,176.64597299627445,0.06467264890670776,1
-0.19013711810112,176.74072966246734,0.05742901563644409,1
-0.18873417377471924,177.38745353538778,0.058931708335876465,1
-0.19009515643119812,175.62146645889266,0.06138509511947632,1
-0.1967567503452301,175.13548544869008,0.058575570583343506,1
-0.20271241664886475,175.84656725962478,0.05790293216705322,1
-0.20715993642807007,176.47091369228116,0.050179362297058105,1
-0.20823219418525696,176.12118170100453,0.04622012376785278,1
-0.21192020177841187,178.36712268712841,0.03825271129608154,1
-0.21661943197250366,178.91414365710082,0.02888655662536621,1
-0.21730196475982666,178.91944937534598,0.029266953468322754,1
-0.21677562594413757,179.0537551252206,0.030286848545074463,1
-0.2180684208869934,178.78971796034608,0.03029942512512207,1
-0.2190399467945099,178.8221095360894,0.02729421854019165,1
-0.21703600883483887,178.00457415093666,0.029326438903808594,1
-0.21756166219711304,179.25954398837962,0.0269775390625,1
-0.21700647473335266,179.42320740921053,0.026426970958709717,1
-0.22006678581237793,178.27598626693677,0.02952587604522705,1
-0.22501754760742188,178.71373133022206,0.027460455894470215,1
-0.2277950644493103,178.76247828386823,0.025066852569580078,1
-0.22307732701301575,178.31995687330902,0.035740673542022705,1
-0.2262539267539978,178.1851051078321,0.02761971950531006,1
-0.22785085439682007,178.75203884680502,0.02648770809173584,1
-0.22416651248931885,178.76129879457795,0.0326077938079834,1
-0.22139671444892883,178.4171187959055,0.03793686628341675,1
-0.22505399584770203,179.00232728798358,0.037083566188812256,1
-0.22729361057281494,178.98693128416406,0.029033184051513672,1
-0.22768014669418335,179.4924522020239,0.028995990753173828,1
-0.2280370593070984,179.5043684756818,0.030269265174865723,1
-0.2285151183605194,179.44858714596597,0.030886948108673096,1
-0.22869667410850525,179.32587891670923,0.031210124492645264,1
-0.23076653480529785,179.36958712831284,0.031212806701660156,1
-0.23594143986701965,179.26309601558623,0.033146679401397705,1
-0.22939345240592957,178.8412065801452,0.052623093128204346,1
-0.23678117990493774,178.31756737400627,0.0455244779586792,1
-0.24233895540237427,179.70518075202693,0.04468870162963867,1
-0.24739643931388855,179.85064478558945,0.04969412088394165,1
-0.24721422791481018,179.69641082252633,0.05944925546646118,1
-0.2467014491558075,179.22572684016356,0.07381969690322876,1
-0.24926123023033142,178.7662435744314,0.07096940279006958,1
-0.26085364818573,178.72447390897932,0.06704449653625488,1
-0.2662150263786316,178.7947688489112,0.07193148136138916,1
-0.2755187451839447,179.36492999631116,0.06306356191635132,1
-0.28011763095855713,179.4138932966978,0.06202435493469238,1
-0.2964458763599396,179.83817750465133,0.06331151723861694,1
-0.2969783544540405,179.8639278403868,0.06579697132110596,1
-0.293984591960907,179.82382880890566,0.07570695877075195,1
-0.3060142695903778,179.87954949228325,0.07484453916549683,1
-0.30765923857688904,179.8628159602608,0.07515913248062134,1
-0.3075486123561859,179.83479074237368,0.0770372748374939,1
-0.30858945846557617,179.74702668141796,0.07878553867340088,1
-0.31196826696395874,179.56095106994388,0.0800931453704834,1
-0.31626173853874207,179.8217715953276,0.07522445917129517,1
-0.3160475492477417,179.7708035349236,0.07614386081695557,1
-0.3147716522216797,179.4871680128653,0.07693934440612793,1
-0.3144817352294922,179.32536996183632,0.07173871994018555,1
-0.3129118084907532,179.07667014266838,0.07232248783111572,1
-0.3120618760585785,179.162832332721,0.0684242844581604,1
-0.312247097492218,179.29135981087416,0.06617820262908936,1
-0.3053669333457947,179.14132719336467,0.06889939308166504,1
-0.30244189500808716,179.02949682356478,0.06462156772613525,1
-0.296041876077652,178.93208689756202,0.06464070081710815,1
-0.2954787015914917,178.71495745772506,0.06439292430877686,1
-0.29720810055732727,178.835193029869,0.06211346387863159,1
-0.29694077372550964,178.68713491707175,0.0618630051612854,1
-0.2931363880634308,178.95117372629286,0.060229361057281494,1
-0.2876100540161133,178.98823197251338,0.060416579246520996,1
-0.28750190138816833,178.78588744070726,0.05943781137466431,1
-0.28776824474334717,179.00642949329497,0.0548781156539917,1
-0.28643518686294556,178.83670000863358,0.05121660232543945,1
-0.28781038522720337,178.69703262761067,0.04857373237609863,1
-0.2848505675792694,178.6341252694931,0.04854947328567505,1
-0.29011157155036926,178.68159590444742,0.047882020473480225,1
-0.28706443309783936,178.92759893154064,0.047342777252197266,1
-0.2882860004901886,178.72756629852717,0.046978652477264404,1
-0.2873368561267853,178.3904651947027,0.04619675874710083,1
-0.2836513817310333,178.17638480889627,0.045298755168914795,1
-0.27562811970710754,178.2327692366408,0.04191404581069946,1
-0.2601291835308075,177.58859498362182,0.04283195734024048,1
-0.2400703728199005,177.50879861701327,0.04572480916976929,1
-0.22961324453353882,177.18089457049095,0.04277312755584717,1
-0.21124345064163208,177.50467105624466,0.036656737327575684,1
-0.20768076181411743,176.89496943165983,0.024455904960632324,1
-0.1862986981868744,176.4251567200392,0.02293926477432251,1
-0.17695161700248718,176.303572287237,0.01966780424118042,1
-0.1694456934928894,176.8007088546407,0.01158285140991211,1
-0.1609536111354828,176.9596977010717,0.012346446514129639,1
-0.15835747122764587,177.1072720883715,0.0057356953620910645,1
-0.15115892887115479,177.2582235801113,0.0009475946426391602,1
-0.14137575030326843,176.73917840775619,0.002889096736907959,1
-0.1371438205242157,176.69278026181564,0.0034731030464172363,1
-0.1280803680419922,176.60229838876649,0.011045336723327637,1
-0.12042078375816345,176.3887454902197,0.013321936130523682,1
-0.12351471185684204,176.72914261022459,0.013238191604614258,1
-0.11147382855415344,177.07153705470532,0.031260669231414795,1
-0.11567157506942749,176.7591495570071,0.019339561462402344,1
-0.1153530478477478,176.54288156853914,0.022173047065734863,1
-0.11423757672309875,176.24971054690985,0.022848546504974365,1
-0.10346093773841858,176.4058918734881,0.03719395399093628,1
-0.11844375729560852,176.55659068648728,0.009571850299835205,1
-0.12190750241279602,176.7001479439663,0.0010824799537658691,1
-0.11831790208816528,176.68893900500055,0.0014011859893798828,1
-0.10764211416244507,176.9173707215432,0.026935338973999023,1
-0.10754197835922241,176.95886500485855,0.027949213981628418,1
-0.10855582356452942,176.79604890894743,0.02097421884536743,1
-0.11052435636520386,177.31077541090053,0.022321701049804688,1
-0.11072137951850891,177.3399521937338,0.0204961895942688,1
-0.10825052857398987,176.90339032824417,0.023704230785369873,1
-0.10413798689842224,176.95229466999368,0.028363406658172607,1
-0.10429590940475464,176.692799281025,0.026913046836853027,1
-0.09724727272987366,177.20837729153746,0.05018264055252075,1
-0.09924453496932983,177.1028908540909,0.048555970191955566,1
-0.10086441040039062,177.3683653490138,0.05119621753692627,1
-0.10493198037147522,178.04191731190147,0.051237523555755615,1
-0.10836422443389893,178.50792377308497,0.062032341957092285,1
-0.10953229665756226,178.50861605309962,0.062087416648864746,1
-0.115521639585495,178.99181553122548,0.060015857219696045,1
-0.11327904462814331,179.23877323750315,0.0676116943359375,1
-0.11324742436408997,179.63418769796525,0.06816619634628296,1
-0.11532407999038696,179.49825174994936,0.06800520420074463,1
-0.11967965960502625,179.71226906482897,0.06343477964401245,1
-0.125078946352005,179.22358507789025,0.05654102563858032,1
-0.14016377925872803,179.07078210904612,0.05603468418121338,1
-0.15057003498077393,179.19197555550414,0.05425846576690674,1
-0.16608718037605286,179.1948843280477,0.04929417371749878,1
-0.17481890320777893,179.65827016036,0.03981846570968628,1
-0.20405083894729614,179.3994341408515,0.041771769523620605,1
-0.2143995463848114,179.1457653466516,0.04541653394699097,1
-0.21877232193946838,178.63778276455278,0.05807763338088989,1
-0.2270251214504242,178.0985219344472,0.05719846487045288,1
-0.2252921462059021,178.11914401781652,0.05700790882110596,1
-0.22070857882499695,178.01246037594328,0.04842609167098999,1
-0.22438856959342957,177.8957583448327,0.05404478311538696,1
-0.22160333395004272,177.81263646367702,0.059279561042785645,1
-0.2259385883808136,177.19600536416164,0.057728707790374756,1
-0.22751197218894958,176.4468726127156,0.05560177564620972,1
-0.22609934210777283,176.56199542579006,0.04902070760726929,1
-0.22492992877960205,176.47171018998003,0.05328702926635742,1
-0.2183903455734253,176.70073840904396,0.05108189582824707,1
-0.2164698839187622,177.00300022555206,0.05111289024353027,1
-0.2157769799232483,177.57722863496156,0.055146098136901855,1
-0.2153753936290741,177.36430103655718,0.055888831615448,1
-0.21186286211013794,178.0167097946134,0.054270148277282715,1
-0.21134835481643677,178.27945694697937,0.055036067962646484,1
-0.21146640181541443,178.64557549111234,0.054968059062957764,1
-0.2113732397556305,179.01445707559407,0.054942429065704346,1
-0.2120020091533661,178.92406581634694,0.05513650178909302,1
-0.2099313735961914,178.72193830564157,0.05898845195770264,1
-0.20980265736579895,178.81960665097318,0.05480450391769409,1
-0.20985731482505798,178.73786810966484,0.05528837442398071,1
-0.21508818864822388,178.6995881983981,0.05489218235015869,1
-0.21591240167617798,178.15515237725302,0.05638706684112549,1
-0.2200259268283844,178.3793316857916,0.05676370859146118,1
-0.2194521129131317,178.4512089079716,0.0578349232673645,1
-0.22219941020011902,178.46013857454594,0.05589264631271362,1
-0.22196835279464722,178.29170278658262,0.056143999099731445,1
-0.22063404321670532,178.12468187592637,0.05675029754638672,1
-0.21927958726882935,178.21514451903096,0.05388057231903076,1
-0.2195177972316742,178.23670415047957,0.054467976093292236,1
-0.22200343012809753,178.17070331062232,0.052389562129974365,1
-0.22156193852424622,178.02292331843117,0.05245023965835571,1
-0.22167271375656128,177.9442007134306,0.052553415298461914,1
-0.22087368369102478,177.86976873873172,0.05422693490982056,1
-0.22168326377868652,177.81181843766876,0.05351889133453369,1
-0.22110241651535034,177.5615533088908,0.054415345191955566,1
-0.21995452046394348,177.30273859837834,0.054992496967315674,1
-0.22175556421279907,177.29412681926792,0.05505251884460449,1
-0.22095495462417603,177.17950917843754,0.054067015647888184,1
-0.22211593389511108,176.88903329220886,0.057618141174316406,1
-0.22236517071723938,176.9123385145685,0.05999487638473511,1
-0.22369104623794556,176.84718476837458,0.06272256374359131,1
-0.22242695093154907,176.83069777267056,0.0622786283493042,1
-0.22264975309371948,176.9861196319722,0.06376338005065918,1
-0.22393956780433655,176.92767476220263,0.06377965211868286,1
-0.22294804453849792,176.99154343892647,0.06246405839920044,1
-0.22362512350082397,176.98234276937933,0.06393980979919434,1
-0.22374561429023743,176.98245147334237,0.06379920244216919,1
-0.22402691841125488,176.9637355997199,0.06638062000274658,1
-0.22338196635246277,176.97833542183972,0.06501132249832153,1
-0.22314301133155823,176.99826659198746,0.06493932008743286,1
-0.22264212369918823,177.05306246331065,0.06608104705810547,1
-0.22301506996154785,177.0596748673405,0.06639158725738525,1
-0.22277992963790894,176.90704498787395,0.06851744651794434,1
-0.22369176149368286,176.84252546096988,0.06886839866638184,1
-0.22340616583824158,176.85549810721713,0.06954091787338257,1
-0.2237093150615692,176.97437643115504,0.06989949941635132,1
-0.22478535771369934,176.9912909893656,0.07058733701705933,1
-0.22629782557487488,176.97804826926998,0.07238942384719849,1
-0.2273341417312622,176.83151113993247,0.07272946834564209,1
-0.22700715065002441,176.74628438194463,0.07179057598114014,1
-0.22636198997497559,176.76278992721825,0.07156777381896973,1
-0.22424224019050598,176.89467590554332,0.06682747602462769,1
-0.2258920669555664,176.90265591764603,0.0676116943359375,1
-0.22691133618354797,176.88765760768214,0.06804066896438599,1
-0.22617390751838684,176.8976319359555,0.0661584734916687,1
-0.22638940811157227,176.90885431968178,0.0657052993774414,1
-0.22642818093299866,176.90430353286212,0.0656859278678894,1
-0.22822940349578857,176.7757910821415,0.06970715522766113,1
-0.2272334098815918,176.78739812874608,0.06670165061950684,1
-0.22750702500343323,176.81665776446394,0.0671650767326355,1
-0.22763359546661377,176.80897848122837,0.06668519973754883,1
-0.2264043390750885,176.79040922290426,0.06687813997268677,1
-0.22580084204673767,176.92857520063663,0.06445091962814331,1
-0.22635743021965027,176.9890205831118,0.06269711256027222,1
-0.22648406028747559,176.9951565893342,0.06354618072509766,1
-0.2269284725189209,177.04998510109183,0.06232583522796631,1
-0.22603699564933777,177.04368955198058,0.06288129091262817,1
-0.2249986231327057,177.05734241964623,0.05833655595779419,1
-0.22496220469474792,177.08872938037547,0.059283435344696045,1
-0.225269615650177,177.08621242932182,0.058739304542541504,1
-0.2252890169620514,176.97050327837994,0.05875974893569946,1
-0.22619399428367615,176.76059597525304,0.05903702974319458,1
-0.2260267734527588,176.8076762678561,0.06051743030548096,1
-0.22525960206985474,176.6815532909898,0.06150782108306885,1
-0.22642794251441956,176.59949866912558,0.06184202432632446,1
-0.22720825672149658,176.6289027101757,0.06448614597320557,1
-0.22546035051345825,176.6431785609002,0.0607835054397583,1
-0.22611400485038757,176.63060419854693,0.06411749124526978,1
-0.2250242829322815,176.77844765355184,0.06039607524871826,1
-0.22538605332374573,177.01338752189005,0.0614810585975647,1
-0.22602510452270508,177.19514216385892,0.06342995166778564,1
-0.22763323783874512,177.25603973732748,0.06253480911254883,1
-0.2284521460533142,177.2030066397724,0.06644415855407715,1
-0.228663831949234,177.14314992893455,0.0655331015586853,1
-0.2287972867488861,177.0446972451072,0.06550973653793335,1
-0.2281305193901062,177.02437480680325,0.06422364711761475,1
-0.2278793752193451,177.12098537949828,0.06377536058425903,1
-0.2289280891418457,177.12545214473047,0.06565570831298828,1
-0.22813475131988525,176.8177155514874,0.06373369693756104,1
-0.22775527834892273,176.8042039168068,0.06339329481124878,1
-0.22791799902915955,176.89342005177127,0.06340068578720093,1
-0.22724011540412903,176.94408637110536,0.06258136034011841,1
-0.2279188632965088,176.9859169587835,0.06372559070587158,1
-0.22692620754241943,177.04956830294978,0.06180751323699951,1
-0.2271871268749237,177.09509388242256,0.06150752305984497,1
-0.22723573446273804,177.2327180493264,0.06197488307952881,1
-0.2271236777305603,177.3082410060474,0.061728596687316895,1
-0.22610065340995789,177.35669905252183,0.05914241075515747,1
-0.2247343361377716,177.3821304227294,0.05912524461746216,1
-0.22418934106826782,177.39617907713767,0.059500932693481445,1
-0.22164630889892578,177.40872098899393,0.05388963222503662,1
-0.21996033191680908,177.23737617482828,0.05474722385406494,1
-0.21910855174064636,177.3673257021376,0.05100482702255249,1
-0.21969828009605408,177.64077290955257,0.05383330583572388,1
-0.2188737392425537,177.76940678179412,0.054402828216552734,1
-0.21926799416542053,177.71967996551587,0.05378836393356323,1
-0.2188625931739807,177.6252640845219,0.05399751663208008,1
-0.21985182166099548,177.6487632197309,0.0541110634803772,1
-0.21929514408111572,177.5926063949114,0.05415630340576172,1
-0.21822789311408997,177.5720678106114,0.05205506086349487,1
-0.216729998588562,177.59659602190206,0.052103519439697266,1
-0.21624216437339783,177.66787491166048,0.05154389142990112,1
-0.21581479907035828,177.7896948148106,0.051359474658966064,1
-0.21601668000221252,177.92878140608678,0.050465285778045654,1
-0.21591398119926453,177.89283761373312,0.051258862018585205,1
-0.21644803881645203,177.789932820308,0.05039554834365845,1
-0.21650660037994385,177.66849154383854,0.052041053771972656,1
-0.2160758674144745,177.69381744274435,0.05088526010513306,1
-0.2166067659854889,177.6412574664111,0.051547229290008545,1
-0.21703404188156128,177.64633014310687,0.05119800567626953,1
-0.21834427118301392,177.66326372420488,0.05121958255767822,1
-0.22078046202659607,177.20401529953247,0.0572543740272522,1
-0.2289535403251648,177.04589857255107,0.062209367752075195,1
-0.23197194933891296,177.05132809834652,0.0628097653388977,1
-0.232693612575531,177.2574121223927,0.06359541416168213,1
-0.23637083172798157,177.31930243148415,0.06602126359939575,1
-0.2368735671043396,177.22114913443377,0.06653940677642822,1
-0.23580846190452576,177.33647996678783,0.06858235597610474,1
-0.23711058497428894,177.22907404657232,0.0721619725227356,1
-0.23808491230010986,177.24634172527504,0.07155680656433105,1
-0.241794615983963,177.2370495568479,0.07226413488388062,1
-0.24332043528556824,177.24948348348357,0.0725976824760437,1
-0.24299493432044983,177.38051627046448,0.07334405183792114,1
-0.24178534746170044,177.36125196316914,0.0728529691696167,1
-0.2455335259437561,177.2549951104643,0.07401144504547119,1
-0.247292160987854,176.68727917812464,0.07450592517852783,1
-0.2467450201511383,176.61522061549778,0.07480913400650024,1
-0.2497522532939911,176.51386685848516,0.07723432779312134,1
-0.24944031238555908,176.47657189050872,0.07763445377349854,1
-0.25306251645088196,176.54285143865485,0.07950800657272339,1
-0.2535003423690796,176.53767736200155,0.07981681823730469,1
-0.25446560978889465,176.52826645615488,0.07794755697250366,1
-0.25669926404953003,176.68859097021647,0.07741081714630127,1
-0.2590794861316681,176.8554881963255,0.0806768536567688,1
-0.2580098509788513,176.935511754527,0.0792001485824585,1
-0.26092711091041565,176.90406328178904,0.0822184681892395,1
-0.26120007038116455,176.68011238331826,0.08181899785995483,1
-0.2620501220226288,176.7655637167751,0.08163124322891235,1
-0.2618955671787262,176.7859224165661,0.08134686946868896,1
-0.26326191425323486,176.72585691686393,0.08050572872161865,1
-0.2641746997833252,176.64327513743598,0.07962340116500854,1
-0.26329562067985535,176.6265681532003,0.07616192102432251,1
-0.26296544075012207,176.6853677646783,0.07598471641540527,1
-0.26330673694610596,176.70278866890044,0.07641756534576416,1
-0.26312020421028137,176.7431693458128,0.07642269134521484,1
-0.2624158263206482,176.76051114929956,0.07505190372467041,1
-0.2629716992378235,176.76309022667647,0.07401102781295776,1
-0.26312053203582764,176.7826753992008,0.07506603002548218,1
-0.2643325626850128,176.77566108717855,0.0766410231590271,1
-0.26500260829925537,176.77849668972465,0.07685768604278564,1
-0.26544588804244995,176.78014597189087,0.07727187871932983,1
-0.2659195363521576,176.76976580248962,0.0769277811050415,1
-0.26511311531066895,176.7856500360093,0.07756149768829346,1
-0.2683147192001343,176.69695123109958,0.07660692930221558,1
-0.2683878540992737,176.65742260202208,0.07646310329437256,1
-0.2694620192050934,176.7733670987689,0.07379299402236938,1
-0.26894891262054443,176.86656437580902,0.07340240478515625,1
-0.2692909240722656,176.8494413415951,0.07557141780853271,1
-0.26952502131462097,176.8614970896588,0.07673114538192749,1
-0.2693970799446106,176.78207984329157,0.075969398021698,1
-0.26804906129837036,176.93133013097997,0.07636487483978271,1
-0.2683270275592804,177.21862520043967,0.07743781805038452,1
-0.2684177756309509,177.25345886573734,0.07598745822906494,1
-0.26642775535583496,176.9253752989002,0.07158017158508301,1
-0.26691627502441406,177.13340703636845,0.06974512338638306,1
-0.2684960663318634,177.0695231209232,0.07464593648910522,1
-0.2672213613986969,177.05441174832757,0.07469528913497925,1
-0.2672804296016693,177.07602252648672,0.07470083236694336,1
-0.26896199584007263,177.13004366548952,0.07470142841339111,1
-0.26950863003730774,177.25272039141032,0.07506084442138672,1
-0.27015525102615356,177.23989656718499,0.07514268159866333,1
-0.2702152132987976,177.16819240114293,0.07507956027984619,1
-0.26842257380485535,177.08890577909557,0.07556802034378052,1
-0.26728886365890503,177.1034865534703,0.07462823390960693,1
-0.26684048771858215,177.07775423025015,0.07370752096176147,1
-0.26552486419677734,176.97380441084672,0.07242625951766968,1
-0.2646482288837433,176.97433170128943,0.07332038879394531,1
-0.26512762904167175,176.95972461439416,0.07354962825775146,1
-0.26409998536109924,177.08226801233036,0.07270389795303345,1
-0.26398515701293945,177.05000751007654,0.07269370555877686,1
-0.26341989636421204,177.12563085542843,0.07267266511917114,1
-0.2630331516265869,177.02522168952345,0.07479006052017212,1
-0.26218634843826294,177.1035800867131,0.07484900951385498,1
-0.26158803701400757,177.1290938343806,0.07422745227813721,1
-0.2598337233066559,177.09402608840145,0.07663685083389282,1
-0.25887563824653625,177.133357679505,0.07541441917419434,1
-0.2543279528617859,177.14360057313,0.07556164264678955,1
-0.2521570026874542,177.16233013038973,0.07753974199295044,1
-0.24843227863311768,177.16667130396712,0.07722282409667969,1
-0.23976317048072815,177.27851669739664,0.07690435647964478,1
-0.22913041710853577,177.35873145925262,0.0769386887550354,1
-0.2235616147518158,177.53192527755223,0.07716280221939087,1
-0.22200465202331543,177.76728291056364,0.07302117347717285,1
-0.2124239206314087,177.9320152811379,0.07504415512084961,1
-0.21114137768745422,178.10933516082648,0.07474416494369507,1
-0.206723153591156,178.20738532512328,0.07465219497680664,1
-0.20117628574371338,178.3908035717711,0.0781548023223877,1
-0.2027946412563324,178.37250670933028,0.07969933748245239,1
-0.20303896069526672,178.42331296850446,0.08386772871017456,1
-0.20275893807411194,178.5400013215031,0.08455485105514526,1
-0.2020319402217865,178.37414844710597,0.08306211233139038,1
-0.20226198434829712,178.32434373640297,0.08291161060333252,1
-0.20168399810791016,178.2443762025909,0.0831373929977417,1
-0.2005402147769928,178.20149885811108,0.08317726850509644,1
-0.2003607153892517,178.16301781817108,0.08235228061676025,1
-0.1981675624847412,178.20009880810701,0.0839531421661377,1
-0.19941115379333496,178.1991110014666,0.08221817016601562,1
-0.20002037286758423,178.19484215009766,0.0819329023361206,1
-0.19987821578979492,178.11244522440867,0.0824211835861206,1
-0.19870981574058533,178.29534461587346,0.07667356729507446,1
-0.1983342468738556,178.37817512219652,0.07650226354598999,1
-0.20009660720825195,178.347508339975,0.07843577861785889,1
-0.20056664943695068,178.35588687025242,0.07873737812042236,1
-0.20345351099967957,178.4589070238617,0.07847481966018677,1
-0.2049984633922577,178.42000978198882,0.0784565806388855,1
-0.2058945596218109,178.3867169155107,0.07809346914291382,1
-0.2057780623435974,178.4946331868115,0.07828009128570557,1
-0.2086905539035797,178.51518273134894,0.08017808198928833,1
-0.2094419002532959,178.5299973556045,0.0799248218536377,1
-0.20972660183906555,178.5019404834568,0.07987064123153687,1
-0.20873582363128662,178.38138345604733,0.0799562931060791,1
-0.2069348394870758,177.96895872669765,0.07559782266616821,1
-0.20581617951393127,177.92872580413672,0.07317608594894409,1
-0.2060754895210266,177.88668821735496,0.07454347610473633,1
-0.20526686310768127,177.79118591943106,0.07365638017654419,1
-0.20736026763916016,177.6763527554398,0.07515585422515869,1
-0.20784538984298706,177.66480703932783,0.07603132724761963,1
-0.2075934112071991,177.65646868723084,0.07439190149307251,1
-0.2118450403213501,177.63676416547304,0.07506835460662842,1
-0.21041086316108704,177.61039977848026,0.07476633787155151,1
-0.2112458050251007,177.60669763076595,0.06971210241317749,1
-0.2227259874343872,177.61362076447583,0.07144594192504883,1
-0.22599101066589355,177.38689819898198,0.06586837768554688,1
-0.23143190145492554,177.0209496964802,0.06531858444213867,1
-0.23651936650276184,177.23488165270948,0.059078991413116455,1
-0.24380600452423096,177.2198799611743,0.057504236698150635,1
-0.27453362941741943,175.93425508585563,0.03692662715911865,0
-0.2819616198539734,176.17727083613144,0.026638805866241455,0
-0.2831197679042816,176.18977921947777,0.026591837406158447,0
-0.28304386138916016,176.22562927757096,0.025216996669769287,0
-0.2842511534690857,176.1154046240999,0.02592027187347412,0
-0.28799501061439514,176.2040419714023,0.02556288242340088,0
-0.2896016538143158,176.20034859405115,0.02872753143310547,0
-0.2895936071872711,176.21165527293178,0.028637707233428955,0
-0.2899830639362335,176.17174332561248,0.029658973217010498,0
-0.2900128662586212,176.0943883693499,0.0294683575630188,0
-0.29030412435531616,176.13804940655524,0.02830040454864502,0
-0.2904350757598877,176.19507140440578,0.02904874086380005,0
-0.29113641381263733,176.09787821571757,0.028846800327301025,0
-0.29180097579956055,175.9463498708407,0.02960258722305298,0
-0.29210376739501953,175.99638911304848,0.02945047616958618,0
-0.2920665740966797,176.01139461164937,0.029277324676513672,0
-0.29226014018058777,175.9927441831796,0.02943962812423706,0
-0.29195067286491394,176.11530234909034,0.028546929359436035,0
-0.29156044125556946,176.02795796677668,0.027993083000183105,0
-0.29115498065948486,176.02011161159047,0.028006672859191895,0
-0.2908864915370941,175.93778963617666,0.028472423553466797,0
-0.2906109392642975,176.0307716607132,0.028068721294403076,0
-0.2903181314468384,176.0263492478509,0.02737271785736084,0
-0.29089322686195374,176.15124643552997,0.027296066284179688,0
-0.2909151315689087,176.14862708887307,0.02669459581375122,0
-0.29087233543395996,176.1018791243504,0.026617884635925293,0
-0.2887384295463562,176.12230150544886,0.02263873815536499,0
-0.2906915247440338,175.71121582356392,0.02644127607345581,0
-0.2917381227016449,175.72392579344043,0.028065502643585205,0
-0.2912042737007141,175.75344781446202,0.026548564434051514,0
-0.2915112376213074,175.70872261058273,0.025901615619659424,0
-0.29112058877944946,175.91598545861615,0.02440279722213745,0
-0.29141929745674133,175.9994479927892,0.024517953395843506,0
-0.2908151149749756,176.00457119246914,0.02270054817199707,0
-0.2908543646335602,176.01651854935605,0.02271038293838501,0
-0.29045045375823975,176.0635863615806,0.0211714506149292,0
-0.2912110686302185,176.21151559701988,0.0229530930519104,0
-0.2913675308227539,176.07745181602291,0.023687541484832764,0
-0.2909509837627411,176.082505347138,0.022703707218170166,0
-0.2907032370567322,176.06571789972904,0.022365272045135498,0
-0.29024919867515564,176.05201819225826,0.022859036922454834,0
-0.29061195254325867,176.12762451239237,0.023268938064575195,0
-0.29092907905578613,176.15753567057817,0.023300766944885254,0
-0.29307958483695984,176.12676415943906,0.02733445167541504,0
-0.2936897575855255,176.13690090622453,0.028467774391174316,0
-0.2934803366661072,176.21025891268027,0.027370870113372803,0
-0.29335927963256836,176.21214965713312,0.027840077877044678,0
-0.2910427749156952,176.34825622586987,0.02723097801208496,0
-0.2909838557243347,176.29566725482252,0.027420222759246826,0
-0.29102325439453125,176.27895252230942,0.02729243040084839,0
-0.29145315289497375,176.28203803625652,0.02625119686126709,0
-0.2904275953769684,176.3627798425614,0.02346748113632202,0
-0.2913919687271118,176.37928241014504,0.023342669010162354,0
-0.29089897871017456,176.4002093051944,0.02421623468399048,0
-0.2898736298084259,176.43193404047037,0.021876752376556396,0
-0.2924879193305969,176.31000492455073,0.026981472969055176,0
-0.2908881902694702,176.32649464377684,0.026413142681121826,0
-0.2925091087818146,176.31264252795685,0.027901887893676758,0
-0.2916490435600281,176.31123871581465,0.02715367078781128,0
-0.29042309522628784,175.66125620674316,0.026087582111358643,0
-0.2906937003135681,175.62440388884417,0.027089178562164307,0
-0.2903839945793152,175.62420993567474,0.026746928691864014,0
-0.29070228338241577,175.61456253531532,0.026835978031158447,0
-0.29063206911087036,175.6732782707605,0.026224195957183838,0
-0.2909339964389801,175.70055225552767,0.026070237159729004,0
-0.2917613983154297,175.7194073724021,0.027704358100891113,0
-0.2927485704421997,175.82130463423627,0.027874648571014404,0
-0.2933045029640198,175.84225904509756,0.028020381927490234,0
-0.29452285170555115,175.8297338114635,0.030634522438049316,0
-0.2946277856826782,175.869479981545,0.03068256378173828,0
-0.2950608730316162,175.9664832908539,0.02923041582107544,0
-0.29611870646476746,175.84220295642277,0.030560612678527832,0
-0.2951889634132385,175.87502014864754,0.02832692861557007,0
-0.2951902747154236,175.8209177295573,0.028184056282043457,0
-0.29589131474494934,175.80368891766446,0.028027057647705078,0
-0.29631948471069336,175.79822777919395,0.030461251735687256,0
-0.2962566614151001,175.87284971867075,0.030542194843292236,0
-0.2944140136241913,176.3130811658699,0.029061436653137207,0
-0.2945840656757355,176.3349299728715,0.029424071311950684,0
-0.29507458209991455,176.16601760366984,0.030606746673583984,0
-0.2958039939403534,175.9924156334929,0.03146862983703613,0
-0.2961817979812622,175.99113035505414,0.031355857849121094,0
-0.29665234684944153,175.9362174960407,0.03203845024108887,0
-0.2976228594779968,176.08324741113066,0.03221696615219116,0
-0.29778796434402466,176.10776233848844,0.03251701593399048,0
-0.2970443367958069,176.22430587730514,0.032023489475250244,0
-0.296934574842453,176.10811939485066,0.031958937644958496,0
-0.29682788252830505,176.07496043193197,0.03168952465057373,0
-0.2969547510147095,176.1365770216145,0.03169983625411987,0
-0.29708364605903625,176.04686814547176,0.03214675188064575,0
-0.29705432057380676,176.0682781125822,0.03203248977661133,0
-0.2996477484703064,176.00135850664748,0.03197669982910156,0
-0.29944178462028503,176.00068964066656,0.03197747468948364,0
-0.30009350180625916,175.97091403407805,0.03404951095581055,0
-0.29861363768577576,175.98716460793221,0.03133434057235718,0
-0.2991328239440918,175.9712429142803,0.031768739223480225,0
-0.29889553785324097,175.98282994861748,0.03148531913757324,0
-0.29881593585014343,175.867500047106,0.031704068183898926,0
-0.2986434996128082,175.88952050910333,0.032087087631225586,0
-0.2984620928764343,175.86909526466235,0.032203614711761475,0
-0.2986297011375427,175.77706403489964,0.033367812633514404,0
-0.29863518476486206,175.78846227491806,0.03337520360946655,0
-0.2986471951007843,175.52438191654045,0.033569395542144775,0
-0.2985156178474426,175.61241405097846,0.03287404775619507,0
-0.29811835289001465,175.7103955144051,0.032692015171051025,0
-0.29945817589759827,175.68534060755366,0.03539532423019409,0
-0.2987808883190155,175.70790802697096,0.0344693660736084,0
-0.299008846282959,175.72691127771486,0.034563422203063965,0
-0.30605342984199524,175.98402016823252,0.023639023303985596,0
-0.31018781661987305,176.08481752441241,0.023684382438659668,0
-0.30712804198265076,176.07757082746417,0.021027863025665283,0
-0.30876031517982483,176.02513260790224,0.024023771286010742,0
-0.3066977560520172,176.0727550075102,0.021138489246368408,0
-0.3068256378173828,176.05892319311354,0.021219968795776367,0
-0.3065800666809082,176.16280703737308,0.02029252052307129,0
-0.3065407872200012,176.1882077186726,0.019753217697143555,0
-0.30651944875717163,176.20015220538818,0.01938474178314209,0
-0.30977097153663635,176.2133820981635,0.021028101444244385,0
-0.30954086780548096,176.2675242799852,0.01986640691757202,0
-0.3098525404930115,176.2136577761786,0.022411048412322998,0
-0.3096542954444885,176.22000490619095,0.022251486778259277,0
-0.30979123711586,176.33513993014623,0.021999239921569824,0
-0.3113069534301758,176.37351807259063,0.02497720718383789,0
-0.3121872544288635,176.27250165613563,0.02646702527999878,0
-0.3083451986312866,176.38924723104998,0.020400583744049072,0
-0.3088363707065582,175.98714949485412,0.023691117763519287,0
-0.30873146653175354,175.9761211888739,0.024544239044189453,0
-0.308497816324234,175.9701824579165,0.02453482151031494,0
-0.3086864948272705,175.9490354788988,0.024483919143676758,0
-0.30973246693611145,175.87455999856942,0.02593940496444702,0
-0.30980104207992554,175.88136122976687,0.025195062160491943,0
-0.3100438416004181,175.79134434795193,0.025642812252044678,0
-0.31036242842674255,175.8871764145362,0.025503456592559814,0
-0.31174734234809875,175.77412664920644,0.027933716773986816,0
-0.31148239970207214,175.61405740904854,0.027424097061157227,0
-0.31065481901168823,175.3749379646814,0.029002070426940918,0
-0.31145626306533813,175.55196282215252,0.028177976608276367,0
-0.3125412166118622,175.38719788893314,0.028502821922302246,0
-0.3128170371055603,175.30085981455275,0.02851283550262451,0
-0.30815234780311584,175.36056577728044,0.020862817764282227,0
-0.30904659628868103,175.22000967727337,0.022801637649536133,0
-0.308525949716568,175.2266455307233,0.023092329502105713,0
-0.3113209903240204,175.1527766913348,0.023876428604125977,0
-0.3029392957687378,175.16931097429966,0.013258635997772217,0
-0.3028690218925476,175.0954722645688,0.016575276851654053,0
-0.3013719320297241,175.07354145285618,0.015740573406219482,0
-0.28626516461372375,175.96413261551683,0.005357682704925537,0
-0.2904583811759949,176.11194866245722,0.003058195114135742,0
-0.28976061940193176,176.25378116135,0.004048943519592285,0
-0.29396486282348633,176.22010398729793,0.0023345947265625,0
-0.29400578141212463,176.37048851992918,0.0015034675598144531,0
-0.2948482632637024,176.3182445417568,0.0031450986862182617,0
-0.29520872235298157,176.5117311054812,0.003762483596801758,0
-0.2976883351802826,176.51632156041944,0.007351875305175781,0
-0.2970897853374481,176.74076097855655,0.00465238094329834,0
-0.2977373003959656,177.07173726649916,0.004325687885284424,0
-0.2977618873119354,177.23133697160148,0.004117131233215332,0
-0.29980412125587463,177.17341300050265,0.007671058177947998,0
-0.29879894852638245,177.45630227165535,0.006821751594543457,0
-0.30072280764579773,177.32731689026377,0.010816216468811035,0
-0.2978333830833435,177.17487081613137,0.005053102970123291,0
-0.2987615466117859,176.95982579841245,0.006360173225402832,0
-0.29823869466781616,176.8135614215611,0.006996870040893555,0
-0.29778429865837097,177.1715962390704,0.0031119585037231445,0
-0.2977718114852905,177.0235887400484,0.002952873706817627,0
-0.2920404374599457,177.33478523349947,0.00974816083908081,0
-0.29198187589645386,177.33191514941143,0.009796142578125,0
-0.29209721088409424,177.46507069454805,0.010157227516174316,0
-0.2912117540836334,177.41582440988518,0.010590136051177979,0
-0.2922291159629822,177.08620011176373,0.006159186363220215,0
-0.29478487372398376,176.56362351684984,0.00035202503204345703,0
-0.29673391580581665,176.5352209582756,0.004766643047332764,0
-0.2980033755302429,176.15512429092874,0.009859979152679443,0
-0.3015764355659485,176.14138742742833,0.0206601619720459,0
-0.30699774622917175,175.72980075311708,0.03257864713668823,0
-0.30919528007507324,176.0024988654673,0.03600674867630005,0
-0.30965572595596313,175.26191589197873,0.03878706693649292,0
-0.3114662766456604,175.11073267400954,0.04089164733886719,0
-0.3139357566833496,175.02071626210105,0.043917834758758545,0
-0.3158857822418213,174.21405928915516,0.047330260276794434,0
-0.31750670075416565,174.4830671509968,0.04934602975845337,0
-0.3196941316127777,174.15152540988237,0.051839351654052734,0
-0.3225184977054596,174.25033062265834,0.05503731966018677,0
-0.32317250967025757,173.7105990617866,0.056035399436950684,0
-0.3241026699542999,173.73817083006864,0.057354509830474854,0
-0.3260785639286041,173.6317165306692,0.05989319086074829,0
-0.3265586793422699,173.73333738900865,0.0604478120803833,0
-0.32927411794662476,173.42443080686667,0.06483042240142822,0
-0.3288169801235199,173.48307271576385,0.06562411785125732,0
-0.32965126633644104,173.38085508779344,0.06622368097305298,0
-0.32951322197914124,173.41782917310184,0.06617653369903564,0
-0.3294767439365387,173.49583953571894,0.06585711240768433,0
-0.3296641409397125,173.49931715710503,0.06583923101425171,0
-0.3293859660625458,173.57147946744328,0.06577455997467041,0
-0.32953858375549316,173.5898078975928,0.06535184383392334,0
-0.329279363155365,173.5990848791907,0.06503236293792725,0
-0.32956281304359436,173.61622381467603,0.06492817401885986,0
-0.3286437690258026,173.6325094231238,0.06357437372207642,0
-0.32866376638412476,174.02067870423522,0.060959696769714355,0
-0.3281978666782379,173.94089524636522,0.060195326805114746,0
-0.3284917175769806,174.05709442867186,0.05994391441345215,0
-0.3284367024898529,173.97124382902444,0.059760987758636475,0
-0.3269779086112976,173.99495696713876,0.05820435285568237,0
-0.32628947496414185,174.03739418771391,0.05694025754928589,0
-0.32680171728134155,174.06369777216963,0.05632585287094116,0
-0.32642996311187744,174.05620408056163,0.05570501089096069,0
-0.3249281048774719,174.3996321904826,0.055245935916900635,0
-0.32438719272613525,174.4040907889137,0.05416017770767212,0
-0.3244554102420807,174.3931650699922,0.05432051420211792,0
-0.32371705770492554,174.37081217035026,0.05495184659957886,0
-0.32329750061035156,174.46166091903848,0.053888916969299316,0
-0.322866290807724,174.43467622630044,0.0532221794128418,0
-0.32303592562675476,174.42277428659898,0.05355989933013916,0
-0.3231143355369568,174.4058315453867,0.05332159996032715,0
-0.3233129382133484,174.413685767756,0.05321049690246582,0
-0.32393139600753784,174.44638419610615,0.053221940994262695,0
-0.32456010580062866,174.43148737946984,0.05293548107147217,0
-0.3249463438987732,174.50212588313485,0.05284082889556885,0
-0.3254440128803253,174.38718987293726,0.055043816566467285,0
-0.3262559473514557,174.28481920282923,0.055767834186553955,0
-0.3256543278694153,174.25183561305926,0.055387675762176514,0
-0.32621094584465027,174.2937827015381,0.055631160736083984,0
-0.3260394334793091,174.25075654723258,0.05611366033554077,0
-0.32668712735176086,174.22663285747822,0.05595451593399048,0
-0.3277389407157898,174.23459185656583,0.05584311485290527,0
-0.3275594115257263,174.13692607542671,0.05624812841415405,0
-0.32800498604774475,174.21387518875406,0.05698210000991821,0
-0.32766982913017273,174.13096613301906,0.058449387550354004,0
-0.32797324657440186,174.1542942607148,0.05790519714355469,0
-0.3277720808982849,174.08450667752192,0.060075223445892334,0
-0.32815149426460266,174.23359407541162,0.059538185596466064,0
-0.32772088050842285,174.2109028608767,0.060145437717437744,0
-0.32795819640159607,174.19264852518796,0.06051135063171387,0
-0.3276967406272888,174.2665992653253,0.060972511768341064,0
-0.328517347574234,174.24708689956827,0.061340153217315674,0
-0.3281499147415161,174.32299896737675,0.06130880117416382,0
-0.3284381330013275,174.35266887242452,0.06166088581085205,0
-0.3283800184726715,174.1532339550149,0.0617518424987793,0
-0.3285791873931885,174.5384491308462,0.05983412265777588,0
-0.3283299207687378,174.40835575507268,0.060142695903778076,0
-0.328134149312973,174.41212068886472,0.06043589115142822,0
-0.3280526399612427,174.21119817613138,0.061304569244384766,0
-0.3278551697731018,174.25789315754028,0.06128042936325073,0
-0.32786083221435547,174.13027909229217,0.06232655048370361,0
-0.32823342084884644,174.36686498668985,0.06311529874801636,0
-0.327399343252182,174.17856989727753,0.06365323066711426,0
-0.3265869617462158,174.19450157219865,0.06421506404876709,0
-0.32714977860450745,174.18214178814947,0.06490695476531982,0
-0.327274888753891,174.21265591815546,0.0646330714225769,0
-0.32684072852134705,174.23237056490552,0.06503784656524658,0
-0.3267379105091095,174.23805673671376,0.06507116556167603,0
-0.32626381516456604,174.25387601878697,0.06527060270309448,0
-0.3270033597946167,174.24781527209834,0.06718605756759644,0
-0.32765719294548035,174.20467327576463,0.06763613224029541,0
-0.3276313841342926,174.40406890353495,0.06762003898620605,0
-0.3271152079105377,174.22053828580061,0.06893199682235718,0
-0.3273310661315918,174.21667616988248,0.069019615650177,0
-0.32646653056144714,174.2054645087271,0.06886374950408936,0
-0.3265533149242401,174.2266420584108,0.06884825229644775,0
-0.23698177933692932,176.99433411906358,0.03349822759628296,1
-0.23988649249076843,176.84607237358762,0.03095036745071411,1
-0.24532228708267212,176.87599535154868,0.027285456657409668,1
-0.24591609835624695,176.84006500928734,0.027550160884857178,1
-0.2469368278980255,176.79431881692574,0.029456675052642822,1
-0.24759173393249512,176.70327225032926,0.03116440773010254,1
-0.24694836139678955,176.72971980912337,0.030204176902770996,1
-0.24756532907485962,176.68846735905018,0.030204415321350098,1
-0.24650335311889648,176.82981260648862,0.030125021934509277,1
-0.24626794457435608,177.05819324119716,0.029810726642608643,1
-0.24565300345420837,177.01645084867783,0.03064626455307007,1
-0.24576455354690552,176.96902025440426,0.030413031578063965,1
-0.24555712938308716,176.91690849212105,0.03072988986968994,1
-0.24566838145256042,176.84587663907925,0.03115910291671753,1
-0.24575066566467285,176.80986410154296,0.031148433685302734,1
-0.2456989586353302,176.8309642445001,0.031285107135772705,1
-0.2467784583568573,176.77828668737467,0.03308922052383423,1
-0.2442081868648529,176.80184154016618,0.03353053331375122,1
-0.2449246346950531,176.84107491381184,0.033509790897369385,1
-0.24492573738098145,176.89443921249696,0.033409833908081055,1
-0.2450345754623413,176.75538875570066,0.03376460075378418,1
-0.24677342176437378,176.66661732506626,0.031644225120544434,1
-0.24717211723327637,176.78219093438616,0.03479611873626709,1
-0.2472231090068817,176.73392447686922,0.03363603353500366,1
-0.24886754155158997,176.8067126138787,0.030392348766326904,1
-0.2492673397064209,176.84141417452742,0.029469013214111328,1
-0.24920937418937683,176.86112905618467,0.02947014570236206,1
-0.24802526831626892,176.92872238803787,0.030150949954986572,1
-0.24803736805915833,176.88778880190392,0.030338823795318604,1
-0.24739477038383484,176.95562720973604,0.029015958309173584,1
-0.24468359351158142,177.04638243837434,0.025896131992340088,1
-0.2446994185447693,177.00320013989787,0.025966644287109375,1
-0.2450798749923706,176.980019519493,0.02683722972869873,1
-0.24469506740570068,177.0000773839646,0.02543163299560547,1
-0.24558350443840027,177.09959346081007,0.025280654430389404,1
-0.24530643224716187,177.1064211471935,0.02506732940673828,1
-0.24597564339637756,177.0929859516297,0.02640599012374878,1
-0.24680355191230774,177.0286351971956,0.02780395746231079,1
-0.2459690272808075,177.00812332407017,0.02850276231765747,1
-0.24536404013633728,177.21198067449143,0.02847820520401001,1
-0.2467910647392273,177.12421659219854,0.031832337379455566,1
-0.2464750111103058,177.00413646410126,0.03176051378250122,1
-0.2469961941242218,176.89797989623176,0.03195422887802124,1
-0.24583905935287476,176.9570974766669,0.03160548210144043,1
-0.24537503719329834,176.91587530500908,0.03204083442687988,1
-0.24547484517097473,176.9006749901907,0.03265148401260376,1
-0.2457875907421112,176.9686750079107,0.032626569271087646,1
-0.2459508776664734,176.91611819174702,0.03399240970611572,1
-0.24608084559440613,176.9103025135537,0.03569680452346802,1
-0.24659466743469238,176.86448500792395,0.0370866060256958,1
-0.24652183055877686,176.85083091459532,0.03710734844207764,1
-0.24665984511375427,176.80111422448348,0.038137853145599365,1
-0.24665501713752747,176.80898786086743,0.038395822048187256,1
-0.24659261107444763,176.79601760224065,0.03835183382034302,1
-0.24622842669487,176.68186652525188,0.037635624408721924,1
-0.24630621075630188,176.45916112534718,0.037950098514556885,1
-0.24668297171592712,176.47303891869197,0.03606492280960083,1
-0.2463439404964447,176.54173927630802,0.036083757877349854,1
-0.2463798224925995,176.63493358793562,0.034243643283843994,1
-0.2466796636581421,176.76955924642184,0.03304493427276611,1
-0.2470029890537262,176.79538604721807,0.03238564729690552,1
-0.24807003140449524,176.75532041572944,0.03473466634750366,1
-0.24860802292823792,176.71865136825923,0.035962045192718506,1
-0.24832895398139954,176.6323850604128,0.03580969572067261,1
-0.24780848622322083,176.77137921896204,0.03691798448562622,1
-0.24995645880699158,176.67853128972516,0.03651076555252075,1
-0.24919924139976501,176.57726768748145,0.03502994775772095,1
-0.25064191222190857,176.51232690752155,0.036448538303375244,1
-0.2507452666759491,176.56835196688527,0.03680223226547241,1
-0.2513870894908905,176.5397724419694,0.03737133741378784,1
-0.2510725259780884,176.58417967034885,0.038208961486816406,1
-0.2512744963169098,176.74664563611023,0.03817266225814819,1
-0.2515614926815033,176.795292378948,0.03919893503189087,1
-0.2507900595664978,176.77854226125743,0.03993213176727295,1
-0.25043758749961853,176.82198412999296,0.040119946002960205,1
-0.2499849796295166,176.74004202710415,0.04089760780334473,1
-0.2491353154182434,176.7752421402298,0.04072690010070801,1
-0.24908232688903809,176.77404669365137,0.03976476192474365,1
-0.24894475936889648,176.7322208262091,0.03996431827545166,1
-0.2488144338130951,176.66525726702594,0.04231172800064087,1
-0.2492888867855072,176.69696978190464,0.04292422533035278,1
-0.24947988986968994,176.65532896016964,0.04245400428771973,1
-0.24895256757736206,176.63157103970303,0.04195070266723633,1
-0.2486667037010193,176.63974328025134,0.04208362102508545,1
-0.2488783895969391,176.90971112149376,0.04092508554458618,1
-0.2505978047847748,176.90276218600994,0.04080229997634888,1
-0.2490658462047577,176.93154353157027,0.03944271802902222,1
-0.2491718828678131,176.90349548878032,0.03936797380447388,1
-0.24864012002944946,176.8555823150717,0.03845643997192383,1
-0.24920368194580078,176.82667228589867,0.03821110725402832,1
-0.24958428740501404,176.82543586044656,0.03806024789810181,1
-0.24981233477592468,176.83941256258666,0.03768342733383179,1
-0.25104430317878723,176.7639161876271,0.03954285383224487,1
-0.2506842017173767,176.78440804050953,0.04038667678833008,1
-0.24965211749076843,176.809509759124,0.03911465406417847,1
-0.2500654458999634,176.7750506829764,0.03990375995635986,1
-0.2501981258392334,176.84541627517427,0.03971147537231445,1
-0.2503203749656677,176.862039046025,0.03933751583099365,1
-0.24939897656440735,176.85415266491336,0.03762918710708618,1
-0.25040915608406067,176.81908697630612,0.03624945878982544,1
-0.24961352348327637,176.84130020786023,0.034690260887145996,1
-0.24122834205627441,177.0918848643257,0.03568899631500244,1
-0.24249401688575745,177.02717464182615,0.038536012172698975,1
-0.2446306049823761,176.98049205961735,0.04281741380691528,1
-0.24137046933174133,177.11346087154462,0.041517436504364014,1
-0.24214127659797668,176.99339658504982,0.041749656200408936,1
-0.24297088384628296,176.97860970065037,0.04160487651824951,1
-0.24347034096717834,176.81589307920026,0.0442470908164978,1
-0.24295005202293396,176.69588369734518,0.04603308439254761,1
-0.24142074584960938,176.69459107798707,0.04173290729522705,1
-0.2391720712184906,176.7055402282935,0.04403632879257202,1
-0.2406078577041626,176.72514299750924,0.048366546630859375,1
-0.2406957745552063,176.74359125696176,0.048395395278930664,1
-0.2395944595336914,176.70279698638458,0.047081708908081055,1
-0.2398027777671814,176.6589807282412,0.04593253135681152,1
-0.23936372995376587,176.68426492190818,0.044212937355041504,1
-0.23892506957054138,176.86986084218884,0.04090362787246704,1
-0.23891586065292358,176.9275378818874,0.0408710241317749,1
-0.23997706174850464,176.90409937468792,0.03955686092376709,1
-0.24103954434394836,176.80471417848398,0.042408764362335205,1
-0.2399904429912567,176.92834756015043,0.04203838109970093,1
-0.24040168523788452,176.9249881695078,0.04140949249267578,1
-0.24033114314079285,176.92397619068623,0.039569199085235596,1
-0.2403513789176941,177.05564572646688,0.03929471969604492,1
-0.23900461196899414,177.0396481244022,0.041355133056640625,1
-0.23847347497940063,177.05208541901607,0.041594505310058594,1
-0.23765146732330322,177.01625755431553,0.04294848442077637,1
-0.23645484447479248,176.98918477891226,0.043221473693847656,1
-0.23641645908355713,176.97891867628374,0.043395400047302246,1
-0.235935240983963,177.01208496635513,0.04063624143600464,1
-0.23579424619674683,176.983131847424,0.04064440727233887,1
-0.23458725214004517,177.0031500817705,0.04053199291229248,1
-0.23417377471923828,177.00085239672106,0.04179680347442627,1
-0.2339908480644226,176.92343188436715,0.04253566265106201,1
-0.2330171763896942,176.9741590036307,0.03928416967391968,1
-0.2316073477268219,176.97248709975227,0.03944438695907593,1
-0.23195341229438782,176.95127278026905,0.039680540561676025,1
-0.23324763774871826,177.00575392845266,0.03912961483001709,1
-0.23367992043495178,176.980601831993,0.03825777769088745,1
-0.2329520583152771,176.94757057123786,0.036782026290893555,1
-0.2327384054660797,176.9136708810155,0.03645890951156616,1
-0.23420438170433044,176.91506664314986,0.03666180372238159,1
-0.23476463556289673,176.93823762026676,0.037636399269104004,1
-0.23451277613639832,177.0914296272467,0.038966476917266846,1
-0.23507651686668396,177.11086123352828,0.03845018148422241,1
-0.23568221926689148,177.08259745156658,0.03936880826950073,1
-0.23556140065193176,176.90913893600865,0.041522085666656494,1
-0.23581823706626892,176.82838787325852,0.0414920449256897,1
-0.23685422539710999,176.7109387801252,0.041282474994659424,1
-0.2368309497833252,176.73223819401665,0.04111313819885254,1
-0.23620527982711792,176.85910031514575,0.04132843017578125,1
-0.23543301224708557,176.81246904551656,0.04402381181716919,1
-0.23479607701301575,176.73923315734524,0.044592440128326416,1
-0.23524439334869385,176.69150518311818,0.04471313953399658,1
-0.23506397008895874,176.59919223224392,0.04411423206329346,1
-0.23606553673744202,176.61845440719665,0.04415541887283325,1
-0.2370641529560089,176.65278759802132,0.044526875019073486,1
-0.23753085732460022,177.04563684828656,0.0434991717338562,1
-0.237201988697052,176.90536371167352,0.04294145107269287,1
-0.23607423901557922,176.9432220852025,0.04080265760421753,1
-0.2355949878692627,176.99719247828529,0.041065335273742676,1
-0.23488396406173706,176.97777322983777,0.041538119316101074,1
-0.23512065410614014,176.91016672988974,0.042147159576416016,1
-0.23377543687820435,176.92185441509437,0.042536139488220215,1
-0.23189395666122437,177.00699030363472,0.03457999229431152,1
-0.23189511895179749,177.02093927247796,0.03644806146621704,1
-0.23146668076515198,177.216202523655,0.035769760608673096,1
-0.23157963156700134,177.22250692873877,0.036784350872039795,1
-0.23249384760856628,177.2006994258196,0.036765992641448975,1
-0.23245316743850708,177.26684611842327,0.036751389503479004,1
-0.2337738275527954,177.23042845387528,0.0345534086227417,1
-0.23285943269729614,177.25183900359158,0.036519408226013184,1
-0.23252877593040466,177.0750128149872,0.03829306364059448,1
-0.23241442441940308,177.04159645331544,0.03829324245452881,1
-0.23195397853851318,177.05415951059354,0.03899407386779785,1
-0.23312872648239136,177.19910312658456,0.03821253776550293,1
-0.2333102822303772,177.21354736242372,0.0369950532913208,1
-0.23301824927330017,177.07502681261624,0.038317739963531494,1
-0.23205623030662537,177.0965335958528,0.03790169954299927,1
-0.23137632012367249,177.0879769162456,0.03677397966384888,1
-0.23105639219284058,177.15319522757616,0.03731977939605713,1
-0.2312229871749878,177.13907988035194,0.037246108055114746,1
-0.22988450527191162,177.2730924333383,0.0369260311126709,1
-0.23167464137077332,177.12935847453028,0.03921157121658325,1
-0.23195645213127136,177.1139518632719,0.03993874788284302,1
-0.2315831482410431,177.17593540704218,0.03680843114852905,1
-0.23139774799346924,177.16090490447547,0.03714561462402344,1
-0.23161575198173523,177.15022233135903,0.037283241748809814,1
-0.23181045055389404,176.99384000568057,0.03847813606262207,1
-0.23245543241500854,176.95908385509216,0.0374220609664917,1
-0.23118653893470764,176.81542134361544,0.04001206159591675,1
-0.23080074787139893,176.9755781679941,0.04017806053161621,1
-0.23110857605934143,177.04605980928326,0.03895372152328491,1
-0.23169490694999695,177.04505249300203,0.03897756338119507,1
-0.23175635933876038,177.04624206626926,0.03874725103378296,1
-0.23123428225517273,176.99955244926448,0.036988914012908936,1
-0.23145130276679993,177.0591656584514,0.03821748495101929,1
-0.23280218243598938,176.94908650931578,0.04116123914718628,1
-0.2326175570487976,176.91535125101515,0.04056370258331299,1
-0.23220080137252808,176.88867800065964,0.04210174083709717,1
-0.23212873935699463,176.86419298054415,0.04273414611816406,1
-0.23407253623008728,176.55767872100998,0.04281502962112427,1
-0.23148790001869202,177.0635523730304,0.04075700044631958,1
-0.23278748989105225,176.96504752852377,0.04129195213317871,1
-0.23190224170684814,176.9565967164405,0.04195582866668701,1
-0.23333010077476501,177.01974353837412,0.04001349210739136,1
-0.23298120498657227,176.9761894791623,0.04041123390197754,1
-0.23355376720428467,176.93088474944096,0.0409168004989624,1
-0.23151615262031555,176.90853105897185,0.04157048463821411,1
-0.23230472207069397,176.85149176888686,0.04274874925613403,1
-0.23196491599082947,176.86465254612227,0.044505774974823,1
-0.23319587111473083,176.735759498308,0.041978538036346436,1
-0.23365965485572815,176.76266148855518,0.042486727237701416,1
-0.23326212167739868,176.77910728594756,0.04297018051147461,1
-0.23374894261360168,176.7151889853497,0.04347306489944458,1
-0.23389193415641785,176.68988374472426,0.040975987911224365,1
-0.2331443428993225,176.63690106683325,0.04073512554168701,1
-0.23295724391937256,176.6781652522691,0.04056203365325928,1
-0.23377633094787598,176.66086003063873,0.04191398620605469,1
-0.23327365517616272,176.61000796237676,0.03840512037277222,1
-0.23297461867332458,176.61177049513012,0.03802400827407837,1
-0.232894629240036,176.6262088452597,0.03843802213668823,1
-0.23364990949630737,177.00977768986056,0.037386536598205566,1
-0.23248934745788574,177.14931675198403,0.03672075271606445,1
-0.2329549491405487,177.081101549735,0.03780621290206909,1
-0.2330375611782074,176.9919997525939,0.03955119848251343,1
-0.23333820700645447,176.9647780080787,0.04108065366744995,1
-0.23432070016860962,176.91977589771525,0.04107785224914551,1
-0.2340933382511139,176.86627775942767,0.040479958057403564,1
-0.23432374000549316,176.8491977161034,0.04095923900604248,1
-0.23305222392082214,176.83188663863666,0.04286569356918335,1
-0.23424622416496277,176.86006005220435,0.04230159521102905,1
-0.23344236612319946,176.92232392818457,0.039969563484191895,1
-0.23309090733528137,177.24355662835484,0.03940314054489136,1
-0.233679860830307,177.24007504399816,0.03938800096511841,1
-0.23504823446273804,177.12115592165932,0.0393376350402832,1
-0.23580533266067505,177.11509015691882,0.038787245750427246,1
-0.23584789037704468,177.14074601357223,0.038626670837402344,1
-0.23526924848556519,177.14462269431482,0.03968453407287598,1
-0.23515239357948303,177.2383472885901,0.03900212049484253,1
-0.2359747290611267,177.24414298076718,0.03903234004974365,1
-0.2360738217830658,177.1926827867246,0.03845852613449097,1
-0.23630043864250183,177.16716022356619,0.038856327533721924,1
-0.23594173789024353,177.14704802699788,0.04041951894760132,1
-0.23514530062675476,177.06466170733316,0.04142957925796509,1
-0.23454031348228455,176.87499837192135,0.04107135534286499,1
-0.23298075795173645,176.83988950845597,0.0402105450630188,1
-0.2324790358543396,176.72101292217593,0.0432736873626709,1
-0.2329687774181366,176.94047198930105,0.036949098110198975,1
-0.2318941354751587,176.9742336083315,0.03609299659729004,1
-0.23099833726882935,177.0174094308735,0.03959918022155762,1
-0.23087021708488464,177.04114701119798,0.03937727212905884,1
-0.2299041748046875,177.0589788746091,0.037812232971191406,1
-0.22722983360290527,177.0883976000871,0.043174147605895996,1
-0.22753706574440002,177.0680234720738,0.04440385103225708,1
-0.2277088463306427,177.05588274163657,0.042391836643218994,1
-0.228531152009964,176.96800524488725,0.039166390895843506,1
-0.22790586948394775,176.95857715460966,0.040608763694763184,1
-0.2272503674030304,176.91440139168463,0.044198572635650635,1
-0.22682732343673706,176.89052602299188,0.04404938220977783,1
-0.22592750191688538,176.906692633812,0.04501312971115112,1
-0.2254006564617157,176.9713325026952,0.043487489223480225,1
-0.22522994875907898,176.97610820111422,0.043502867221832275,1
-0.22448235750198364,176.9659528445986,0.04393637180328369,1
-0.2242593765258789,176.9575034557971,0.04405403137207031,1
-0.22437116503715515,176.94141957423344,0.04345589876174927,1
-0.22293418645858765,176.91892437551041,0.0453333854675293,1
-0.2232014536857605,176.9765573215477,0.04471874237060547,1
-0.2238692045211792,176.9219614554396,0.044191718101501465,1
-0.2240789234638214,176.94746165745732,0.04420965909957886,1
-0.22565194964408875,176.97787002873073,0.046766698360443115,1
-0.22624623775482178,177.05245856904668,0.046704888343811035,1
-0.22707238793373108,177.01843517188968,0.04833143949508667,1
-0.22817042469978333,177.13075331583516,0.04600721597671509,1
-0.23011064529418945,177.0830799904328,0.049567341804504395,1
-0.23025211691856384,177.07971301363384,0.04954320192337036,1
-0.2308477759361267,177.07464310314865,0.04825460910797119,1
-0.23081374168395996,177.07084342328696,0.04809153079986572,1
-0.23104733228683472,177.02458371895096,0.049869656562805176,1
-0.23317089676856995,177.03404365957783,0.049813926219940186,1
-0.23138055205345154,177.081541334531,0.04210418462753296,1
-0.23044320940971375,177.17713552083114,0.040283381938934326,1
-0.22986993193626404,177.20166390908244,0.04133361577987671,1
-0.22962573170661926,177.2616031179739,0.04137188196182251,1
-0.22989007830619812,177.26878533152055,0.040827810764312744,1
-0.23005658388137817,177.09908550193714,0.044715285301208496,1
-0.22970613837242126,177.06496792437065,0.04515498876571655,1
-0.2407183051109314,177.61065489056136,0.014538884162902832,1
-0.24360942840576172,177.97737747940346,0.010419487953186035,1
-0.24409747123718262,177.8617065631524,0.012533783912658691,1
-0.2441045641899109,177.82353832059982,0.012850403785705566,1
-0.2430039644241333,177.81941766642746,0.01603519916534424,1
-0.2429235577583313,178.2959591664123,0.015348434448242188,1
-0.2425527274608612,178.3689189549418,0.017407357692718506,1
-0.24098944664001465,178.0820531241625,0.021128177642822266,1
-0.24060872197151184,178.0713010694957,0.020332038402557373,1
-0.24104923009872437,178.10513900534124,0.019994497299194336,1
-0.24164912104606628,178.13449424981042,0.018789589405059814,1
-0.24253472685813904,178.37165526173553,0.01976674795150757,1
-0.24249354004859924,178.3285728339961,0.021618902683258057,1
-0.24210375547409058,178.2907697325532,0.02161109447479248,1
-0.2421126663684845,178.26171286808435,0.021526873111724854,1
-0.2418493926525116,178.02541519836421,0.021429836750030518,1
-0.24247822165489197,177.9694274920192,0.019904792308807373,1
-0.24157994985580444,177.98281199496913,0.018948674201965332,1
-0.24068209528923035,177.91288825388054,0.02028137445449829,1
-0.24029558897018433,177.9925843843556,0.021708369255065918,1
-0.23999297618865967,178.12064376240588,0.020335078239440918,1
-0.23956739902496338,178.1868241816402,0.02004718780517578,1
-0.2397264540195465,178.05411863496457,0.020104944705963135,1
-0.239332377910614,177.98128421072667,0.01949787139892578,1
-0.23934972286224365,177.91009478513587,0.019367098808288574,1
-0.23760154843330383,177.84880781622954,0.021581947803497314,1
-0.23738282918930054,177.93170643553273,0.0198972225189209,1
-0.23635125160217285,177.9013382404984,0.01951289176940918,1
-0.23602557182312012,177.8210502765222,0.020459294319152832,1
-0.23561832308769226,177.80844992659686,0.021156728267669678,1
-0.23529914021492004,177.81148573579702,0.02088218927383423,1
-0.23398789763450623,177.91035485422577,0.021576225757598877,1
-0.23523172736167908,177.9497962780546,0.019395768642425537,1
-0.23784756660461426,178.12970932561132,0.012867927551269531,1
-0.2382860779762268,178.2301435520282,0.013196587562561035,1
-0.23842763900756836,178.37727891278973,0.013608455657958984,1
-0.23656535148620605,178.38873715035143,0.015180468559265137,1
-0.23472517728805542,178.18156556277822,0.016019463539123535,1
-0.23411601781845093,178.16886327983937,0.0167696475982666,1
-0.2331608533859253,178.14771185342772,0.018773674964904785,1
-0.23472732305526733,178.08563762815368,0.016318678855895996,1
-0.2352045774459839,177.99472082741372,0.015195488929748535,1
-0.23376211524009705,177.98120462161683,0.015528380870819092,1
-0.2323000133037567,177.99769495458253,0.01651066541671753,1
-0.23255082964897156,177.97809194430093,0.015354454517364502,1
-0.23054403066635132,177.98221186068665,0.01578843593597412,1
-0.230560302734375,178.04844188228978,0.012665987014770508,1
-0.2295549213886261,178.0635147596833,0.01326984167098999,1
-0.22866645455360413,178.23357688196202,0.015337765216827393,1
-0.22793009877204895,178.31155697324266,0.015445888042449951,1
-0.2244463562965393,177.9394825890844,0.02016317844390869,1
-0.22332057356834412,177.92359823312697,0.02077847719192505,1
-0.22075676918029785,177.94409190723493,0.021741628646850586,1
-0.22020971775054932,177.57288063498444,0.02224433422088623,1
-0.29998162388801575,175.9283945221744,0.009084999561309814,0
-0.2919117212295532,175.96964610982937,0.004124999046325684,0
-0.291024774312973,175.91314708171421,0.004941463470458984,0
-0.29105666279792786,175.8070841169685,0.005029141902923584,0
-0.2916742265224457,175.90312075649058,0.0065615177154541016,0
-0.2911585569381714,175.8943239836149,0.006860613822937012,0
-0.29040926694869995,175.96290699125544,0.006386458873748779,0
-0.29172033071517944,175.9142298871744,0.006175100803375244,0
-0.2923664450645447,175.94015098308617,0.007056295871734619,0
-0.29203322529792786,175.9317044549943,0.007423996925354004,0
-0.2923808693885803,175.91267346422708,0.00747913122177124,0
-0.2931372821331024,175.91968223957713,0.006673634052276611,0
-0.29232552647590637,175.81948655784095,0.008191823959350586,0
-0.2932530641555786,175.7801366870541,0.00723111629486084,0
-0.29337456822395325,175.81963449387584,0.007384657859802246,0
-0.29421934485435486,175.89215200216606,0.006424963474273682,0
-0.29482772946357727,175.93032400682546,0.006678521633148193,0
-0.29934829473495483,176.02930822545494,0.005247771739959717,0
-0.30269259214401245,176.0687097056108,0.002672910690307617,0
-0.3028867542743683,175.96235720685016,0.00442272424697876,0
-0.3038000464439392,175.9220469249626,0.0023676156997680664,0
-0.3039699196815491,175.9491410319796,0.0020233988761901855,0
-0.306518018245697,176.0078553418016,0.002802252769470215,0
-0.3077988624572754,176.02216427100674,0.0015739798545837402,0
-0.3079186677932739,176.06230499400667,0.003256380558013916,0
-0.30816343426704407,176.05167784690062,0.003735482692718506,0
-0.30872586369514465,176.04997354315597,0.0037273764610290527,0
-0.3093237578868866,176.0993735993507,0.0028302669525146484,0
-0.3096503019332886,176.14240816144186,0.003598809242248535,0
-0.30878889560699463,176.13840993431958,0.003938257694244385,0
-0.3093774914741516,176.1243727350691,0.0017495155334472656,0
-0.3092004656791687,176.1333415947613,0.0024130940437316895,0
-0.3095487952232361,176.03971787307594,0.002338409423828125,0
-0.30938854813575745,176.0314076586116,0.0036330223083496094,0
-0.30903950333595276,176.05165074988486,0.0035396814346313477,0
-0.3090132176876068,176.09271443616046,0.002647578716278076,0
-0.30863747000694275,176.11474221846734,0.002290964126586914,0
-0.30881544947624207,176.07018204280078,0.0027494430541992188,0
-0.3084905743598938,176.12388267532225,0.002432703971862793,0
-0.3067587614059448,176.13222549285754,0.002711474895477295,0
-0.30670949816703796,176.13515204390413,0.0027927756309509277,0
-0.3065696358680725,176.13282551733516,0.0020740628242492676,0
-0.30671074986457825,176.11790268659541,0.0049408674240112305,0
-0.30659958720207214,176.2675750185593,0.004240095615386963,0
-0.30784982442855835,176.05178727898615,0.004496514797210693,0
-0.30889618396759033,175.96765927640163,0.00551682710647583,0
-0.3089537024497986,176.1428736850019,0.005574405193328857,0
-0.3093363642692566,176.13941945191675,0.006367206573486328,0
-0.3107585608959198,176.46222308764257,0.0024524331092834473,0
-0.311428964138031,176.37694699020886,0.004479110240936279,0
-0.311947762966156,176.3852138876566,0.0046572089195251465,0
-0.31196990609169006,176.37317108009387,0.0029068589210510254,0
-0.31143248081207275,176.32912735548356,0.002369821071624756,0
-0.31155866384506226,176.32641610579736,0.001202702522277832,0
-0.3131345510482788,176.24133790844095,0.0027979016304016113,0
-0.31304726004600525,176.2346512439303,0.0029678940773010254,0
-0.312590628862381,176.3427512854121,0.00295257568359375,0
-0.31270813941955566,176.2822122617194,0.00367891788482666,0
-0.3123103082180023,176.02870181111052,0.003977715969085693,0
-0.3119221329689026,176.05150926124793,0.004071235656738281,0
-0.3119036555290222,175.9869464021892,0.004554450511932373,0
-0.31155678629875183,175.91144786183182,0.004461944103240967,0
-0.311231791973114,175.89281678243182,0.004018425941467285,0
-0.3110356628894806,175.91266793647873,0.004734694957733154,0
-0.3098834753036499,175.93479564427804,0.004494190216064453,0
-0.3119698166847229,176.02951950381794,0.008162736892700195,0
-0.31212976574897766,176.21347615099262,0.008158743381500244,0
-0.3121553659439087,176.07296555155213,0.008002519607543945,0
-0.3115524351596832,175.98282433564006,0.00629734992980957,0
-0.3115735352039337,175.98280719047622,0.006084322929382324,0
-0.3134191334247589,176.11868085410254,0.006013453006744385,0
-0.3125176429748535,176.10583113653485,0.0057520270347595215,0
-0.3134879171848297,176.04057747294064,0.005731523036956787,0
-0.312942236661911,176.07433575895536,0.005286812782287598,0
-0.31273379921913147,176.10447271502187,0.0051316022872924805,0
-0.3126896619796753,176.09589717028572,0.004883468151092529,0
-0.3125074803829193,176.08316355023675,0.00559234619140625,0
-0.3117227256298065,176.02324549720893,0.005495548248291016,0
-0.31175047159194946,176.02249689123482,0.00553441047668457,0
-0.3116331994533539,176.0188581692738,0.005420029163360596,0
-0.31215348839759827,175.99359365448092,0.004673659801483154,0
-0.3124588131904602,176.07438674652695,0.003731846809387207,0
-0.312724769115448,176.10112597132124,0.003210723400115967,0
-0.31304723024368286,176.0767489047802,0.004111111164093018,0
-0.31249549984931946,176.07799534319537,0.005346894264221191,0
-0.3124786615371704,176.0766052659143,0.005139410495758057,0
-0.3138139843940735,176.06036953999072,0.00577932596206665,0
-0.3133194148540497,176.0399409631861,0.006288707256317139,0
-0.31370753049850464,175.99595600963917,0.007055938243865967,0
-0.3136758506298065,175.98113086493342,0.007027626037597656,0
-0.3135082721710205,175.77857289950234,0.007760763168334961,0
-0.3139260709285736,175.77141057447867,0.006815016269683838,0
-0.312974214553833,175.78991697648252,0.006338775157928467,0
-0.31145983934402466,175.7998522860566,0.006321966648101807,0
-0.311149537563324,175.96899430779308,0.005875229835510254,0
-0.31075090169906616,176.16746728066505,0.00494837760925293,0
-0.31061306595802307,176.08929113259052,0.005122721195220947,0
-0.31103986501693726,176.10640218645673,0.005859434604644775,0
-0.31110498309135437,175.99592874662025,0.006018280982971191,0
-0.31095799803733826,176.015940256742,0.0060732364654541016,0
-0.31097033619880676,176.0176350155531,0.005947291851043701,0
-0.3105972409248352,176.05467439248434,0.006912529468536377,0
-0.31119048595428467,175.96537101036319,0.007822513580322266,0
-0.31077975034713745,175.95459839886192,0.006968498229980469,0
-0.31061890721321106,176.00821348363985,0.006690561771392822,0
-0.3093802034854889,175.97934940672965,0.007037103176116943,0
-0.3094547986984253,175.89019256530486,0.007523715496063232,0
-0.30990567803382874,175.85938935145768,0.007798373699188232,0
-0.30959922075271606,175.92506830990544,0.006794095039367676,0
-0.3109823763370514,175.98538863926458,0.005246460437774658,0
-0.3104041516780853,175.9352023774091,0.006558477878570557,0
-0.30950209498405457,175.79825882624593,0.007573187351226807,0
-0.31053784489631653,175.79960824224412,0.007651567459106445,0
-0.3105560839176178,175.88275313668697,0.00672757625579834,0
-0.31033262610435486,176.03938132818155,0.006114661693572998,0
-0.31058940291404724,176.15828138321905,0.005241215229034424,0
-0.3101620376110077,176.09164600137197,0.006172895431518555,0
-0.3096994459629059,176.04777244417085,0.005967259407043457,0
-0.3096292316913605,176.0920345613153,0.005964875221252441,0
-0.3099718987941742,176.09929379763472,0.0050051212310791016,0
-0.3096882998943329,176.0918205280737,0.00523531436920166,0
-0.3098459839820862,176.1159578567533,0.005010128021240234,0
-0.3092253804206848,176.0682837701417,0.005548655986785889,0
-0.3101126551628113,176.06674984514703,0.00496751070022583,0
-0.30992579460144043,176.0758312898195,0.005757570266723633,0
-0.3089770972728729,176.1924632594628,0.00540316104888916,0
-0.3091008961200714,176.16264734010159,0.006446659564971924,0
-0.30888399481773376,176.13320985136943,0.006528019905090332,0
-0.3091084957122803,176.13809416085527,0.006776869297027588,0
-0.30985963344573975,176.15144406158484,0.005978882312774658,0
-0.3097063899040222,176.19606066945113,0.006280481815338135,0
-0.3090519905090332,176.1538682294378,0.006936490535736084,0
-0.30890706181526184,176.32103520728936,0.00569605827331543,0
-0.3117184042930603,176.30605676442605,0.006814718246459961,0
-0.3117000162601471,176.35016814663382,0.007107198238372803,0
-0.3116401731967926,176.34486834032927,0.007115960121154785,0
-0.31138038635253906,176.33484043022278,0.0064544677734375,0
-0.31087860465049744,176.33836308815987,0.006062150001525879,0
-0.3109593391418457,176.35367762584508,0.007208883762359619,0
-0.3109602928161621,176.21818354312893,0.007863998413085938,0
-0.31069085001945496,176.09233201832265,0.008103370666503906,0
-0.3106672465801239,176.26545324206595,0.007900416851043701,0
-0.3138628900051117,176.138291483622,0.008734166622161865,0
-0.31397226452827454,175.86439787169027,0.008991539478302002,0
-0.3136800527572632,175.89501855061948,0.008778989315032959,0
-0.3111635148525238,175.88117370760222,0.009051918983459473,0
-0.3105032444000244,175.71035225115148,0.010270416736602783,0
-0.31077152490615845,175.66180751701944,0.00980299711227417,0
-0.30985572934150696,175.63501394515765,0.010986387729644775,0
-0.3107522130012512,175.51095252581254,0.011122643947601318,0
-0.31041988730430603,175.65312714765858,0.010516047477722168,0
-0.30984607338905334,175.8106442570702,0.010655462741851807,0
-0.3088371753692627,175.57399492156688,0.013142168521881104,0
-0.30676335096359253,175.63272839149553,0.01479804515838623,0
-0.30499622225761414,175.5377935046754,0.016350269317626953,0
-0.3036937415599823,175.06343388892603,0.020373225212097168,0
-0.3048211634159088,175.07066889026916,0.025949060916900635,0
-0.30504682660102844,174.8332919596426,0.028347909450531006,0
-0.3051510751247406,174.81800391506232,0.030347883701324463,0
-0.3054572343826294,174.80013205190434,0.032430827617645264,0
-0.3040269911289215,174.568230509994,0.03667169809341431,0
-0.3019587993621826,174.43291506682598,0.040374577045440674,0
-0.30216503143310547,174.27859812530292,0.043405771255493164,0
-0.30245307087898254,174.3272251942618,0.04375350475311279,0
-0.3050161302089691,174.57403675618912,0.040440380573272705,0
-0.30967187881469727,175.30503117003784,0.03879570960998535,0
-0.31044822931289673,175.52782082631447,0.038916587829589844,0
-0.3134828507900238,175.72448131151745,0.03586244583129883,0
-0.3137134313583374,175.84132257787078,0.035045325756073,0
-0.3150392472743988,175.93151225517647,0.034522056579589844,0
-0.3152271807193756,175.88536426804984,0.034696340560913086,0
-0.31592950224876404,175.95582915867558,0.033568382263183594,0
-0.3144141137599945,175.89515240654336,0.03383314609527588,0
-0.3152771294116974,175.8666664677377,0.03335672616958618,0
-0.31511005759239197,175.89098033963796,0.033323585987091064,0
-0.31520771980285645,175.94345871601098,0.033518850803375244,0
-0.31488797068595886,175.71648271962587,0.03451216220855713,0
-0.3147529363632202,175.65610198602903,0.0348660945892334,0
-0.3127638101577759,175.72165542635815,0.03388416767120361,0
-0.31301605701446533,175.63502483949713,0.03460055589675903,0
-0.3123841881752014,175.58105607429525,0.0349431037902832,0
-0.3121931254863739,175.66682731741994,0.03545659780502319,0
-0.31158706545829773,175.88949588949205,0.03493225574493408,0
-0.3115094006061554,175.8897461928076,0.0353618860244751,0
-0.3106248080730438,175.83093075797066,0.03543531894683838,0
-0.3096296489238739,175.83726580245306,0.034873902797698975,0
-0.30941423773765564,175.7931668422248,0.03487372398376465,0
-0.309596449136734,175.722350747382,0.03597700595855713,0
-0.3096122741699219,175.6938101089191,0.03604990243911743,0
-0.30987969040870667,175.68423552460143,0.03592008352279663,0
-0.3097861111164093,175.68216879248203,0.03594613075256348,0
-0.30957069993019104,175.78586741329184,0.0346454381942749,0
-0.3103705942630768,175.74631200884298,0.03389894962310791,0
-0.31211167573928833,175.78041767563596,0.03239172697067261,0
-0.31107109785079956,175.8579012817864,0.03237694501876831,0
-0.3111889958381653,175.82885424588625,0.03372323513031006,0
-0.31087908148765564,175.86778767474422,0.034024178981781006,0
-0.31061530113220215,175.88153587701703,0.03407275676727295,0
-0.3116452991962433,175.83496027268816,0.034353673458099365,0
-0.3136962950229645,175.81015704757138,0.0341530442237854,0
-0.3153478503227234,175.7678657590922,0.03200477361679077,0
-0.3130720257759094,175.8668930025066,0.031697213649749756,0
-0.3156268894672394,175.85821187010885,0.03209942579269409,0
-0.31497159600257874,175.88320038892493,0.03191179037094116,0
-0.3155379593372345,175.83894702274762,0.03234165906906128,0
-0.31593725085258484,175.84265449847325,0.032269299030303955,0
-0.31605759263038635,175.84438874187714,0.03249049186706543,0
-0.3137596845626831,176.03832496462303,0.03250014781951904,0
-0.31462109088897705,175.93968711556303,0.032349348068237305,0
-0.3153887987136841,175.97036805412452,0.031453073024749756,0
-0.3132910430431366,176.07209588946188,0.031116068363189697,0
-0.31393688917160034,175.90269007739246,0.03076225519180298,0
-0.3130618631839752,175.76003857802843,0.03245711326599121,0
-0.3129706382751465,175.7484413019109,0.032524287700653076,0
-0.31310027837753296,175.91349703375647,0.03245025873184204,0
-0.31286171078681946,175.7973681886146,0.03246510028839111,0
-0.3136853277683258,175.79963204615206,0.032157957553863525,0
-0.3131124675273895,175.7245521040338,0.032677412033081055,0
-0.3132043778896332,175.73333513250486,0.032298743724823,0
-0.31392911076545715,175.7336248867956,0.03226661682128906,0
-0.31470951437950134,175.87993734861683,0.03158974647521973,0
-0.31420668959617615,175.87018282152783,0.03181135654449463,0
-0.31359830498695374,175.85432564571562,0.031376004219055176,0
-0.31362396478652954,175.81915332973784,0.031659066677093506,0
-0.31362199783325195,175.823751942908,0.03173637390136719,0
-0.31426772475242615,175.84056443367209,0.031221508979797363,0
-0.3154197335243225,176.01131923899376,0.03039461374282837,0
-0.31397634744644165,175.99929156514605,0.030447661876678467,0
-0.31503769755363464,175.87485379677074,0.03070223331451416,0
-0.31455710530281067,175.87571850535588,0.030689597129821777,0
-0.3141973316669464,175.87597404775315,0.03032928705215454,0
-0.3142629563808441,175.8633568646952,0.03016418218612671,0
-0.3143395185470581,175.90240389786769,0.029736578464508057,0
-0.31464314460754395,175.89415112163718,0.03017204999923706,0
-0.3145584762096405,175.87780619423404,0.03028404712677002,0
-0.3143012821674347,175.94444196200726,0.03037416934967041,0
-0.31377094984054565,175.9209695597818,0.030601322650909424,0
-0.3124706745147705,175.91948402291962,0.03039681911468506,0
-0.3118547201156616,175.92492011637026,0.029934704303741455,0
-0.3125793933868408,175.9319563844097,0.02993941307067871,0
-0.3127981424331665,175.9223455459193,0.02983194589614868,0
-0.3147183656692505,175.9432708016923,0.029782354831695557,0
-0.3147817552089691,175.87781195390556,0.030241429805755615,0
-0.31427428126335144,175.88551448228736,0.030612528324127197,0
-0.3149726092815399,175.76019800357903,0.03131723403930664,0
-0.3137918710708618,175.9217097767606,0.030317246913909912,0
-0.31389278173446655,175.94506080501475,0.029911577701568604,0
-0.31365278363227844,175.90969443491085,0.030039310455322266,0
-0.31383317708969116,175.9356751445596,0.03012138605117798,0
-0.31390658020973206,175.91108131902402,0.03050321340560913,0
-0.31385159492492676,175.93709728281675,0.030686378479003906,0
-0.31374791264533997,175.95072100434263,0.030835866928100586,0
-0.3127738833427429,175.95046816245605,0.030734598636627197,0
-0.31298694014549255,175.93026038946155,0.03069370985031128,0
-0.3150712251663208,175.95277440717047,0.03050541877746582,0
-0.3141838610172272,176.06677081030006,0.02611374855041504,0
-0.33128121495246887,176.33815234073307,0.026377439498901367,0
-0.3322667181491852,176.44641819192606,0.026763319969177246,0
-0.3326961398124695,176.469588414991,0.02686786651611328,0
-0.3331124484539032,176.4745205136519,0.026912689208984375,0
-0.3324778079986572,176.51465104902277,0.02689528465270996,0
-0.3334462344646454,176.54915861840198,0.02660346031188965,0
-0.33404260873794556,176.6277481305316,0.026137709617614746,0
-0.33394956588745117,176.65258477420952,0.026070833206176758,0
-0.3342761695384979,176.61111406495255,0.02569448947906494,0
-0.33432623744010925,176.68255366287738,0.024993896484375,0
-0.33499428629875183,176.65661763948538,0.024806857109069824,0
-0.3348533809185028,176.66518133478547,0.02459585666656494,0
-0.33446842432022095,176.67789217862676,0.024003922939300537,0
-0.333829402923584,176.72778925951658,0.023770451545715332,0
-0.3332454264163971,176.74072450715568,0.024235248565673828,0
-0.3333680033683777,176.8481491307951,0.023978888988494873,0
-0.33326706290245056,176.95692346349827,0.02396869659423828,0
-0.3326491415500641,176.90203343394512,0.02496093511581421,0
-0.3336281478404999,176.86437181191172,0.024659156799316406,0
-0.33249878883361816,176.82266576151406,0.025256097316741943,0
-0.3323788344860077,176.8678353659313,0.025277912616729736,0
-0.33242490887641907,176.76193299603247,0.02527320384979248,0
-0.3325585126876831,176.79461628168363,0.025235295295715332,0
-0.3331582844257355,176.66189918516451,0.025501012802124023,0
-0.3327059745788574,176.68779819209317,0.025467753410339355,0
-0.3332844376564026,176.68143188590898,0.025391578674316406,0
-0.3330235779285431,176.67358939888672,0.025640368461608887,0
-0.33300915360450745,176.71059239060244,0.025629818439483643,0
-0.33331990242004395,176.71299781609352,0.02527517080307007,0
-0.33328065276145935,176.73072479533238,0.025288164615631104,0
-0.3338692784309387,176.72514211114847,0.025209009647369385,0
-0.334128201007843,176.73195464169856,0.024715542793273926,0
-0.3336033523082733,176.71277923313443,0.025523126125335693,0
-0.33344191312789917,176.7150088048934,0.024864614009857178,0
-0.33357298374176025,176.71383615308844,0.02492213249206543,0
-0.33413589000701904,176.68982083219663,0.025592505931854248,0
-0.3344767689704895,176.64206306496416,0.026254117488861084,0
-0.33429616689682007,176.63201180499414,0.02643495798110962,0
-0.33430859446525574,176.69217844196453,0.02569979429244995,0
-0.333119660615921,176.62461008195086,0.02611178159713745,0
-0.33311209082603455,176.6411354300335,0.02609431743621826,0
-0.33305805921554565,176.66741361605062,0.02537703514099121,0
-0.33266720175743103,176.5935628682451,0.02592390775680542,0
-0.3325728476047516,176.57268698108595,0.025840818881988525,0
-0.33295002579689026,176.5508669840059,0.026388704776763916,0
-0.33297890424728394,176.71304787919362,0.026289045810699463,0
-0.3323964476585388,176.72402196055884,0.025795042514801025,0
-0.33281171321868896,176.82090801215097,0.02508699893951416,0
-0.3320736587047577,176.80542790807957,0.025884926319122314,0
-0.3313221335411072,176.71754425451016,0.02632761001586914,0
-0.33121776580810547,176.67266350215618,0.026111185550689697,0
-0.33155375719070435,176.69143866797938,0.025978147983551025,0
-0.33119115233421326,176.78491656495132,0.025842726230621338,0
-0.33170998096466064,176.7630076263278,0.027065396308898926,0
-0.3318118155002594,176.74415656423372,0.027068018913269043,0
-0.3320072591304779,176.81192245720874,0.02636861801147461,0
-0.33209237456321716,176.8268506887691,0.026447176933288574,0
-0.33154693245887756,176.77176725892735,0.026738524436950684,0
-0.33158910274505615,176.83043595287504,0.026368319988250732,0
-0.33252647519111633,176.83714728578846,0.0263177752494812,0
-0.3324999213218689,176.86506094354814,0.025197327136993408,0
-0.33295610547065735,176.86819037816267,0.02434372901916504,0
-0.33269360661506653,176.8994700816873,0.02422386407852173,0
-0.3328150808811188,176.83457439776612,0.024215221405029297,0
-0.3321665823459625,176.64678309206047,0.025005996227264404,0
-0.33202701807022095,176.60553017276328,0.0252683162689209,0
-0.33219119906425476,176.6033020229103,0.025164544582366943,0
-0.33111080527305603,176.5344809829488,0.02587956190109253,0
-0.3314947187900543,176.56215915539886,0.025645077228546143,0
-0.3313136100769043,176.63776239181053,0.025609731674194336,0
-0.3314601480960846,176.63271037266676,0.025785446166992188,0
-0.3313555419445038,176.85013094051538,0.02538883686065674,0
-0.3316970765590668,176.83100307831714,0.025117874145507812,0
-0.3312774896621704,176.86225896151993,0.025161147117614746,0
-0.33118996024131775,176.85036803281173,0.02522677183151245,0
-0.33097803592681885,176.85688713419,0.02472144365310669,0
-0.3310079872608185,176.8728927371385,0.024735569953918457,0
-0.33086052536964417,176.83511897937487,0.025468170642852783,0
-0.331008642911911,176.8015853569386,0.02540576457977295,0
-0.3309241235256195,176.65694416793792,0.025447607040405273,0
-0.33088627457618713,176.71066965033395,0.025349318981170654,0
-0.331596314907074,176.74486507859444,0.0252610445022583,0
-0.33192121982574463,176.72273748009428,0.02600497007369995,0
-0.3320351839065552,176.60336677267622,0.026024043560028076,0
-0.33174341917037964,176.6671061069329,0.025788843631744385,0
-0.33148622512817383,176.6994459270138,0.026441097259521484,0
-0.3315456509590149,176.70074203077434,0.026303529739379883,0
-0.331963449716568,176.73407831310186,0.02542269229888916,0
-0.3319801986217499,176.74990486120257,0.025489091873168945,0
-0.3310994803905487,176.5333503113706,0.027334988117218018,0
-0.3302425742149353,176.59941711301076,0.027020752429962158,0
-0.33029502630233765,176.60271419586104,0.02696990966796875,0
-0.3306366205215454,176.5930156528981,0.0269739031791687,0
-0.3306366801261902,176.6213353649204,0.026830613613128662,0
-0.3301045596599579,176.61213759351494,0.026774048805236816,0
-0.33040285110473633,176.61208700418825,0.026736021041870117,0
-0.330142080783844,176.6661628917323,0.026343703269958496,0
-0.3303268551826477,176.67081518682332,0.026079952716827393,0
-0.3305506408214569,176.68591016885026,0.02647453546524048,0
-0.33050116896629333,176.61784482040238,0.026660025119781494,0
-0.33041155338287354,176.66544820645458,0.02643430233001709,0
-0.33048373460769653,176.63120048253114,0.026489555835723877,0
-0.3312641680240631,176.44936155821983,0.02749001979827881,0
-0.33063840866088867,176.43975040556063,0.028291821479797363,0
-0.3304578959941864,176.42133487624554,0.028265774250030518,0
-0.3304139971733093,176.43751948579018,0.028148293495178223,0
-0.33026114106178284,176.4298858604652,0.028478264808654785,0
-0.3303948938846588,176.4363905289744,0.028751373291015625,0
-0.3304860591888428,176.41517369031757,0.028342902660369873,0
-0.3304789662361145,176.3908554319512,0.02829301357269287,0
-0.3304930329322815,176.4028178519837,0.028232991695404053,0
-0.3305567800998688,176.41246528595659,0.028319180011749268,0
-0.33067232370376587,176.4893451741978,0.02859187126159668,0
-0.3307071328163147,176.4663945214676,0.028563618659973145,0
-0.3304043114185333,176.48341021879983,0.028593719005584717,0
-0.3301975429058075,176.478457434059,0.028515934944152832,0
-0.3301621675491333,176.45960138080767,0.028541386127471924,0
-0.32976436614990234,176.47642924996998,0.02863478660583496,0
-0.32998234033584595,176.5783331926963,0.027416646480560303,0
-0.3302663564682007,176.58136135509463,0.02739614248275757,0
-0.33074209094047546,176.58138889650093,0.027638673782348633,0
-0.33092787861824036,176.64962196714637,0.027421772480010986,0
-0.3306896388530731,176.60161461457733,0.027096927165985107,0
-0.3304404020309448,176.59484484970616,0.026328444480895996,0
-0.33069050312042236,176.46253124620517,0.026925206184387207,0
-0.3305719196796417,176.48225260530472,0.02678447961807251,0
-0.33044975996017456,176.47922824910387,0.026887714862823486,0
-0.3304516077041626,176.51349989274166,0.026718497276306152,0
-0.3303665816783905,176.50492345139435,0.026875853538513184,0
-0.33062416315078735,176.5711452475729,0.02633225917816162,0
-0.33113935589790344,176.58413719938574,0.027028143405914307,0
-0.33033865690231323,176.64296752693878,0.02719193696975708,0
-0.33012568950653076,176.57661827441748,0.02788597345352173,0
-0.3300257623195648,176.5534904680198,0.028113842010498047,0
-0.3302074372768402,176.48085169700542,0.027998387813568115,0
-0.3296251893043518,176.51517237911273,0.0281793475151062,0
-0.32952484488487244,176.50742757226237,0.028082311153411865,0
-0.329324334859848,176.5208461568713,0.02749842405319214,0
-0.32899224758148193,176.49967764726574,0.027279138565063477,0
-0.32893502712249756,176.49125237079974,0.0271836519241333,0
-0.32909560203552246,176.49201266314134,0.026702284812927246,0
-0.32899391651153564,176.63070649376374,0.02656954526901245,0
-0.3293270468711853,176.488546025148,0.028355538845062256,0
-0.328581839799881,176.4951816354189,0.027954816818237305,0
-0.328407347202301,176.44728182213652,0.028379440307617188,0
-0.3291419446468353,176.51599806957125,0.027875006198883057,0
-0.3290841281414032,176.5702263293174,0.0278967022895813,0
-0.3291385769844055,176.58809323738058,0.02768886089324951,0
-0.329173743724823,176.60478861863405,0.02759575843811035,0
-0.3293382227420807,176.6198641700446,0.02723872661590576,0
-0.3288523554801941,176.61748390389678,0.02739351987838745,0
-0.32820186018943787,176.6388609948633,0.02713543176651001,0
-0.3287927806377411,176.62964613995982,0.02760159969329834,0
-0.3284755349159241,176.60497307401846,0.027086198329925537,0
-0.32787612080574036,176.62871634543885,0.027125537395477295,0
-0.3279434144496918,176.60992315233486,0.02696126699447632,0
-0.32736101746559143,176.6705753137441,0.026633262634277344,0
-0.32761281728744507,176.65690712412646,0.026284337043762207,0
-0.3272096514701843,176.65932146549204,0.026164770126342773,0
-0.32623177766799927,176.68502939669506,0.026152610778808594,0
-0.3260526955127716,176.67372569880845,0.025749623775482178,0
-0.32543885707855225,176.59666288905782,0.026214241981506348,0
-0.32546165585517883,176.71452187279448,0.02519690990447998,0
-0.32539287209510803,176.72166125706315,0.02544701099395752,0
-0.3258100748062134,176.75298673917564,0.025341033935546875,0
-0.32657188177108765,176.71960806047892,0.024790823459625244,0
-0.3263361155986786,176.76944933249473,0.024448275566101074,0
-0.3254447281360626,176.71182806659743,0.024838924407958984,0
-0.32533788681030273,176.70044629362133,0.02499544620513916,0
-0.3257639408111572,176.66260371396822,0.02545851469039917,0
-0.32516565918922424,176.58321495489048,0.0255124568939209,0
-0.32503774762153625,176.5904658644609,0.025302112102508545,0
-0.32527366280555725,176.81418921249363,0.024914979934692383,0
-0.32542383670806885,176.83071670115785,0.024618089199066162,0
-0.32546788454055786,176.82141565789058,0.02472466230392456,0
-0.3261820673942566,176.8200911609888,0.025145232677459717,0
-0.3269345462322235,176.78978483478642,0.02558767795562744,0
-0.32687604427337646,176.7879279098275,0.025854766368865967,0
-0.3270042836666107,176.7607901429685,0.025761544704437256,0
-0.3271380364894867,176.77565485511118,0.025776028633117676,0
-0.32696521282196045,176.77137272539284,0.026170432567596436,0
-0.32695403695106506,176.7546088608866,0.026084482669830322,0
-0.327169805765152,176.71217069872225,0.026588380336761475,0
-0.32713040709495544,176.73270693281754,0.02623748779296875,0
-0.32706138491630554,176.85694134245838,0.026041686534881592,0
-0.32808706164360046,176.76783402297622,0.028079748153686523,0
-0.32737424969673157,176.74194799583944,0.02951371669769287,0
-0.32730501890182495,176.71385480757,0.029440641403198242,0
-0.32735675573349,176.69686127698492,0.02905452251434326,0
-0.32757341861724854,176.7006998984728,0.02861499786376953,0
-0.32725149393081665,176.60053232143025,0.02986687421798706,0
-0.32652217149734497,176.60752776835187,0.029804885387420654,0
-0.32645267248153687,176.5541838164669,0.02958744764328003,0
-0.32651814818382263,176.5813595768122,0.029571235179901123,0
-0.3265701234340668,176.58037110099644,0.02944236993789673,0
-0.326519250869751,176.51295067520633,0.029313862323760986,0
-0.3263512849807739,176.39584095941953,0.02918076515197754,0
-0.32594943046569824,176.46946071036962,0.028951525688171387,0
-0.32621127367019653,176.56337192749143,0.027474045753479004,0
-0.326196551322937,176.5913047916391,0.027424335479736328,0
-0.32624924182891846,176.55376877343994,0.027531802654266357,0
-0.3260648846626282,176.5017807791189,0.02777963876724243,0
-0.3258431851863861,176.50714191649834,0.027407526969909668,0
-0.32623621821403503,176.51121620833558,0.027588307857513428,0
-0.32602840662002563,176.4327579189447,0.027924537658691406,0
-0.32576775550842285,176.68172422446068,0.027709901332855225,0
-0.326386421918869,176.6592969445145,0.02842426300048828,0
-0.3263154923915863,176.600045756816,0.028478026390075684,0
-0.3259256184101105,176.60649059511118,0.027970194816589355,0
-0.32556164264678955,176.63610089069172,0.02748197317123413,0
-0.3255141079425812,176.6289768848967,0.027638792991638184,0
-0.3252323865890503,176.61670822080663,0.0281793475151062,0
-0.32588380575180054,176.62718109921082,0.027791976928710938,0
-0.32602381706237793,176.6194892933964,0.027695775032043457,0
-0.3260619342327118,176.63816047163354,0.027781248092651367,0
-0.32612746953964233,176.60448367853525,0.027892231941223145,0
-0.3262179493904114,176.5976320856823,0.028098881244659424,0
-0.32602712512016296,176.50745738209275,0.028604328632354736,0
-0.32594263553619385,176.5134306232169,0.028538167476654053,0
-0.32578495144844055,176.51270813647463,0.028634369373321533,0
-0.32541221380233765,176.50304651261735,0.028540730476379395,0
-0.32538118958473206,176.49769349579645,0.028560519218444824,0
-0.3260798752307892,176.49597923486348,0.028551936149597168,0
-0.325977623462677,176.45134043181335,0.02853834629058838,0
-0.32427552342414856,176.35019430227655,0.028441667556762695,0
-0.323962926864624,176.44708682091326,0.028334498405456543,0
-0.3240595757961273,176.4635923909803,0.02817845344543457,0
-0.32457104325294495,176.4131374496876,0.028837740421295166,0
-0.3243809640407562,176.36832431054992,0.029269099235534668,0
-0.32433873414993286,176.3910648841245,0.02936345338821411,0
-0.3253679871559143,176.3988436745337,0.0298309326171875,0
-0.3252277970314026,176.4196220387184,0.02968275547027588,0
-0.32394880056381226,175.21247821099973,0.02768528461456299,0
-0.3480439782142639,173.29714429708125,0.037861168384552,0
-0.3471992313861847,173.29365398089294,0.03869891166687012,0
-0.35337796807289124,173.34393221442207,0.038462817668914795,0
-0.35781484842300415,173.01794867575705,0.047643959522247314,0
-0.35874536633491516,173.24717915598924,0.0476529598236084,0
-0.3562338650226593,173.4278778717893,0.046596646308898926,0
-0.3554818630218506,173.31459986280865,0.04505646228790283,0
-0.35587090253829956,173.28047407039134,0.04486352205276489,0
-0.35597729682922363,173.42282177171057,0.04408782720565796,0
-0.35700368881225586,173.51587776292035,0.04391288757324219,0
-0.35694703459739685,173.4555187325113,0.04395735263824463,0
-0.3604275584220886,173.22879738056855,0.04292410612106323,0
-0.35731831192970276,173.3486559212098,0.04078119993209839,0
-0.35844844579696655,173.47641273736554,0.040363609790802,0
-0.35941699147224426,173.51762247872884,0.039681315422058105,0
-0.35746344923973083,173.79556495041635,0.035918474197387695,0
-0.35851171612739563,174.10125165585796,0.0400618314743042,0
-0.3584546148777008,174.09437398426797,0.03987056016921997,0
-0.3609856069087982,174.01889969112077,0.04385608434677124,0
-0.35751938819885254,173.26658762869005,0.04371732473373413,0
-0.3571973145008087,173.2221664926313,0.04419052600860596,0
-0.3564062714576721,173.00157600748173,0.04242753982543945,0
-0.3561883270740509,172.95935139013105,0.04223889112472534,0
-0.35787343978881836,172.89810807768893,0.0422404408454895,0
-0.3585195243358612,172.8655102616355,0.042275428771972656,0
-0.35818302631378174,173.0391405684282,0.04248708486557007,0
-0.3577001392841339,173.08030249559397,0.04406416416168213,0
-0.35870325565338135,172.96638827822537,0.04622757434844971,0
-0.3561093807220459,173.1411518907052,0.04516357183456421,0
-0.3560294508934021,173.0174926896643,0.04557687044143677,0
-0.3553757667541504,172.88865890450447,0.04716193675994873,0
-0.35139623284339905,173.15816779347324,0.04149365425109863,0
-0.3511994779109955,173.2969420566243,0.0412677526473999,0
-0.35241833329200745,173.22199649501005,0.044023215770721436,0
-0.3512214720249176,173.05861774276627,0.041610896587371826,0
-0.35149040818214417,173.04868441765984,0.04149889945983887,0
-0.35089966654777527,172.9891228669673,0.04204446077346802,0
-0.3503146469593048,173.15649732956828,0.04102671146392822,0
-0.350544810295105,173.2129252808648,0.040997207164764404,0
-0.34912559390068054,173.4536882912643,0.04076641798019409,0
-0.3492498993873596,173.38139793107257,0.040556490421295166,0
-0.3491227924823761,173.21942168173948,0.04084765911102295,0
-0.34765440225601196,173.31243739142388,0.04153633117675781,0
-0.34922707080841064,173.32125626076513,0.04271852970123291,0
-0.34681108593940735,173.27189919555641,0.040148258209228516,0
-0.3433850109577179,173.24434852267362,0.03893864154815674,0
-0.3441465497016907,173.11937817251157,0.03710830211639404,0
-0.34351736307144165,173.6265396137588,0.03599327802658081,0
-0.3435908257961273,173.60325363262422,0.03642857074737549,0
-0.34477943181991577,173.32567057471127,0.038400888442993164,0
-0.34517818689346313,173.20230889875572,0.038033246994018555,0
-0.34525179862976074,173.00974885379443,0.03917032480239868,0
-0.3460753560066223,172.98135435265945,0.040234386920928955,0
-0.3447435796260834,172.96301715154053,0.03747689723968506,0
-0.3452834188938141,172.88997533020526,0.03754681348800659,0
-0.3451891243457794,172.68579096953732,0.038028061389923096,0
-0.34510695934295654,172.7218188493749,0.03796374797821045,0
-0.3452346622943878,172.81900008062328,0.03820985555648804,0
-0.34585222601890564,172.81273942998638,0.03790766000747681,0
-0.3467385768890381,173.16893174672316,0.03764081001281738,0
-0.3469056487083435,173.26184053462475,0.03858053684234619,0
-0.34682172536849976,173.24535127591426,0.03858441114425659,0
-0.3464660942554474,173.22831855333456,0.03792482614517212,0
-0.3444318175315857,173.5047036214948,0.035355567932128906,0
-0.34593266248703003,173.36562720959856,0.03630346059799194,0
-0.3455803692340851,173.16047480974,0.03628033399581909,0
-0.34518736600875854,172.98345181125245,0.036362648010253906,0
-0.34699079394340515,172.89612706547248,0.037315964698791504,0
-0.34725797176361084,172.91497555285483,0.0375710129737854,0
-0.3462809920310974,172.8878626529494,0.037008702754974365,0
-0.3471637964248657,172.81434967999544,0.0385127067565918,0
-0.3463050425052643,172.82073806541703,0.03987681865692139,0
-0.3461346924304962,172.87922474986425,0.040360212326049805,0
-0.34745538234710693,172.85002494278,0.04254007339477539,0
-0.34952130913734436,172.86473173231357,0.044525086879730225,0
-0.34938374161720276,172.83135906045354,0.04364824295043945,0
-0.3513076901435852,172.8131188020647,0.04474067687988281,0
-0.3528039753437042,172.75855792946726,0.04466116428375244,0
-0.35276898741722107,172.9449325412564,0.045577287673950195,0
-0.34989064931869507,172.8668510190579,0.04464167356491089,0
-0.3457612693309784,172.93550609494974,0.03898519277572632,0
-0.3465728163719177,172.8762953979375,0.03965902328491211,0
-0.34439951181411743,172.91253820762878,0.036272287368774414,0
-0.34763380885124207,172.84421463552974,0.039367079734802246,0
-0.3491934537887573,173.06916570043276,0.039361536502838135,0
-0.3487490117549896,173.07267498968264,0.039739251136779785,0
-0.34980425238609314,172.94716584076798,0.03995788097381592,0
-0.35453858971595764,172.75479980027967,0.04686844348907471,0
-0.3493599593639374,172.7131897287557,0.03956174850463867,0
-0.35002121329307556,172.70437688165023,0.040538132190704346,0
-0.3484761118888855,172.7597337651865,0.04000920057296753,0
-0.3482351005077362,172.8732097557346,0.04023009538650513,0
-0.34926837682724,173.30532549747406,0.038512229919433594,0
-0.3502213656902313,173.20543490481984,0.03870189189910889,0
-0.3506212532520294,173.1580379050681,0.0387568473815918,0
-0.3517482876777649,173.05042738240792,0.04026752710342407,0
-0.350358784198761,172.7982543973557,0.041011929512023926,0
-0.34773844480514526,172.75756307606645,0.0372542142868042,0
-0.3476516604423523,172.87099030438307,0.03728139400482178,0
-0.34928810596466064,173.1626735768038,0.035837531089782715,0
-0.34870269894599915,173.11120584071057,0.03637874126434326,0
-0.34885600209236145,173.22478978334712,0.037167370319366455,0
-0.3467738926410675,173.733810236288,0.03512215614318848,0
-0.3469308912754059,173.6454079695605,0.03575313091278076,0
-0.3465448319911957,173.30730215839563,0.03670012950897217,0
-0.34625670313835144,173.32616097989256,0.03678160905838013,0
-0.34698522090911865,173.0964386186549,0.03677380084991455,0
-0.34703293442726135,173.01609286187016,0.037277817726135254,0
-0.3478962182998657,173.0282241058741,0.03892463445663452,0
-0.34939900040626526,172.90421339085867,0.03939390182495117,0
-0.34948495030403137,172.92034989892363,0.03960371017456055,0
-0.34938323497772217,173.32520597623312,0.039266228675842285,0
-0.3501569330692291,173.61834841803037,0.03915214538574219,0
-0.3505609929561615,173.28208318327154,0.04105556011199951,0
-0.3454662263393402,173.5753251887425,0.03663069009780884,0
-0.3411213159561157,173.4632516093227,0.03214794397354126,0
-0.343151718378067,173.3471290059072,0.036695659160614014,0
-0.33986055850982666,172.84643229392069,0.03201836347579956,0
-0.34318459033966064,172.9504410839763,0.031232893466949463,0
-0.3438979983329773,172.9702802388446,0.031159698963165283,0
-0.3440561890602112,173.03008036260184,0.031663715839385986,0
-0.34371355175971985,173.10728453952467,0.031324684619903564,0
-0.3510518968105316,173.00849527130447,0.03361678123474121,0
-0.34494292736053467,173.16906449801013,0.028300821781158447,0
-0.3488050699234009,173.66321391175595,0.029954195022583008,0
-0.34845393896102905,173.6906282722768,0.0308493971824646,0
-0.3489673137664795,173.54388649040007,0.03108125925064087,0
-0.34928858280181885,173.53378493271742,0.03107011318206787,0
-0.3499213755130768,173.13728782697774,0.03146713972091675,0
-0.3484007716178894,172.9260551680633,0.03325122594833374,0
-0.350951611995697,172.7672356282529,0.038532912731170654,0
-0.3483593761920929,172.9060973666454,0.03465771675109863,0
-0.34844517707824707,173.02105400492403,0.03721272945404053,0
-0.3484172224998474,173.1749629978417,0.03763622045516968,0
-0.34826597571372986,173.14875791036587,0.03776061534881592,0
-0.3459818959236145,173.00771220495966,0.03376293182373047,0
-0.3469094932079315,173.08309973802687,0.03575170040130615,0
-0.3437141180038452,173.19296374880736,0.034068763256073,0
-0.34460127353668213,173.263818081686,0.035893023014068604,0
-0.3459562063217163,173.22613249210846,0.03528362512588501,0
-0.34586620330810547,173.19562207865394,0.03564172983169556,0
-0.346095472574234,173.0037716319353,0.035701870918273926,0
-0.34738004207611084,172.7349729094169,0.037870943546295166,0
-0.341680109500885,172.68688514820482,0.03916144371032715,0
-0.34524238109588623,172.65093928827545,0.04170733690261841,0
-0.3454897403717041,172.73947457271836,0.04122781753540039,0
-0.34550926089286804,172.78467382866702,0.04052251577377319,0
-0.34576478600502014,172.74681485412452,0.04040449857711792,0
-0.3463941812515259,172.78518329176805,0.041481852531433105,0
-0.34174028038978577,172.7522446005661,0.0398256778717041,0
-0.34365904331207275,172.7983231801858,0.04005897045135498,0
-0.339460164308548,172.94541783481188,0.03619539737701416,0
-0.341973215341568,172.96075718709707,0.03658747673034668,0
-0.3419804573059082,172.97501107324155,0.03673630952835083,0
-0.34039023518562317,172.9232498733297,0.03683769702911377,0
-0.339753121137619,172.9839114361825,0.03553473949432373,0
-0.33950042724609375,172.8487465869986,0.03581362962722778,0
-0.339612752199173,172.83529319407617,0.03787285089492798,0
-0.3410090506076813,172.83299195577752,0.039509475231170654,0
-0.3422034680843353,172.83239159532516,0.03968679904937744,0
-0.341228187084198,172.76420236861404,0.03891468048095703,0
-0.3412073850631714,172.81817371324672,0.03857928514480591,0
-0.3421920835971832,172.834826433897,0.03891491889953613,0
-0.34165000915527344,172.89197564315475,0.03962069749832153,0
-0.34100207686424255,172.89793385011785,0.039867281913757324,0
-0.3407522141933441,172.8179297364309,0.040175795555114746,0
-0.3420025706291199,172.86731385062384,0.039552271366119385,0
-0.34050291776657104,173.0693346884457,0.03823000192642212,0
-0.3396964371204376,172.64738477265686,0.03681689500808716,0
-0.3435768783092499,172.85844847437588,0.04029130935668945,0
-0.34339022636413574,172.77056764768054,0.04039126634597778,0
-0.34333938360214233,172.7178337691109,0.04055476188659668,0
-0.34357693791389465,172.7631496487403,0.0408974289894104,0
-0.3438374400138855,172.60367083907263,0.041131794452667236,0
-0.34409618377685547,172.64852471727582,0.04124945402145386,0
-0.3450371026992798,172.8006354468381,0.042233407497406006,0
-0.3417549431324005,172.38930324117757,0.036235034465789795,0
-0.3418649137020111,172.59496302360628,0.03644979000091553,0
-0.34182530641555786,172.97379164399936,0.03670221567153931,0
-0.3430926501750946,173.1196036627212,0.03421652317047119,0
-0.34194415807724,173.07913631018604,0.033976972103118896,0
-0.343503475189209,173.05505499821442,0.03636276721954346,0
-0.34600529074668884,173.17915754753102,0.03725045919418335,0
-0.34651434421539307,173.13754506902833,0.03740185499191284,0
-0.34719523787498474,172.8850936646187,0.03670823574066162,0
-0.34597933292388916,172.98329226705837,0.033116817474365234,0
-0.34636738896369934,172.7783704523603,0.03314405679702759,0
-0.3470933437347412,172.78507959476528,0.03430485725402832,0
-0.3474804759025574,172.89737556283006,0.03571599721908569,0
-0.3454597592353821,172.71422931742597,0.03309810161590576,0
-0.3465116620063782,172.82572171328977,0.03333038091659546,0
-0.34700796008110046,172.85971886405963,0.033306002616882324,0
-0.34668681025505066,172.77262038494817,0.033373236656188965,0
-0.36902013421058655,179.33695444055422,0.009144723415374756,1
-0.40612486004829407,179.36726502205823,0.03535372018814087,1
-0.3809296190738678,178.82923654421225,0.01728665828704834,1
-0.3808063268661499,179.18354504607203,0.01997452974319458,1
-0.3843209743499756,178.9579130700615,0.06353515386581421,1
-0.39545994997024536,179.06568631088058,0.027973711490631104,1
-0.38147175312042236,179.35227114340654,0.026402711868286133,1
-0.3720967471599579,179.35287106882365,0.019981980323791504,1
-0.3912307024002075,179.20290308514618,0.03528565168380737,1
-0.3946477472782135,179.52807386066408,0.028921842575073242,1
-0.3743664622306824,179.1240306181664,0.054155945777893066,1
-0.39098304510116577,179.04832077496286,0.029318153858184814,1
-0.3917926847934723,179.1076027448911,0.03306096792221069,1
-0.386976957321167,179.5290390075435,0.02152353525161743,1
-0.36857402324676514,179.08774281768913,0.008334159851074219,1
-0.38896018266677856,179.87236798597337,0.018954217433929443,1
-0.3959310054779053,179.78651611505717,0.023806214332580566,1
-0.37546253204345703,179.825651757102,0.07014709711074829,1
-0.3815334439277649,179.2696584981458,0.04896903038024902,1
-0.38924652338027954,179.431502572093,0.04382669925689697,1
-0.4083440601825714,179.11196806306293,0.050309956073760986,1
-0.391325980424881,179.6267909055715,0.03455948829650879,1
-0.38285133242607117,179.5593454766899,0.03827732801437378,1
-0.3916672170162201,179.8029849033137,0.026424288749694824,1
-0.40960070490837097,179.22414352956218,0.03255128860473633,1
-0.4173123836517334,179.09805570918994,0.06403309106826782,1
-0.40221694111824036,178.97908225148464,0.022056996822357178,1
-0.4083820879459381,179.4091182645172,0.01589334011077881,1
-0.3979628086090088,179.5814761763368,0.03730487823486328,1
-0.3996114730834961,179.59863229226062,0.01867598295211792,1
-0.3908376693725586,179.6755483726387,0.06775611639022827,1
-0.39477911591529846,179.6171787377374,0.06037437915802002,1
-0.39761534333229065,179.12710599321815,0.06405001878738403,1
-0.40537554025650024,178.66738132498938,0.03833538293838501,1
-0.3986682593822479,178.9432438844049,0.07065087556838989,1
-0.4001166820526123,179.41400911663146,0.027481019496917725,1
-0.40733200311660767,179.18441277440414,0.028247177600860596,1
-0.39914754033088684,178.9451561804137,0.025401830673217773,1
-0.4123825132846832,179.38863251150173,0.036342501640319824,1
-0.39820417761802673,179.38829351678825,0.04927396774291992,1
-0.40162399411201477,179.3445756692996,0.059500157833099365,1
-0.38593408465385437,179.89586253043078,0.027479052543640137,1
-0.3842484951019287,179.79792562858043,0.04951232671737671,1
-0.3826555609703064,179.62946007612157,0.022553563117980957,1
-0.4004058837890625,179.84590277165893,0.05005526542663574,1
-0.40448445081710815,179.92693603886656,0.032897233963012695,1
-0.39979487657546997,179.66525324373166,0.020781219005584717,1
-0.40005776286125183,179.52382218960966,0.03207242488861084,1
-0.40000948309898376,178.98465687772685,0.05628007650375366,1
-0.26629093289375305,177.03488766239525,0.01739978790283203,1
-0.27035021781921387,177.3285554502217,0.02721160650253296,1
-0.2843356728553772,177.1762566221472,0.04636025428771973,1
-0.28826990723609924,177.1069710970435,0.057586073875427246,1
-0.27389252185821533,177.50181487723498,0.03289926052093506,1
-0.27639830112457275,177.4368871213812,0.030025124549865723,1
-0.2874729633331299,177.80429982410487,0.029523491859436035,1
-0.31186169385910034,177.21979000498888,0.052276611328125,1
-0.31308433413505554,177.59818857464046,0.04873549938201904,1
-0.3108590841293335,177.16374190257056,0.052959144115448,1
-0.3277210295200348,177.44239758811662,0.0631253719329834,1
-0.3180133104324341,177.73876444633865,0.06596404314041138,1
-0.31170058250427246,177.84328227303283,0.05536574125289917,1
-0.27341610193252563,177.3233335004762,0.04056060314178467,1
-0.27688056230545044,177.27776115054567,0.04792886972427368,1
-0.27333760261535645,176.96597511628772,0.055342257022857666,1
-0.27184686064720154,176.89162806731713,0.052545905113220215,1
-0.2682035565376282,176.90406346664247,0.04744607210159302,1
-0.40397921204566956,178.97220481517385,0.030925989151000977,1
-0.40616631507873535,178.58517904284523,0.03896033763885498,1
-0.40278440713882446,178.49249076406463,0.03993427753448486,1
-0.40384015440940857,178.57557031118586,0.03259694576263428,1
-0.40533947944641113,178.635890368308,0.03329271078109741,1
-0.40889593958854675,178.88763840741905,0.03275042772293091,1
-0.40326809883117676,178.66338612661937,0.030453860759735107,1
-0.40022754669189453,178.98468202094216,0.03433650732040405,1
-0.4053170680999756,178.97151053491825,0.032615721225738525,1
-0.41432732343673706,179.32492854129524,0.03768247365951538,1
-0.4007369875907898,179.1954778512384,0.03595489263534546,1
-0.38727080821990967,179.13578694321333,0.02827167510986328,1
-0.3970510959625244,179.09367255079408,0.031679391860961914,1
-0.3979450464248657,179.2210087590062,0.035046517848968506,1
-0.3988380432128906,179.22711772891435,0.03717607259750366,1
-0.40370702743530273,179.33933431656376,0.028454124927520752,1
-0.42009949684143066,179.1129861958929,0.03371304273605347,1
-0.40183594822883606,179.1673353445887,0.031216859817504883,1
-0.4046333432197571,179.09143953631917,0.03770416975021362,1
-0.41511183977127075,179.18209381602017,0.03740572929382324,1
-0.4176269471645355,179.51596362513345,0.03503870964050293,1
-0.4154472053050995,179.41104793752945,0.039756953716278076,1
-0.383451372385025,179.8114833769884,0.021337509155273438,1
-0.38608551025390625,179.82595046890708,0.02132856845855713,1
-0.3892638683319092,179.90491058809508,0.0058692097663879395,1
-0.38361456990242004,179.87558115593555,0.005268275737762451,1
-0.38478681445121765,179.78326179734125,0.008445203304290771,1
-0.38250499963760376,179.9174640249447,3.159046173095703e-06,1
-0.3746705651283264,179.40408495509004,0.0023189783096313477,1
-0.37775060534477234,179.54332236412316,0.009469687938690186,1
-0.36756065487861633,179.7821127537617,0.0017102360725402832,1
-0.37718942761421204,179.52405681153553,0.01394200325012207,1
-0.3887850046157837,179.7477068924717,0.002773582935333252,1
-0.3961227536201477,179.51224701499987,0.015133440494537354,1
-0.3879932463169098,179.4671083066667,0.013552427291870117,1
-0.38751623034477234,179.77944373093598,1.3709068298339844e-05,1
-0.3767958879470825,179.71507151612875,0.007441401481628418,1
-0.3841491639614105,179.5074187560886,0.0045583248138427734,1
-0.37539196014404297,179.253641675666,0.0019268989562988281,1
-0.37541696429252625,179.55703788277012,0.004704475402832031,1
-0.36971405148506165,179.6224678764701,0.002736687660217285,1
-0.37614572048187256,179.45021598951317,0.0006069540977478027,1
-0.3609609007835388,179.4109672159442,0.009504497051239014,1
-0.3790866732597351,179.73968888237812,0.0021126270294189453,1
-0.3808802366256714,179.76764885377483,0.004690051078796387,1
-0.37468400597572327,179.8007460957624,0.0024814605712890625,1
-0.3696974515914917,179.28592668228575,0.013815104961395264,1
-0.35573041439056396,179.49219955324946,0.01006615161895752,1
-0.4204184412956238,179.4164067371303,0.0019463896751403809,1
-0.4182835519313812,178.836099775638,0.016038596630096436,1
-0.42155423760414124,179.10623432468773,0.014678239822387695,1
-0.4093431234359741,179.36449671881496,0.01495593786239624,1
-0.4001120924949646,179.40017966354392,0.026001453399658203,1
-0.40080490708351135,179.5703954964329,0.026785671710968018,1
-0.3980140686035156,179.24827564294185,0.027240276336669922,1
-0.3932487666606903,179.07555837161698,0.02726370096206665,1
-0.39285141229629517,179.2835012438669,0.025370895862579346,1
-0.39617547392845154,178.78528037605486,0.02610635757446289,1
-0.4116200804710388,178.77954062682645,0.028627991676330566,1
-0.4003065526485443,179.14258902750603,0.027413606643676758,1
-0.41392138600349426,179.23462096524904,0.02268451452255249,1
-0.41910627484321594,179.2303206869279,0.027598559856414795,1
-0.40258222818374634,179.5059704797714,0.00991368293762207,1
-0.39843353629112244,178.9986043188612,0.02198392152786255,1
-0.4099673330783844,179.13864278464385,0.02390950918197632,1
-0.400585412979126,179.21672731947493,0.02474653720855713,1
-0.3967403471469879,179.17847912755738,0.028168141841888428,1
-0.4018629789352417,179.66107094850543,0.026581525802612305,1
-0.40057167410850525,179.3725141839445,0.024204671382904053,1
-0.40449777245521545,179.72124328708824,0.021600782871246338,1
-0.3952628970146179,179.32746126159077,0.03041255474090576,1
-0.40540432929992676,179.0844944106786,0.014975309371948242,1
-0.40176135301589966,179.22141698316966,0.022791564464569092,1
-0.39600008726119995,179.3421358022162,0.03664737939834595,1
-0.4063228964805603,179.225406498751,0.033365726470947266,1
-0.4027363359928131,179.31018946376398,0.03209829330444336,1
-0.4045041501522064,179.04732027790345,0.02010279893875122,1
-0.3999238610267639,179.36719478934762,0.023412764072418213,1
-0.39181485772132874,179.18251944611282,0.027633249759674072,1
-0.4008823037147522,178.89355440107605,0.026590943336486816,1
-0.4074329733848572,179.3714021489175,0.03846257925033569,1
-0.39254656434059143,178.97356389819936,0.03491079807281494,1
-0.40597155690193176,179.79662582877856,0.029971659183502197,1
-0.4086237847805023,179.35785211848847,0.025860309600830078,1
-0.4088911712169647,178.98683955690936,0.0248715877532959,1
-0.4016653001308441,178.8285793141157,0.019360601902008057,1
-0.4052898585796356,178.93757125687767,0.0268782377243042,1
-0.4023333191871643,178.9638728149002,0.03313678503036499,1
-0.4104893207550049,178.78345906868006,0.023457109928131104,1
-0.40276071429252625,178.41557859332485,0.02415609359741211,1
-0.4089299142360687,178.9853795489588,0.02796870470046997,1
-0.39707672595977783,179.18421096583907,0.031208336353302002,1
-0.4072146713733673,179.13229479850122,0.03370511531829834,1
-0.3943811058998108,178.34382596653603,0.03753548860549927,1
-0.40606316924095154,178.58591158991723,0.03346860408782959,1
-0.39682653546333313,178.6202141126501,0.040171146392822266,1
-0.39687579870224,178.86886991178204,0.03518146276473999,1
-0.3967607021331787,179.23831374158766,0.040595173835754395,1
-0.40144145488739014,178.68251053431302,0.03559619188308716,1
-0.31803154945373535,179.4752695325805,0.003277599811553955,0
-0.3302094638347626,179.39036298829942,0.0032250285148620605,0
-0.32691460847854614,179.85622711942696,0.00935274362564087,0
-0.3247593343257904,179.50120497913673,0.00784146785736084,0
-0.319728821516037,179.86870194887626,0.007695317268371582,0
-0.31355395913124084,179.44622187565827,0.005559980869293213,0
-0.31355395913124084,179.44622187565827,0.005559980869293213,0
-0.32106494903564453,179.58668291192325,0.013814687728881836,0
-0.32106494903564453,179.58668291192325,0.013814687728881836,0
-0.32106494903564453,179.58668291192325,0.013814687728881836,0
-0.32106494903564453,179.58668291192325,0.013814687728881836,0
-0.32106494903564453,179.58668291192325,0.013814687728881836,0
-0.32106494903564453,179.58668291192325,0.013814687728881836,0
-0.32226163148880005,179.57086177607482,0.014071404933929443,0
-0.32226163148880005,179.57086177607482,0.014071404933929443,0
-0.32226163148880005,179.57086177607482,0.014071404933929443,0
-0.32226163148880005,179.57086177607482,0.014071404933929443,0
-0.3214583694934845,179.30524053237767,0.014208197593688965,0
-0.3204631209373474,179.76707061699074,0.010020971298217773,0
-0.3138273060321808,179.65538889244314,7.617473602294922e-05,0
-0.3264051079750061,179.78151245320174,0.002927124500274658,0
-0.33635658025741577,179.79565460925141,0.008807837963104248,0
-0.33380571007728577,179.60422295221588,0.00658416748046875,0
-0.33374446630477905,179.1240632533339,0.00707554817199707,0
-0.33146148920059204,179.54799232413689,0.005262315273284912,0
-0.3305213153362274,179.34714552676948,0.006385207176208496,0
-0.33114638924598694,179.41019375409263,0.010353922843933105,0
-0.33114638924598694,179.41019375409263,0.010353922843933105,0
-0.33114638924598694,179.41019375409263,0.010353922843933105,0
-0.33114638924598694,179.41019375409263,0.010353922843933105,0
-0.33114638924598694,179.41019375409263,0.010353922843933105,0
-0.33114638924598694,179.41019375409263,0.010353922843933105,0
-0.3285039961338043,179.76206640830355,0.010451853275299072,0
-0.3285039961338043,179.76206640830355,0.010451853275299072,0
-0.3285039961338043,179.76206640830355,0.010451853275299072,0
-0.3285039961338043,179.76206640830355,0.010451853275299072,0
-0.3285039961338043,179.76206640830355,0.010451853275299072,0
-0.3285039961338043,179.76206640830355,0.010451853275299072,0
-0.327663391828537,179.90625869019686,0.010326802730560303,0
-0.327663391828537,179.90625869019686,0.010326802730560303,0
-0.327663391828537,179.90625869019686,0.010326802730560303,0
-0.327663391828537,179.90625869019686,0.010326802730560303,0
-0.327663391828537,179.90625869019686,0.010326802730560303,0
-0.327663391828537,179.90625869019686,0.010326802730560303,0
-0.3316929042339325,179.47501041345316,0.00933152437210083,0
-0.3316929042339325,179.47501041345316,0.00933152437210083,0
-0.3316929042339325,179.47501041345316,0.00933152437210083,0
-0.3316929042339325,179.47501041345316,0.00933152437210083,0
-0.3316929042339325,179.47501041345316,0.00933152437210083,0
-0.33459749817848206,179.00853898165926,0.00872737169265747,0
-0.33459749817848206,179.00853898165926,0.00872737169265747,0
-0.33459749817848206,179.00853898165926,0.00872737169265747,0
-0.33459749817848206,179.00853898165926,0.00872737169265747,0
-0.32732078433036804,179.52957946315297,0.007942736148834229,0
-0.32732078433036804,179.52957946315297,0.007942736148834229,0
-0.32732078433036804,179.52957946315297,0.007942736148834229,0
-0.32732078433036804,179.52957946315297,0.007942736148834229,0
-0.3290526866912842,179.22742561121186,0.008695125579833984,0
-0.33478155732154846,179.41460797883306,0.004784703254699707,0
-0.33478155732154846,179.41460797883306,0.004784703254699707,0
-0.3340965509414673,179.256994324385,0.0011326074600219727,0
-0.3340965509414673,179.256994324385,0.0011326074600219727,0
-0.3340965509414673,179.256994324385,0.0011326074600219727,0
-0.3340965509414673,179.256994324385,0.0011326074600219727,0
-0.3340965509414673,179.256994324385,0.0011326074600219727,0
-0.3340965509414673,179.256994324385,0.0011326074600219727,0
-0.3340965509414673,179.256994324385,0.0011326074600219727,0
-0.3212922215461731,179.21861813494561,0.002531766891479492,0
-0.3212922215461731,179.21861813494561,0.002531766891479492,0
-0.3212922215461731,179.21861813494561,0.002531766891479492,0
-0.3212922215461731,179.21861813494561,0.002531766891479492,0
-0.3212922215461731,179.21861813494561,0.002531766891479492,0
-0.3212922215461731,179.21861813494561,0.002531766891479492,0
-0.3212922215461731,179.21861813494561,0.002531766891479492,0
-0.3234671354293823,179.1482161242905,0.002484440803527832,0
-0.3234671354293823,179.1482161242905,0.002484440803527832,0
-0.3234671354293823,179.1482161242905,0.002484440803527832,0
-0.32457655668258667,179.33893594787307,0.0018813610076904297,0
-0.32457655668258667,179.33893594787307,0.0018813610076904297,0
-0.32457655668258667,179.33893594787307,0.0018813610076904297,0
-0.32457655668258667,179.33893594787307,0.0018813610076904297,0
-0.325180321931839,179.37956815103584,0.0013606548309326172,0
-0.325180321931839,179.37956815103584,0.0013606548309326172,0
-0.325180321931839,179.37956815103584,0.0013606548309326172,0
-0.325180321931839,179.37956815103584,0.0013606548309326172,0
-0.3271991014480591,179.27448383903922,0.004384398460388184,0
-0.3271991014480591,179.27448383903922,0.004384398460388184,0
-0.3271991014480591,179.27448383903922,0.004384398460388184,0
-0.32697898149490356,179.40030148147872,0.003701627254486084,0
-0.32697898149490356,179.40030148147872,0.003701627254486084,0
-0.32697898149490356,179.40030148147872,0.003701627254486084,0
-0.32697898149490356,179.40030148147872,0.003701627254486084,0
-0.32083526253700256,179.4248566589961,0.0002905130386352539,0
-0.32083526253700256,179.4248566589961,0.0002905130386352539,0
-0.32083526253700256,179.4248566589961,0.0002905130386352539,0
-0.32083526253700256,179.4248566589961,0.0002905130386352539,0
-0.3327355682849884,179.36601705779478,0.0005108118057250977,0
-0.3327355682849884,179.36601705779478,0.0005108118057250977,0
-0.3327355682849884,179.36601705779478,0.0005108118057250977,0
-0.3327355682849884,179.36601705779478,0.0005108118057250977,0
-0.3327355682849884,179.36601705779478,0.0005108118057250977,0
-0.33346137404441833,179.2458470303221,0.0010738372802734375,0
-0.33346137404441833,179.2458470303221,0.0010738372802734375,0
-0.33346137404441833,179.2458470303221,0.0010738372802734375,0
-0.33346137404441833,179.2458470303221,0.0010738372802734375,0
-0.33346137404441833,179.2458470303221,0.0010738372802734375,0
-0.3367936313152313,179.6212499241826,0.00293654203414917,0
-0.3367936313152313,179.6212499241826,0.00293654203414917,0
-0.3367936313152313,179.6212499241826,0.00293654203414917,0
-0.3367936313152313,179.6212499241826,0.00293654203414917,0
-0.3367936313152313,179.6212499241826,0.00293654203414917,0
-0.3367936313152313,179.6212499241826,0.00293654203414917,0
-0.33064326643943787,179.74643848248905,0.00342404842376709,0
-0.33064326643943787,179.74643848248905,0.00342404842376709,0
-0.33064326643943787,179.74643848248905,0.00342404842376709,0
-0.33131644129753113,179.3698973905394,0.004499077796936035,0
-0.33131644129753113,179.3698973905394,0.004499077796936035,0
-0.33131644129753113,179.3698973905394,0.004499077796936035,0
-0.33376115560531616,179.29764982872166,0.004516899585723877,0
-0.33376115560531616,179.29764982872166,0.004516899585723877,0
-0.33376115560531616,179.29764982872166,0.004516899585723877,0
-0.3287990391254425,179.8201813553669,0.008542180061340332,0
-0.3287990391254425,179.8201813553669,0.008542180061340332,0
-0.3287990391254425,179.8201813553669,0.008542180061340332,0
-0.3287990391254425,179.8201813553669,0.008542180061340332,0
-0.3245852291584015,179.78295184425352,0.0071950554847717285,0
-0.3245852291584015,179.78295184425352,0.0071950554847717285,0
-0.3245852291584015,179.78295184425352,0.0071950554847717285,0
-0.3343507647514343,179.7323339176361,0.0074620842933654785,0
-0.3343507647514343,179.7323339176361,0.0074620842933654785,0
-0.3343507647514343,179.7323339176361,0.0074620842933654785,0
-0.3343507647514343,179.7323339176361,0.0074620842933654785,0
-0.3366181254386902,179.71195519867467,0.0027918219566345215,0
-0.3366181254386902,179.71195519867467,0.0027918219566345215,0
-0.3366181254386902,179.71195519867467,0.0027918219566345215,0
-0.3366181254386902,179.71195519867467,0.0027918219566345215,0
-0.3366181254386902,179.71195519867467,0.0027918219566345215,0
-0.3346308469772339,179.6965757600256,0.003977596759796143,0
-0.3346308469772339,179.6965757600256,0.003977596759796143,0
-0.3346308469772339,179.6965757600256,0.003977596759796143,0
-0.3346308469772339,179.6965757600256,0.003977596759796143,0
-0.3346308469772339,179.6965757600256,0.003977596759796143,0
-0.31183749437332153,179.56899328728434,0.0027414560317993164,0
-0.31183749437332153,179.56899328728434,0.0027414560317993164,0
-0.31183749437332153,179.56899328728434,0.0027414560317993164,0
-0.31183749437332153,179.56899328728434,0.0027414560317993164,0
-0.31183749437332153,179.56899328728434,0.0027414560317993164,0
-0.3341829180717468,179.28690702018406,0.002615511417388916,0
-0.3341829180717468,179.28690702018406,0.002615511417388916,0
-0.3341829180717468,179.28690702018406,0.002615511417388916,0
-0.3341829180717468,179.28690702018406,0.002615511417388916,0
-0.3341829180717468,179.28690702018406,0.002615511417388916,0
-0.327045738697052,179.1026648894318,0.0019540786743164062,0
-0.327045738697052,179.1026648894318,0.0019540786743164062,0
-0.327045738697052,179.1026648894318,0.0019540786743164062,0
-0.327045738697052,179.1026648894318,0.0019540786743164062,0
-0.327045738697052,179.1026648894318,0.0019540786743164062,0
-0.2727586328983307,179.48783661486132,0.00039070844650268555,0
-0.27452486753463745,179.4323443991454,0.002330780029296875,0
-0.27313166856765747,179.33470889679955,0.0024743080139160156,0
-0.27313166856765747,179.33470889679955,0.0024743080139160156,0
-0.27313166856765747,179.33470889679955,0.0024743080139160156,0
-0.27313166856765747,179.33470889679955,0.0024743080139160156,0
-0.27313166856765747,179.33470889679955,0.0024743080139160156,0
-0.27313166856765747,179.33470889679955,0.0024743080139160156,0
-0.27313166856765747,179.33470889679955,0.0024743080139160156,0
-0.27313166856765747,179.33470889679955,0.0024743080139160156,0
-0.27313166856765747,179.33470889679955,0.0024743080139160156,0
-0.27313166856765747,179.33470889679955,0.0024743080139160156,0
-0.27313166856765747,179.33470889679955,0.0024743080139160156,0
-0.27313166856765747,179.33470889679955,0.0024743080139160156,0
-0.27313166856765747,179.33470889679955,0.0024743080139160156,0
-0.27313166856765747,179.33470889679955,0.0024743080139160156,0
-0.27313166856765747,179.33470889679955,0.0024743080139160156,0
-0.27313166856765747,179.33470889679955,0.0024743080139160156,0
-0.27313166856765747,179.33470889679955,0.0024743080139160156,0
-0.27313166856765747,179.33470889679955,0.0024743080139160156,0
-0.27313166856765747,179.33470889679955,0.0024743080139160156,0
-0.27313166856765747,179.33470889679955,0.0024743080139160156,0
-0.27313166856765747,179.33470889679955,0.0024743080139160156,0
-0.27313166856765747,179.33470889679955,0.0024743080139160156,0
-0.27313166856765747,179.33470889679955,0.0024743080139160156,0
-0.27313166856765747,179.33470889679955,0.0024743080139160156,0
-0.27313166856765747,179.33470889679955,0.0024743080139160156,0
-0.27313166856765747,179.33470889679955,0.0024743080139160156,0
-0.27313166856765747,179.33470889679955,0.0024743080139160156,0
-0.27313166856765747,179.33470889679955,0.0024743080139160156,0
-0.27313166856765747,179.33470889679955,0.0024743080139160156,0
-0.27313166856765747,179.33470889679955,0.0024743080139160156,0
-0.27313166856765747,179.33470889679955,0.0024743080139160156,0
-0.27313166856765747,179.33470889679955,0.0024743080139160156,0
-0.27313166856765747,179.33470889679955,0.0024743080139160156,0
-0.27313166856765747,179.33470889679955,0.0024743080139160156,0
-0.27313166856765747,179.33470889679955,0.0024743080139160156,0
-0.27313166856765747,179.33470889679955,0.0024743080139160156,0
-0.27313166856765747,179.33470889679955,0.0024743080139160156,0
-0.27313166856765747,179.33470889679955,0.0024743080139160156,0
-0.27313166856765747,179.33470889679955,0.0024743080139160156,0
-0.27313166856765747,179.33470889679955,0.0024743080139160156,0
-0.27313166856765747,179.33470889679955,0.0024743080139160156,0
-0.27313166856765747,179.33470889679955,0.0024743080139160156,0
-0.27313166856765747,179.33470889679955,0.0024743080139160156,0
-0.27313166856765747,179.33470889679955,0.0024743080139160156,0
-0.27313166856765747,179.33470889679955,0.0024743080139160156,0
-0.27313166856765747,179.33470889679955,0.0024743080139160156,0
-0.27313166856765747,179.33470889679955,0.0024743080139160156,0
-0.27313166856765747,179.33470889679955,0.0024743080139160156,0
-0.27313166856765747,179.33470889679955,0.0024743080139160156,0
-0.27313166856765747,179.33470889679955,0.0024743080139160156,0
-0.27313166856765747,179.33470889679955,0.0024743080139160156,0
-0.27313166856765747,179.33470889679955,0.0024743080139160156,0
-0.27313166856765747,179.33470889679955,0.0024743080139160156,0
-0.27313166856765747,179.33470889679955,0.0024743080139160156,0
-0.27313166856765747,179.33470889679955,0.0024743080139160156,0
-0.27313166856765747,179.33470889679955,0.0024743080139160156,0
-0.27313166856765747,179.33470889679955,0.0024743080139160156,0
-0.27313166856765747,179.33470889679955,0.0024743080139160156,0
-0.27313166856765747,179.33470889679955,0.0024743080139160156,0
-0.27313166856765747,179.33470889679955,0.0024743080139160156,0
-0.27313166856765747,179.33470889679955,0.0024743080139160156,0
-0.27313166856765747,179.33470889679955,0.0024743080139160156,0
-0.27313166856765747,179.33470889679955,0.0024743080139160156,0
-0.27313166856765747,179.33470889679955,0.0024743080139160156,0
-0.27313166856765747,179.33470889679955,0.0024743080139160156,0
-0.27313166856765747,179.33470889679955,0.0024743080139160156,0
-0.27313166856765747,179.33470889679955,0.0024743080139160156,0
-0.27313166856765747,179.33470889679955,0.0024743080139160156,0
-0.27313166856765747,179.33470889679955,0.0024743080139160156,0
-0.27313166856765747,179.33470889679955,0.0024743080139160156,0
-0.27313166856765747,179.33470889679955,0.0024743080139160156,0
-0.27313166856765747,179.33470889679955,0.0024743080139160156,0
-0.27313166856765747,179.33470889679955,0.0024743080139160156,0
-0.27313166856765747,179.33470889679955,0.0024743080139160156,0
-0.27313166856765747,179.33470889679955,0.0024743080139160156,0
-0.27313166856765747,179.33470889679955,0.0024743080139160156,0
-0.27313166856765747,179.33470889679955,0.0024743080139160156,0
-0.27313166856765747,179.33470889679955,0.0024743080139160156,0
-0.27313166856765747,179.33470889679955,0.0024743080139160156,0
-0.27313166856765747,179.33470889679955,0.0024743080139160156,0
-0.27313166856765747,179.33470889679955,0.0024743080139160156,0
-0.27313166856765747,179.33470889679955,0.0024743080139160156,0
-0.27313166856765747,179.33470889679955,0.0024743080139160156,0
-0.27313166856765747,179.33470889679955,0.0024743080139160156,0
-0.27313166856765747,179.33470889679955,0.0024743080139160156,0
-0.27313166856765747,179.33470889679955,0.0024743080139160156,0
-0.27313166856765747,179.33470889679955,0.0024743080139160156,0
-0.27313166856765747,179.33470889679955,0.0024743080139160156,0
-0.27313166856765747,179.33470889679955,0.0024743080139160156,0
-0.27313166856765747,179.33470889679955,0.0024743080139160156,0
-0.27313166856765747,179.33470889679955,0.0024743080139160156,0
-0.27313166856765747,179.33470889679955,0.0024743080139160156,0
-0.27313166856765747,179.33470889679955,0.0024743080139160156,0
-0.27313166856765747,179.33470889679955,0.0024743080139160156,0
-0.27313166856765747,179.33470889679955,0.0024743080139160156,0
-0.27313166856765747,179.33470889679955,0.0024743080139160156,0
-0.27313166856765747,179.33470889679955,0.0024743080139160156,0
-0.27313166856765747,179.33470889679955,0.0024743080139160156,0
-0.27313166856765747,179.33470889679955,0.0024743080139160156,0
-0.2758568227291107,179.66486398800726,0.01449054479598999,0
-0.2772584855556488,179.69624960630657,0.0060800909996032715,0
-0.2772584855556488,179.69624960630657,0.0060800909996032715,0
-0.2772584855556488,179.69624960630657,0.0060800909996032715,0
-0.28364136815071106,179.6202678578922,0.008242905139923096,0
-0.28430336713790894,179.64742458656744,0.007484316825866699,0
-0.28430336713790894,179.64742458656744,0.007484316825866699,0
-0.2839018702507019,178.38449539304125,0.004755973815917969,0
-0.28405025601387024,178.5331770956134,0.0028746724128723145,0
-0.27877822518348694,178.9272099679592,0.011842072010040283,0
-0.27892613410949707,178.90615490031414,0.01204979419708252,0
-0.2805933356285095,178.7900500396911,0.010404467582702637,0
-0.2809965908527374,178.74953496517608,0.010561525821685791,0
-0.2809965908527374,178.74953496517608,0.010561525821685791,0
-0.28886446356773376,179.06512730483524,0.0017815232276916504,0
-0.28779271245002747,179.05684033053342,0.0018270611763000488,0
-0.2604377865791321,179.0889033717877,0.01165914535522461,0
-0.2589011490345001,178.9154991948016,0.01922076940536499,0
-0.2589011490345001,178.9154991948016,0.01922076940536499,0
-0.2589011490345001,178.9154991948016,0.01922076940536499,0
-0.2589011490345001,178.9154991948016,0.01922076940536499,0
-0.2589011490345001,178.9154991948016,0.01922076940536499,0
-0.2589011490345001,178.9154991948016,0.01922076940536499,0
-0.2589011490345001,178.9154991948016,0.01922076940536499,0
-0.2589011490345001,178.9154991948016,0.01922076940536499,0
-0.2589011490345001,178.9154991948016,0.01922076940536499,0
-0.2589011490345001,178.9154991948016,0.01922076940536499,0
-0.2589011490345001,178.9154991948016,0.01922076940536499,0
-0.2589011490345001,178.9154991948016,0.01922076940536499,0
-0.2589011490345001,178.9154991948016,0.01922076940536499,0
-0.2589011490345001,178.9154991948016,0.01922076940536499,0
-0.2589011490345001,178.9154991948016,0.01922076940536499,0
-0.2589011490345001,178.9154991948016,0.01922076940536499,0
-0.2589011490345001,178.9154991948016,0.01922076940536499,0
-0.2589011490345001,178.9154991948016,0.01922076940536499,0
-0.2589011490345001,178.9154991948016,0.01922076940536499,0
-0.2589011490345001,178.9154991948016,0.01922076940536499,0
-0.2589011490345001,178.9154991948016,0.01922076940536499,0
-0.2589011490345001,178.9154991948016,0.01922076940536499,0
-0.2589011490345001,178.9154991948016,0.01922076940536499,0
-0.2589011490345001,178.9154991948016,0.01922076940536499,0
-0.2589011490345001,178.9154991948016,0.01922076940536499,0
-0.2589011490345001,178.9154991948016,0.01922076940536499,0
-0.2589011490345001,178.9154991948016,0.01922076940536499,0
-0.2589011490345001,178.9154991948016,0.01922076940536499,0
-0.2469797432422638,178.87542023026305,0.0197334885597229,0
-0.2477307915687561,178.93965312968885,0.020444512367248535,0
-0.2477307915687561,178.93965312968885,0.020444512367248535,0
-0.2449970841407776,179.1546699455297,0.01797175407409668,0
-0.24122345447540283,179.3077979123476,0.011385202407836914,0
-0.24122345447540283,179.3077979123476,0.011385202407836914,0
-0.24122345447540283,179.3077979123476,0.011385202407836914,0
-0.24122345447540283,179.3077979123476,0.011385202407836914,0
-0.24122345447540283,179.3077979123476,0.011385202407836914,0
-0.24122345447540283,179.3077979123476,0.011385202407836914,0
-0.23675763607025146,179.52991976847215,0.01827847957611084,0
-0.23675763607025146,179.52991976847215,0.01827847957611084,0
-0.23675763607025146,179.52991976847215,0.01827847957611084,0
-0.23859447240829468,179.6253932741638,0.016555070877075195,0
-0.23859447240829468,179.6253932741638,0.016555070877075195,0
-0.23859447240829468,179.6253932741638,0.016555070877075195,0
-0.23859447240829468,179.6253932741638,0.016555070877075195,0
-0.23859447240829468,179.6253932741638,0.016555070877075195,0
-0.23859447240829468,179.6253932741638,0.016555070877075195,0
-0.23263373970985413,179.6989144135591,0.012647092342376709,0
-0.23263373970985413,179.6989144135591,0.012647092342376709,0
-0.23263373970985413,179.6989144135591,0.012647092342376709,0
-0.23263373970985413,179.6989144135591,0.012647092342376709,0
-0.23924151062965393,179.5127594901017,0.00771099328994751,0
-0.2401466965675354,179.39880691392648,0.010083913803100586,0
-0.2732611894607544,178.63362061774538,0.0096282958984375,0
-0.2760051488876343,178.7924618556773,0.007155418395996094,0
-0.2760051488876343,178.7924618556773,0.007155418395996094,0
-0.2760051488876343,178.7924618556773,0.007155418395996094,0
-0.2760051488876343,178.7924618556773,0.007155418395996094,0
-0.2760051488876343,178.7924618556773,0.007155418395996094,0
-0.2760051488876343,178.7924618556773,0.007155418395996094,0
-0.2760051488876343,178.7924618556773,0.007155418395996094,0
-0.2760051488876343,178.7924618556773,0.007155418395996094,0
-0.2819669246673584,179.60259447048549,0.0044907331466674805,0
-0.2831624448299408,179.52183930430456,0.004130899906158447,0
-0.26304346323013306,178.00795781828305,0.009949088096618652,0
-0.26533034443855286,178.64405214331913,0.01432567834854126,0
-0.2666001617908478,178.4516365435717,0.013355076313018799,0
-0.2666001617908478,178.4516365435717,0.013355076313018799,0
-0.2666001617908478,178.4516365435717,0.013355076313018799,0
-0.2666001617908478,178.4516365435717,0.013355076313018799,0
-0.2681892216205597,178.1236630905667,0.008091986179351807,0
-0.2681892216205597,178.1236630905667,0.008091986179351807,0
-0.2651781141757965,178.32580988963693,0.010139048099517822,0
-0.26760491728782654,178.43399005328376,0.01382070779800415,0
-0.26760491728782654,178.43399005328376,0.01382070779800415,0
-0.26760491728782654,178.43399005328376,0.01382070779800415,0
-0.26760491728782654,178.43399005328376,0.01382070779800415,0
-0.26760491728782654,178.43399005328376,0.01382070779800415,0
-0.26760491728782654,178.43399005328376,0.01382070779800415,0
-0.26760491728782654,178.43399005328376,0.01382070779800415,0
-0.26760491728782654,178.43399005328376,0.01382070779800415,0
-0.26760491728782654,178.43399005328376,0.01382070779800415,0
-0.26760491728782654,178.43399005328376,0.01382070779800415,0
-0.26760491728782654,178.43399005328376,0.01382070779800415,0
-0.28713512420654297,177.12873689735383,0.005842804908752441,0
-0.28736114501953125,177.207518865025,0.004048347473144531,0
-0.28736114501953125,177.207518865025,0.004048347473144531,0
-0.28736114501953125,177.207518865025,0.004048347473144531,0
-0.28736114501953125,177.207518865025,0.004048347473144531,0
-0.28736114501953125,177.207518865025,0.004048347473144531,0
-0.28736114501953125,177.207518865025,0.004048347473144531,0
-0.28736114501953125,177.207518865025,0.004048347473144531,0
-0.28736114501953125,177.207518865025,0.004048347473144531,0
-0.28736114501953125,177.207518865025,0.004048347473144531,0
-0.28736114501953125,177.207518865025,0.004048347473144531,0
-0.28736114501953125,177.207518865025,0.004048347473144531,0
-0.28736114501953125,177.207518865025,0.004048347473144531,0
-0.28736114501953125,177.207518865025,0.004048347473144531,0
-0.28736114501953125,177.207518865025,0.004048347473144531,0
-0.28736114501953125,177.207518865025,0.004048347473144531,0
-0.26442521810531616,179.00814809441286,0.008514642715454102,1
-0.262836754322052,179.3677425496329,0.005499362945556641,1
-0.2545648515224457,179.61214396168023,0.004152834415435791,1
-0.2510286569595337,179.7358950139983,0.0009940862655639648,1
-0.2510286569595337,179.7358950139983,0.0009940862655639648,1
-0.2510286569595337,179.7358950139983,0.0009940862655639648,1
-0.2510286569595337,179.7358950139983,0.0009940862655639648,1
-0.24981892108917236,179.64396336987386,0.0013270378112792969,1
-0.2499794363975525,179.31621752713005,0.0007481575012207031,1
-0.2499794363975525,179.31621752713005,0.0007481575012207031,1
-0.2499794363975525,179.31621752713005,0.0007481575012207031,1
-0.2524818181991577,179.377363889094,0.006745815277099609,1
-0.252155065536499,179.23669947531306,0.007313966751098633,1
-0.252155065536499,179.23669947531306,0.007313966751098633,1
-0.252155065536499,179.23669947531306,0.007313966751098633,1
-0.4578777551651001,177.66250009591417,0.028446316719055176,1
-0.4733661562204361,177.47171893938656,0.03860962390899658,1
-0.4733661562204361,177.47171893938656,0.03860962390899658,1
-0.4733661562204361,177.47171893938656,0.03860962390899658,1
-0.4733661562204361,177.47171893938656,0.03860962390899658,1
-0.4733661562204361,177.47171893938656,0.03860962390899658,1
-0.4733661562204361,177.47171893938656,0.03860962390899658,1
-0.4059523940086365,174.67301635755413,0.11135977506637573,1
-0.40276235342025757,174.13055253925234,0.11238753795623779,1
-0.40276235342025757,174.13055253925234,0.11238753795623779,1
-0.40276235342025757,174.13055253925234,0.11238753795623779,1
-0.40276235342025757,174.13055253925234,0.11238753795623779,1
-0.3795405328273773,174.591022906537,0.10843825340270996,1
-0.37033551931381226,174.4388662062844,0.10562241077423096,1
-0.3945852816104889,174.8800752990209,0.10737085342407227,1
-0.39135921001434326,173.63101816996297,0.12004399299621582,1
-0.2716365456581116,178.52750419989448,0.006467640399932861,1
-0.2513759136199951,178.61063297583019,0.0030634403228759766,1
-0.4382278621196747,179.45013680870633,0.02578139305114746,1
-0.28125467896461487,177.5856304231622,0.004999816417694092,1
-0.2777278423309326,177.82586532279103,0.009668707847595215,1
-0.33094578981399536,175.0154206789445,0.053212881088256836,1
-0.34362080693244934,174.8914678584553,0.06984710693359375,1
-0.3350594639778137,175.30558683105787,0.05535852909088135,1
-0.3557617664337158,174.96881529734748,0.050492286682128906,1
-0.3277316391468048,176.7976782478313,0.056228697299957275,1
-0.28832557797431946,175.6559881172087,0.026041626930236816,1
-0.2989175021648407,175.9927366093216,0.027736544609069824,1
-0.3084295988082886,175.3360182863478,0.03327983617782593,1
-0.3552897572517395,175.3948279953429,0.05168884992599487,1
-0.30198752880096436,174.90171992156618,0.04393160343170166,1
-0.28635430335998535,175.9357895724786,0.03024578094482422,1
-0.34762316942214966,178.91749279406278,0.09540599584579468,1
-0.37020930647850037,178.06077634646064,0.07250404357910156,1
-0.3703523874282837,178.46991068119442,0.07192742824554443,1
-0.3703523874282837,178.46991068119442,0.07192742824554443,1
-0.3703523874282837,178.46991068119442,0.07192742824554443,1
-0.3703523874282837,178.46991068119442,0.07192742824554443,1
-0.3703523874282837,178.46991068119442,0.07192742824554443,1
-0.3703523874282837,178.46991068119442,0.07192742824554443,1
-0.3519762456417084,178.80138773904912,0.06190013885498047,1
-0.3568669557571411,178.9335577115774,0.055859506130218506,1
-0.3568669557571411,178.9335577115774,0.055859506130218506,1
-0.3568669557571411,178.9335577115774,0.055859506130218506,1
-0.3568669557571411,178.9335577115774,0.055859506130218506,1
-0.3568669557571411,178.9335577115774,0.055859506130218506,1
-0.3568669557571411,178.9335577115774,0.055859506130218506,1
-0.3568669557571411,178.9335577115774,0.055859506130218506,1
-0.3568669557571411,178.9335577115774,0.055859506130218506,1
-0.3568669557571411,178.9335577115774,0.055859506130218506,1
-0.3568669557571411,178.9335577115774,0.055859506130218506,1
-0.36841633915901184,177.34764309558423,0.08031213283538818,1
-0.3588483929634094,178.44251971502015,0.07822883129119873,1
-0.36781781911849976,177.24615964465568,0.08326005935668945,1
-0.3823704421520233,177.29693014970752,0.07718813419342041,1
-0.34916794300079346,177.59221274005878,0.07739424705505371,1
-0.357388436794281,177.39731070635747,0.09436225891113281,1
-0.34111398458480835,178.226646251517,0.07425028085708618,1
-0.34257954359054565,176.96871398561612,0.058763742446899414,1
-0.3565378785133362,177.43997316579058,0.0785704255104065,1
-0.35834798216819763,177.29900813408878,0.06078147888183594,1
-0.37844666838645935,177.34041243245827,0.0826563835144043,1
-0.350819855928421,177.1482609450911,0.07578766345977783,1
-0.33893901109695435,177.3110272023568,0.07081574201583862,1
-0.3718775510787964,178.09460452523933,0.06583911180496216,1
-0.16566094756126404,143.23561262667644,0.07623404264450073,1
-0.5839268267154694,177.83486352484877,0.007556557655334473,0
-0.07102984189987183,115.42051692427822,0.07424700260162354,1
-0.5297296345233917,171.29873435206568,0.00720590353012085,0
-0.21551206707954407,171.53497781224374,0.1055784821510315,1
-0.1976867914199829,164.19715629998188,0.11933302879333496,1
-0.1976867914199829,164.19715629998188,0.11933302879333496,1
-0.23551157116889954,166.83532764213467,0.11310440301895142,1
-0.23551157116889954,166.83532764213467,0.11310440301895142,1
-0.23260372877120972,166.15513799774672,0.11133575439453125,1
-0.23260372877120972,166.15513799774672,0.11133575439453125,1
-0.22810152173042297,166.4824394968512,0.10607856512069702,1
-0.22810152173042297,166.4824394968512,0.10607856512069702,1
-0.22785383462905884,164.9016287239066,0.11219370365142822,1
-0.22785383462905884,164.9016287239066,0.11219370365142822,1
-0.22785383462905884,164.9016287239066,0.11219370365142822,1
-0.22976642847061157,164.87371663927098,0.10667872428894043,1
-0.22976642847061157,164.87371663927098,0.10667872428894043,1
-0.23003974556922913,165.13458940811975,0.10679250955581665,1
-0.23003974556922913,165.13458940811975,0.10679250955581665,1
-0.22627028822898865,165.32734904501726,0.10707026720046997,1
-0.22627028822898865,165.32734904501726,0.10707026720046997,1
-0.22627028822898865,165.32734904501726,0.10707026720046997,1
-0.23393738269805908,166.85477987422584,0.10680866241455078,1
-0.23393738269805908,166.85477987422584,0.10680866241455078,1
-0.23383235931396484,166.02748096790296,0.10829353332519531,1
-0.23383235931396484,166.02748096790296,0.10829353332519531,1
-0.22554722428321838,166.32668889504905,0.09644657373428345,1
-0.22554722428321838,166.32668889504905,0.09644657373428345,1
-0.20807653665542603,167.33802350609602,0.09956133365631104,1
-0.20807653665542603,167.33802350609602,0.09956133365631104,1
-0.21821323037147522,170.50977229441625,0.09967797994613647,1
-0.21821323037147522,170.50977229441625,0.09967797994613647,1
-0.21821323037147522,170.50977229441625,0.09967797994613647,1
-0.2127285897731781,169.5507164705737,0.10008150339126587,1
-0.2127285897731781,169.5507164705737,0.10008150339126587,1
-0.21262460947036743,170.5434843557219,0.10636651515960693,1
-0.21262460947036743,170.5434843557219,0.10636651515960693,1
-0.21101483702659607,169.51701897132318,0.10826367139816284,1
-0.21101483702659607,169.51701897132318,0.10826367139816284,1
-0.21704694628715515,168.86410120066984,0.10490173101425171,1
-0.21704694628715515,168.86410120066984,0.10490173101425171,1
-0.21848559379577637,168.919287998068,0.10580170154571533,1
-0.21848559379577637,168.919287998068,0.10580170154571533,1
-0.21064475178718567,170.3219282399552,0.10009652376174927,1
-0.21064475178718567,170.3219282399552,0.10009652376174927,1
-0.21064475178718567,170.3219282399552,0.10009652376174927,1
-0.20977157354354858,169.95350970025137,0.1106264591217041,1
-0.20977157354354858,169.95350970025137,0.1106264591217041,1
-0.23083889484405518,169.25291508822133,0.11238288879394531,1
-0.23083889484405518,169.25291508822133,0.11238288879394531,1
-0.25022122263908386,171.14214096995937,0.10995727777481079,1
-0.25022122263908386,171.14214096995937,0.10995727777481079,1
-0.2613021433353424,170.4668319699314,0.10735780000686646,1
-0.2613021433353424,170.4668319699314,0.10735780000686646,1
-0.2613021433353424,170.4668319699314,0.10735780000686646,1
-0.27113646268844604,171.20160301270963,0.10716080665588379,1
-0.27113646268844604,171.20160301270963,0.10716080665588379,1
-0.268870085477829,173.07595550346443,0.10062962770462036,1
-0.268870085477829,173.07595550346443,0.10062962770462036,1
-0.268870085477829,173.07595550346443,0.10062962770462036,1
-0.26801085472106934,174.19063413796204,0.09798705577850342,1
-0.26801085472106934,174.19063413796204,0.09798705577850342,1
-0.2657221257686615,175.2262584669285,0.09475439786911011,1
-0.2657221257686615,175.2262584669285,0.09475439786911011,1
-0.262193888425827,174.8162407914697,0.09301227331161499,1
-0.262193888425827,174.8162407914697,0.09301227331161499,1
-0.26175811886787415,174.06482662462432,0.09715944528579712,1
-0.26175811886787415,174.06482662462432,0.09715944528579712,1
-0.2549145221710205,172.93458934329013,0.09858536720275879,1
-0.2549145221710205,172.93458934329013,0.09858536720275879,1
-0.2549145221710205,172.93458934329013,0.09858536720275879,1
-0.2475755512714386,175.63487365272286,0.09922116994857788,1
-0.2475755512714386,175.63487365272286,0.09922116994857788,1
-0.2402590811252594,175.18944414500933,0.09369128942489624,1
-0.2402590811252594,175.18944414500933,0.09369128942489624,1
-0.24277269840240479,173.89490588051905,0.09957647323608398,1
-0.24277269840240479,173.89490588051905,0.09957647323608398,1
-0.24562883377075195,173.8718124310386,0.1028592586517334,1
-0.24562883377075195,173.8718124310386,0.1028592586517334,1
-0.2457238733768463,174.44211132175772,0.10205632448196411,1
-0.2457238733768463,174.44211132175772,0.10205632448196411,1
-0.2457238733768463,174.44211132175772,0.10205632448196411,1
-0.24359112977981567,174.5852239441556,0.10484695434570312,1
-0.24359112977981567,174.5852239441556,0.10484695434570312,1
-0.2486918866634369,176.13986273690753,0.07855099439620972,1
-0.2486918866634369,176.13986273690753,0.07855099439620972,1
-0.2550647556781769,174.72299317964683,0.08298689126968384,1
-0.2550647556781769,174.72299317964683,0.08298689126968384,1
-0.2565120458602905,173.768787460431,0.08485710620880127,1
-0.2565120458602905,173.768787460431,0.08485710620880127,1
-0.2568438649177551,173.73743902335843,0.09075522422790527,1
-0.2568438649177551,173.73743902335843,0.09075522422790527,1
-0.2557121813297272,174.21275003693697,0.08734065294265747,1
-0.2557121813297272,174.21275003693697,0.08734065294265747,1
-0.2557121813297272,174.21275003693697,0.08734065294265747,1
-0.263860285282135,173.85594763669633,0.09334266185760498,1
-0.263860285282135,173.85594763669633,0.09334266185760498,1
-0.2564743459224701,174.84979855389878,0.0868728756904602,1
-0.2564743459224701,174.84979855389878,0.0868728756904602,1
-0.25002339482307434,172.50471986633292,0.09673112630844116,1
-0.25002339482307434,172.50471986633292,0.09673112630844116,1
-0.25002339482307434,172.50471986633292,0.09673112630844116,1
-0.2440263032913208,173.59175195480643,0.09558999538421631,1
-0.2440263032913208,173.59175195480643,0.09558999538421631,1
-0.23641934990882874,173.21724800070544,0.09768730401992798,1
-0.23641934990882874,173.21724800070544,0.09768730401992798,1
-0.24539312720298767,173.7509518654605,0.09785538911819458,1
-0.24539312720298767,173.7509518654605,0.09785538911819458,1
-0.2377808690071106,173.2734624160731,0.10493159294128418,1
-0.2377808690071106,173.2734624160731,0.10493159294128418,1
-0.23805078864097595,172.49534556047712,0.10453683137893677,1
-0.23805078864097595,172.49534556047712,0.10453683137893677,1
-0.23805078864097595,172.49534556047712,0.10453683137893677,1
-0.2376575469970703,172.63908271559288,0.10463333129882812,1
-0.2376575469970703,172.63908271559288,0.10463333129882812,1
-0.23923665285110474,171.6015988333729,0.10412907600402832,1
-0.23923665285110474,171.6015988333729,0.10412907600402832,1
-0.2351321578025818,171.81153342866583,0.10614776611328125,1
-0.2351321578025818,171.81153342866583,0.10614776611328125,1
-0.22277438640594482,171.1332766612489,0.11364483833312988,1
-0.22277438640594482,171.1332766612489,0.11364483833312988,1
-0.2329448163509369,170.82033788325424,0.11121851205825806,1
-0.2329448163509369,170.82033788325424,0.11121851205825806,1
-0.21128013730049133,170.6212319180454,0.10801821947097778,1
-0.21128013730049133,170.6212319180454,0.10801821947097778,1
-0.21128013730049133,170.6212319180454,0.10801821947097778,1
-0.22114476561546326,169.93794374699377,0.1075933575630188,1
-0.22114476561546326,169.93794374699377,0.1075933575630188,1
-0.21439063549041748,169.79014331129162,0.1030646562576294,1
-0.21439063549041748,169.79014331129162,0.1030646562576294,1
-0.2331920862197876,170.5611309748889,0.09921324253082275,1
-0.2331920862197876,170.5611309748889,0.09921324253082275,1
-0.23093098402023315,169.6408125309011,0.09834003448486328,1
-0.23093098402023315,169.6408125309011,0.09834003448486328,1
-0.23210379481315613,169.04374200961539,0.10784703493118286,1
-0.23210379481315613,169.04374200961539,0.10784703493118286,1
-0.23210379481315613,169.04374200961539,0.10784703493118286,1
-0.22265145182609558,169.08021027441438,0.1017574667930603,1
-0.22265145182609558,169.08021027441438,0.1017574667930603,1
-0.22267073392868042,169.63191139443396,0.10171651840209961,1
-0.22267073392868042,169.63191139443396,0.10171651840209961,1
-0.22099405527114868,171.32938497697566,0.0993577241897583,1
-0.22099405527114868,171.32938497697566,0.0993577241897583,1
-0.23533034324645996,167.14136253746912,0.09767496585845947,1
-0.23883426189422607,170.00195927775337,0.08996069431304932,1
-0.23883426189422607,170.00195927775337,0.08996069431304932,1
-0.23913264274597168,168.14820741917947,0.09549283981323242,1
-0.23913264274597168,168.14820741917947,0.09549283981323242,1
-0.23606589436531067,169.6316499797316,0.09423691034317017,1
-0.23606589436531067,169.6316499797316,0.09423691034317017,1
-0.23606589436531067,169.6316499797316,0.09423691034317017,1
-0.24848276376724243,168.95403439653796,0.10033512115478516,1
-0.24848276376724243,168.95403439653796,0.10033512115478516,1
-0.24056360125541687,169.15417046169046,0.08865731954574585,1
-0.24056360125541687,169.15417046169046,0.08865731954574585,1
-0.2419261932373047,169.77573658352708,0.09153962135314941,1
-0.2419261932373047,169.77573658352708,0.09153962135314941,1
-0.2402724027633667,170.9946700114822,0.093619704246521,1
-0.2402724027633667,170.9946700114822,0.093619704246521,1
-0.24205917119979858,169.19566724937926,0.10731196403503418,1
-0.552661657333374,179.08714572812227,0.005801081657409668,0
-0.5494494140148163,179.2041436972566,0.008991241455078125,0
-0.5494494140148163,179.2041436972566,0.008991241455078125,0
-0.5494494140148163,179.2041436972566,0.008991241455078125,0
-0.5478514432907104,179.43976961292873,0.014823734760284424,0
-0.5469113290309906,178.9470440475468,0.01684194803237915,0
-0.5469113290309906,178.9470440475468,0.01684194803237915,0
-0.5469113290309906,178.9470440475468,0.01684194803237915,0
-0.5461122691631317,178.61942904786585,0.0156821608543396,0
-0.5461122691631317,178.61942904786585,0.0156821608543396,0
-0.5473393201828003,178.75239136623617,0.019560515880584717,0
-0.5429877042770386,178.50755198240464,0.017035067081451416,0
-0.5429877042770386,178.50755198240464,0.017035067081451416,0
-0.5479084551334381,178.71131934602818,0.019757449626922607,0
-0.5479084551334381,178.71131934602818,0.019757449626922607,0
-0.554813802242279,178.57803045441506,0.017299771308898926,0
-0.554813802242279,178.57803045441506,0.017299771308898926,0
-0.5544507205486298,178.5649793233244,0.019980311393737793,0
-0.5544507205486298,178.5649793233244,0.019980311393737793,0
-0.5579227209091187,178.91128385392088,0.0188104510307312,0
-0.5597954988479614,179.14709331568935,0.017054975032806396,0
-0.5625009834766388,179.12617112364387,0.019656240940093994,0
-0.5625009834766388,179.12617112364387,0.019656240940093994,0
-0.5606576800346375,178.97984502158988,0.017111539840698242,0
-0.5606576800346375,178.97984502158988,0.017111539840698242,0
-0.5607854425907135,178.88761246057626,0.015223324298858643,0
-0.5607854425907135,178.88761246057626,0.015223324298858643,0
-0.560778945684433,178.7820498455958,0.01631706953048706,0
-0.5605208575725555,179.13368187689002,0.018249213695526123,0
-0.5605208575725555,179.13368187689002,0.018249213695526123,0
-0.5650372803211212,178.94615890235406,0.015256702899932861,0
-0.5659802258014679,179.0248453382956,0.017147302627563477,0
-0.5659802258014679,179.0248453382956,0.017147302627563477,0
-0.5664821267127991,178.90798887104765,0.016394078731536865,0
-0.5664821267127991,178.90798887104765,0.016394078731536865,0
-0.5682862997055054,178.94494225407612,0.0180700421333313,0
-0.5682862997055054,178.94494225407612,0.0180700421333313,0
-0.5697599649429321,178.8247021885684,0.01584601402282715,0
-0.5729524493217468,179.02409613873647,0.02076476812362671,0
-0.5729524493217468,179.02409613873647,0.02076476812362671,0
-0.5668861269950867,178.84075891107028,0.020626544952392578,0
-0.5682843029499054,179.38924885440656,0.022371232509613037,0
-0.5682843029499054,179.38924885440656,0.022371232509613037,0
-0.5699290633201599,179.70451486581956,0.02395033836364746,0
-0.5699290633201599,179.70451486581956,0.02395033836364746,0
-0.5683427453041077,179.60238535351033,0.023830056190490723,0
-0.5683427453041077,179.60238535351033,0.023830056190490723,0
-0.5712687075138092,179.89197981444434,0.02711474895477295,0
-0.5706592798233032,179.84680414101157,0.027040600776672363,0
-0.5706592798233032,179.84680414101157,0.027040600776672363,0
-0.5696530640125275,179.7505205548538,0.024414896965026855,0
-0.5696530640125275,179.7505205548538,0.024414896965026855,0
-0.5615858137607574,179.41412759994378,0.022623956203460693,0
-0.5593343675136566,179.573730960051,0.02828425168991089,0
-0.5593343675136566,179.573730960051,0.02828425168991089,0
-0.5607382655143738,179.39619374330073,0.025806903839111328,0
-0.5657232999801636,179.3048653077446,0.022607147693634033,0
-0.5657232999801636,179.3048653077446,0.022607147693634033,0
-0.5706263184547424,179.24658032706932,0.02439403533935547,0
-0.5706263184547424,179.24658032706932,0.02439403533935547,0
-0.5726210474967957,179.2342110386029,0.02531343698501587,0
-0.5726210474967957,179.2342110386029,0.02531343698501587,0
-0.5684939026832581,179.4690945107997,0.02260833978652954,0
-0.5697624683380127,179.54668350831176,0.02319091558456421,0
-0.5697624683380127,179.54668350831176,0.02319091558456421,0
-0.5699955821037292,179.10335168393013,0.023045897483825684,0
-0.5699955821037292,179.10335168393013,0.023045897483825684,0
-0.5690975785255432,179.4204360458602,0.023719489574432373,0
-0.5715394914150238,179.57907650522066,0.02204430103302002,0
-0.5715394914150238,179.57907650522066,0.02204430103302002,0
-0.5744614005088806,179.65557710512675,0.023469984531402588,0
-0.5744614005088806,179.65557710512675,0.023469984531402588,0
-0.5754349529743195,179.49906923404922,0.02212965488433838,0
-0.5757509469985962,179.60701238482116,0.024256110191345215,0
-0.5757509469985962,179.60701238482116,0.024256110191345215,0
-0.5749725103378296,179.40337861507672,0.024887502193450928,0
-0.5749725103378296,179.40337861507672,0.024887502193450928,0
-0.573202908039093,179.58771305118944,0.023824870586395264,0
-0.5747605264186859,179.46379201284108,0.02266716957092285,0
-0.5747605264186859,179.46379201284108,0.02266716957092285,0
-0.5723972320556641,179.50195639077108,0.02339613437652588,0
-0.5725723803043365,179.33549880618565,0.022445619106292725,0
-0.5725723803043365,179.33549880618565,0.022445619106292725,0
-0.5727582275867462,179.49956956507836,0.024518311023712158,0
-0.5727582275867462,179.49956956507836,0.024518311023712158,0
-0.5727748274803162,179.365578103482,0.025156855583190918,0
-0.5751503109931946,179.2553241790426,0.019430339336395264,0
-0.5751503109931946,179.2553241790426,0.019430339336395264,0
-0.5808527171611786,179.22082685052885,0.01824122667312622,0
-0.5808527171611786,179.22082685052885,0.01824122667312622,0
-0.5803912281990051,178.7668262456138,0.0165671706199646,0
-0.5803912281990051,178.7668262456138,0.0165671706199646,0
-0.5809825658798218,179.0386494240738,0.017151176929473877,0
-0.5815592110157013,178.4832744240481,0.013739049434661865,0
-0.5815592110157013,178.4832744240481,0.013739049434661865,0
-0.5750292539596558,178.68883290959488,0.016441166400909424,0
-0.5741293132305145,178.57710904633976,0.014850437641143799,0
-0.5741293132305145,178.57710904633976,0.014850437641143799,0
-0.574016273021698,178.6239981971556,0.015065014362335205,0
-0.574016273021698,178.6239981971556,0.015065014362335205,0
-0.5740701854228973,178.68137107320044,0.013647198677062988,0
-0.5740701854228973,178.68137107320044,0.013647198677062988,0
-0.571033388376236,179.10938242605303,0.023079752922058105,0
-0.5727882087230682,179.21275732022872,0.02336353063583374,0
-0.5727882087230682,179.21275732022872,0.02336353063583374,0
-0.5748502612113953,179.2004487830779,0.024377882480621338,0
-0.5748502612113953,179.2004487830779,0.024377882480621338,0
-0.5732891857624054,179.0647038034609,0.024990975856781006,0
-0.5732891857624054,179.0647038034609,0.024990975856781006,0
-0.5680316984653473,178.4846246948195,0.022501230239868164,0
-0.5680959522724152,178.64712272192668,0.021941840648651123,0
-0.5680959522724152,178.64712272192668,0.021941840648651123,0
-0.5848587900400162,179.18552740626373,0.026163816452026367,0
-0.583417609333992,179.25267297590955,0.024229824542999268,0
-0.583417609333992,179.25267297590955,0.024229824542999268,0
-0.5814001262187958,178.99408227109825,0.020816922187805176,0
-0.5814001262187958,178.99408227109825,0.020816922187805176,0
-0.5830131024122238,178.74516466356462,0.01945406198501587,0
-0.5836578458547592,179.01689714975976,0.019442975521087646,0
-0.5836578458547592,179.01689714975976,0.019442975521087646,0
-0.581784650683403,178.9455912412983,0.020003199577331543,0
-0.581784650683403,178.9455912412983,0.020003199577331543,0
-0.579537034034729,179.10810696728706,0.022251605987548828,0
-0.5787852108478546,178.8551976723804,0.020763516426086426,0
-0.5787852108478546,178.8551976723804,0.020763516426086426,0
-0.5809947848320007,178.33651508868832,0.016992628574371338,0
-0.5809947848320007,178.33651508868832,0.016992628574371338,0
-0.5808623135089874,178.58351675333884,0.01779961585998535,0
-0.5768631100654602,178.41218930431853,0.014506042003631592,0
-0.5768631100654602,178.41218930431853,0.014506042003631592,0
-0.5811031460762024,178.8909691926084,0.022070109844207764,0
-0.5811031460762024,178.8909691926084,0.022070109844207764,0
-0.5806746333837509,178.87369743067674,0.019259512424468994,0
-0.5806746333837509,178.87369743067674,0.019259512424468994,0
-0.5821509212255478,178.68261484207537,0.018933594226837158,0
-0.5809235721826553,178.1693291103926,0.01818859577178955,0
-0.5809235721826553,178.1693291103926,0.01818859577178955,0
-0.5808924734592438,178.45550610408364,0.01910984516143799,0
-0.5808924734592438,178.45550610408364,0.01910984516143799,0
-0.5857679694890976,178.81009850803443,0.018525898456573486,0
-0.5857903063297272,178.70533880882124,0.019342005252838135,0
-0.5857903063297272,178.70533880882124,0.019342005252838135,0
-0.5860002189874649,179.19944901430495,0.021743416786193848,0
-0.5860002189874649,179.19944901430495,0.021743416786193848,0
-0.5856194794178009,178.992413157503,0.01851421594619751,0
-0.5841364711523056,178.86323336631216,0.020898818969726562,0
-0.5841364711523056,178.86323336631216,0.020898818969726562,0
-0.5824683308601379,178.94070174162871,0.018220722675323486,0
-0.5828392207622528,178.30730972211168,0.016480326652526855,0
-0.5828392207622528,178.30730972211168,0.016480326652526855,0
-0.5842153280973434,178.59029510920243,0.01957082748413086,0
-0.5842153280973434,178.59029510920243,0.01957082748413086,0
-0.5837470293045044,178.65292069691435,0.02015763521194458,0
-0.58688585460186,178.9045123136078,0.020326435565948486,0
-0.58688585460186,178.9045123136078,0.020326435565948486,0
-0.5847861915826797,179.65432287356435,0.01833897829055786,0
-0.5815205723047256,179.00110798111118,0.017439544200897217,0
-0.5815205723047256,179.00110798111118,0.017439544200897217,0
-0.5815205723047256,179.00110798111118,0.017439544200897217,0
-0.5759920477867126,178.57422473474367,0.01762378215789795,0
-0.584933266043663,179.40170709152036,0.023423612117767334,0
-0.584933266043663,179.40170709152036,0.023423612117767334,0
-0.5845298767089844,179.07860772131457,0.020509541034698486,0
-0.5845298767089844,179.07860772131457,0.020509541034698486,0
-0.5120191872119904,162.25495401585198,0.03918468952178955,0
-0.5036220550537109,158.54245074374623,0.014786779880523682,0
-0.5049600899219513,159.1416026835761,0.01567864418029785,0
-0.5052684843540192,159.353454536992,0.016310572624206543,0
-0.5099388062953949,159.2570453960797,0.01289522647857666,0
-0.5099388062953949,159.2570453960797,0.01289522647857666,0
-0.5066215693950653,159.3849384950317,0.00653451681137085,0
-0.5113804936408997,159.3823804182931,0.006109297275543213,0
-0.5081706643104553,159.2957383588573,0.007322251796722412,0
-0.5139219462871552,159.32087914733356,0.0019087791442871094,0
-0.5139219462871552,159.32087914733356,0.0019087791442871094,0
-0.5137215852737427,159.30319087384112,6.729364395141602e-05,0
-0.5129555463790894,158.95821113172934,0.0004903674125671387,0
-0.5129555463790894,158.95821113172934,0.0004903674125671387,0
-0.5120338499546051,159.02250885168556,0.0008630156517028809,0
-0.5163601636886597,159.22963612543043,0.0004673600196838379,0
-0.5156834423542023,159.40661677280335,0.0015708208084106445,0
-0.5156834423542023,159.40661677280335,0.0015708208084106445,0
-0.5159854292869568,159.38298383966918,0.0029619336128234863,0
-0.5152207911014557,160.18986235126113,0.0034807920455932617,0
-0.5152207911014557,160.18986235126113,0.0034807920455932617,0
-0.5160940587520599,160.73929642791103,0.004713833332061768,0
-0.512823075056076,161.00336711535496,0.0019780397415161133,0
-0.5937977731227875,167.4004614786421,0.072845458984375,0
-0.5655239075422287,165.89849872802012,0.06455612182617188,0
-0.5655239075422287,165.89849872802012,0.06455612182617188,0
-0.5696849972009659,166.27241598399064,0.06649655103683472,0
-0.5683056712150574,166.12396471341768,0.06883126497268677,0
-0.5642459988594055,166.10277687124184,0.07178455591201782,0
-0.567528486251831,166.18775072945706,0.07050108909606934,0
-0.567528486251831,166.18775072945706,0.07050108909606934,0
-0.5691038072109222,166.22318557501012,0.07036834955215454,0
-0.5698581784963608,166.43463885878552,0.0723080039024353,0
-0.5698581784963608,166.43463885878552,0.0723080039024353,0
-0.5598325878381729,165.85688608999152,0.06738722324371338,0
-0.5575529336929321,166.07823447962005,0.06934601068496704,0
-0.5575529336929321,166.07823447962005,0.06934601068496704,0
-0.5634784251451492,166.42524712336797,0.06796634197235107,0
-0.5666443258523941,166.3106362573436,0.06850141286849976,0
-0.572390615940094,166.46523019959093,0.06543624401092529,0
-0.5685503631830215,166.19115087629828,0.06562650203704834,0
-0.5685503631830215,166.19115087629828,0.06562650203704834,0
-0.5787101835012436,166.69454583442223,0.06581676006317139,0
-0.5777105242013931,167.1185475114156,0.06761419773101807,0
-0.5777105242013931,167.1185475114156,0.06761419773101807,0
-0.574554905295372,167.11262145200644,0.07004481554031372,0
-0.5670366585254669,166.7283583374014,0.07420670986175537,0
-0.567999005317688,166.83489844844692,0.07352089881896973,0
-0.567999005317688,166.83489844844692,0.07352089881896973,0
-0.5607617646455765,165.9068359786622,0.0746491551399231,0
-0.5645134150981903,166.2316203825075,0.06845784187316895,0
-0.5567859411239624,165.83876185145252,0.06889963150024414,0
-0.5567859411239624,165.83876185145252,0.06889963150024414,0
-0.5721121579408646,167.1273225522979,0.07035905122756958,0
-0.564231351017952,166.51911249183647,0.07123500108718872,0
-0.564231351017952,166.51911249183647,0.07123500108718872,0
-0.5581910163164139,168.1378176037439,0.0709848403930664,0
-0.5484946817159653,168.79497477536793,0.05624145269393921,0
-0.545910194516182,168.1753416235272,0.05030059814453125,0
-0.545910194516182,168.1753416235272,0.05030059814453125,0
-0.5482224524021149,168.58108772396045,0.050691187381744385,0
-0.5456501692533493,168.51648383615034,0.04897648096084595,0
-0.5456797778606415,168.20985852265807,0.04780876636505127,0
-0.5501649677753448,168.99644170704883,0.05658942461013794,0
-0.5501649677753448,168.99644170704883,0.05658942461013794,0
-0.5471213459968567,168.6692494851404,0.05111724138259888,0
-0.5474008768796921,168.6576050829555,0.05078697204589844,0
-0.5474008768796921,168.6576050829555,0.05078697204589844,0
-0.5469660013914108,168.92502410590993,0.054681479930877686,0
-0.5352905243635178,168.6726972994291,0.059762001037597656,0
-0.5341496020555496,167.84885877148736,0.05867564678192139,0
-0.5361547321081161,167.7447199310413,0.05485856533050537,0
-0.5361547321081161,167.7447199310413,0.05485856533050537,0
-0.5410798341035843,167.87089437257364,0.052503347396850586,0
-0.5413600951433182,167.62704604372948,0.052305757999420166,0
-0.5456801056861877,168.20763906452936,0.05364197492599487,0
-0.5433423072099686,168.05797224637342,0.054798901081085205,0
-0.5381708741188049,167.72574382209615,0.053423285484313965,0
-0.5381708741188049,167.72574382209615,0.053423285484313965,0
-0.5386642217636108,168.0174874702861,0.055703699588775635,0
-0.5388716161251068,168.0908361394464,0.056870222091674805,0
-0.5374248623847961,167.95519979931333,0.05588573217391968,0
-0.5374248623847961,167.95519979931333,0.05588573217391968,0
-0.5371246188879013,167.5971348881029,0.055910468101501465,0
-0.5400513261556625,166.5347101476896,0.04806101322174072,0
-0.5364380031824112,166.067729705307,0.05092263221740723,0
-0.5388174653053284,166.24265422468363,0.051367342472076416,0
-0.5361594557762146,166.05193809842464,0.05357438325881958,0
-0.5361594557762146,166.05193809842464,0.05357438325881958,0
-0.5346634387969971,166.1128637831055,0.053684353828430176,0
-0.535953938961029,166.1914811262577,0.05729210376739502,0
-0.5340026617050171,166.21791822304058,0.05080026388168335,0
-0.5371986925601959,166.83615845758843,0.05625349283218384,0
-0.5440146923065186,178.36150571682205,0.05235713720321655,0
-0.5544813424348831,165.93241719495387,0.007774055004119873,0
-0.5544813424348831,165.93241719495387,0.007774055004119873,0
-0.5502989739179611,167.12212327257876,0.015362560749053955,0
-0.5479674488306046,167.10057626755474,0.018620312213897705,0
-0.5472746640443802,167.28684746355825,0.017029643058776855,0
-0.5510280281305313,166.69529590105063,0.018926262855529785,0
-0.5510280281305313,166.69529590105063,0.018926262855529785,0
-0.5475583672523499,166.9576719014972,0.010644674301147461,0
-0.5499900132417679,168.1236748334432,0.010810792446136475,0
-0.5553165227174759,168.03496237847958,0.01514369249343872,0
-0.5550131797790527,169.56010945218176,0.014160513877868652,0
-0.5550131797790527,169.56010945218176,0.014160513877868652,0
-0.5621048212051392,169.2975570538554,0.0259091854095459,0
-0.5578492432832718,169.61066488744788,0.017161011695861816,0
-0.5625652372837067,169.52741786556828,0.029556691646575928,0
-0.5532238185405731,169.42070220270278,0.012073814868927002,0
-0.5532238185405731,169.42070220270278,0.012073814868927002,0
-0.552828311920166,169.69423610382407,0.012777626514434814,0
-0.5560507923364639,170.58422008310566,0.015956342220306396,0
-0.5583823472261429,170.3085392345902,0.02188009023666382,0
-0.5583823472261429,170.3085392345902,0.02188009023666382,0
-0.560735672712326,169.8569603864484,0.021785497665405273,0
-0.561382532119751,169.8141797817457,0.024356603622436523,0
-0.5612384676933289,169.52292531457118,0.02773839235305786,0
-0.5659029930830002,169.56755006793654,0.02399367094039917,0
-0.5659029930830002,169.56755006793654,0.02399367094039917,0
-0.5629049390554428,169.85388946690009,0.025311648845672607,0
-0.5676804035902023,169.7219037638,0.03200894594192505,0
-0.5666251927614212,169.82361473110674,0.030752182006835938,0
-0.5709291696548462,169.31025794158296,0.033999741077423096,0
-0.5569742321968079,169.1764146223103,0.01582390069961548,0
-0.5569742321968079,169.1764146223103,0.01582390069961548,0
-0.5614194571971893,169.1766234052932,0.025169968605041504,0
-0.5614194571971893,169.1766234052932,0.025169968605041504,0
-0.5521085858345032,169.21451022633096,0.012276709079742432,0
-0.5573947429656982,169.26831755775592,0.021586894989013672,0
-0.5581067204475403,169.27687294007137,0.019034981727600098,0
-0.5600394308567047,169.61088074351858,0.01836949586868286,0
-0.5600394308567047,169.61088074351858,0.01836949586868286,0
-0.5607361644506454,169.9159751882247,0.016794204711914062,0
-0.5639261901378632,170.05005269752562,0.019102871417999268,0
-0.5639261901378632,170.05005269752562,0.019102871417999268,0
-0.5660248845815659,170.02319158825247,0.018543362617492676,0
-0.5623204112052917,170.28016817842203,0.018321752548217773,0
-0.5623204112052917,170.28016817842203,0.018321752548217773,0
-0.5624535381793976,170.69406995489467,0.014998376369476318,0
-0.5304871499538422,159.36466495559597,0.039260029792785645,0
-0.5223316252231598,154.64119622347414,0.03001117706298828,0
-0.5267474353313446,154.4610889543445,0.0298231840133667,0
-0.5267474353313446,154.4610889543445,0.0298231840133667,0
-0.5317892134189606,155.56823202475564,0.028105616569519043,0
-0.5331127643585205,156.12662652749864,0.028249144554138184,0
-0.5331127643585205,156.12662652749864,0.028249144554138184,0
-0.5535651743412018,157.28937389963596,0.03038787841796875,0
-0.5560267567634583,156.90480858953842,0.029176652431488037,0
-0.5560267567634583,156.90480858953842,0.029176652431488037,0
-0.5531064122915268,156.1404815730479,0.02924811840057373,0
-0.5538286715745926,156.54915380705424,0.02854996919631958,0
-0.5465211272239685,155.69881625939766,0.025526046752929688,0
-0.5461854040622711,155.48143445626783,0.022948384284973145,0
-0.5461854040622711,155.48143445626783,0.022948384284973145,0
-0.5459663569927216,155.72304578489135,0.022106170654296875,0
-0.5491370856761932,155.6274285637015,0.020746886730194092,0
-0.548396110534668,155.9043671839711,0.014958202838897705,0
-0.548396110534668,155.9043671839711,0.014958202838897705,0
-0.553819477558136,156.50293564527135,0.01905202865600586,0
-0.5437254309654236,155.03280225356804,0.004219651222229004,0
-0.5437254309654236,155.03280225356804,0.004219651222229004,0
-0.5486522614955902,155.48498968178143,0.005706608295440674,0
-0.5531375557184219,155.796251438924,0.011045277118682861,0
-0.5549550503492355,156.63631092405345,0.010143101215362549,0
-0.5549550503492355,156.63631092405345,0.010143101215362549,0
-0.5529390722513199,156.14680132508477,0.0057506561279296875,0
-0.5601203888654709,156.36936629836055,0.020381152629852295,0
-0.5601203888654709,156.36936629836055,0.020381152629852295,0
-0.553789496421814,156.45291808700026,0.019408762454986572,0
-0.553789496421814,156.45291808700026,0.019408762454986572,0
-0.5445747077465057,155.95357346184957,0.02102285623550415,0
-0.5454122424125671,156.19947465975727,0.020666837692260742,0
-0.5454122424125671,156.19947465975727,0.020666837692260742,0
-0.5450266301631927,156.66426302390215,0.022965312004089355,0
-0.5407887399196625,156.01532124590858,0.01914668083190918,0
-0.5384642779827118,156.21934195333998,0.023743033409118652,0
-0.5384642779827118,156.21934195333998,0.023743033409118652,0
-0.5385332107543945,155.63223968187307,0.025432288646697998,0
-0.5439038574695587,155.66416277648713,0.029506325721740723,0
-0.5477250814437866,155.9983830555826,0.029010117053985596,0
-0.5477250814437866,155.9983830555826,0.029010117053985596,0
-0.5459398925304413,156.31102224391645,0.02939581871032715,0
-0.5446957945823669,156.46226918008452,0.027437210083007812,0
-0.5446957945823669,156.46226918008452,0.027437210083007812,0
-0.547680526971817,156.32913766951035,0.021391749382019043,0
-0.54603710770607,156.01630240757535,0.020613551139831543,0
-0.54603710770607,156.01630240757535,0.020613551139831543,0
-0.5499715507030487,156.16937365948516,0.02755981683731079,0
-0.5483989417552948,157.036596117731,0.02872234582901001,0
-0.5483989417552948,157.036596117731,0.02872234582901001,0
-0.5395412445068359,156.69190094918565,0.03046661615371704,0
-0.5366944670677185,156.6800944230144,0.028260350227355957,0
-0.5366944670677185,156.6800944230144,0.028260350227355957,0
-0.5424385964870453,156.89423311930082,0.029060304164886475,0
-0.542005181312561,157.18680799202266,0.030675768852233887,0
-0.5506691932678223,156.71736025622977,0.028811156749725342,0
-0.5506691932678223,156.71736025622977,0.028811156749725342,0
-0.5480958819389343,156.2599365828479,0.020116984844207764,0
-0.5480958819389343,156.2599365828479,0.020116984844207764,0
-0.5481049120426178,156.18488434977013,0.019599735736846924,0
-0.5495774745941162,156.54882721284002,0.025372624397277832,0
-0.5492742955684662,157.90812656872407,0.029795348644256592,0
-0.5492742955684662,157.90812656872407,0.029795348644256592,0
-0.5428558886051178,157.6215794031536,0.0289190411567688,0
-0.5505302250385284,156.99471996258174,0.024105429649353027,0
-0.5505302250385284,156.99471996258174,0.024105429649353027,0
-0.5486486256122589,156.99837796558288,0.031200289726257324,0
-0.5617671608924866,167.57217184455817,0.05422860383987427,0
-0.5704642981290817,167.19779983832225,0.017106235027313232,0
-0.5680199712514877,167.2326870598877,0.018080532550811768,0
-0.5680199712514877,167.2326870598877,0.018080532550811768,0
-0.5535153150558472,166.30827613833344,0.022492945194244385,0
-0.5434888005256653,165.538422812177,0.015223205089569092,0
-0.5434888005256653,165.538422812177,0.015223205089569092,0
-0.5652794241905212,167.3371154000015,0.019110918045043945,0
-0.5652794241905212,167.3371154000015,0.019110918045043945,0
-0.5546009838581085,166.91623902713485,0.019346952438354492,0
-0.5537926852703094,166.99740339580705,0.02126753330230713,0
-0.5537926852703094,166.99740339580705,0.02126753330230713,0
-0.552067220211029,167.42649830179138,0.023944973945617676,0
-0.5483291745185852,166.83173436503282,0.022420942783355713,0
-0.5483291745185852,166.83173436503282,0.022420942783355713,0
-0.549128919839859,166.51665700929394,0.018448948860168457,0
-0.5551144182682037,166.98256415974774,0.024730265140533447,0
-0.5551144182682037,166.98256415974774,0.024730265140533447,0
-0.5396708846092224,166.8953558800517,0.021158039569854736,0
-0.5493424236774445,167.18116299057488,0.016161084175109863,0
-0.5611496567726135,167.72520828085322,0.016484737396240234,0
-0.5611496567726135,167.72520828085322,0.016484737396240234,0
-0.5467735230922699,166.4116988800485,0.015995264053344727,0
-0.5589497983455658,168.84423482761903,0.021086513996124268,0
-0.564760610461235,168.87998376730206,0.022704899311065674,0
-0.564760610461235,168.87998376730206,0.022704899311065674,0
-0.560065507888794,167.9588270158363,0.02195340394973755,0
-0.5604929029941559,166.45195334142468,0.017538011074066162,0
-0.5495743453502655,165.9322374080112,0.019246578216552734,0
-0.5495743453502655,165.9322374080112,0.019246578216552734,0
-0.553601086139679,165.70117466504848,0.00792551040649414,0
-0.560415655374527,166.0706228064959,0.012054800987243652,0
-0.560415655374527,166.0706228064959,0.012054800987243652,0
-0.5574721992015839,165.9363218816997,0.012695670127868652,0
-0.5617369115352631,166.49270441725264,0.020880281925201416,0
-0.5617369115352631,166.49270441725264,0.020880281925201416,0
-0.558897465467453,166.80755964491723,0.021928846836090088,0
-0.5550414323806763,166.7576884790954,0.02194797992706299,0
-0.5550414323806763,166.7576884790954,0.02194797992706299,0
-0.5515800714492798,166.55234942339965,0.024218857288360596,0
-0.5537296235561371,166.64498370148118,0.021612584590911865,0
-0.5537296235561371,166.64498370148118,0.021612584590911865,0
-0.559639036655426,167.06192866456195,0.02223825454711914,0
-0.5570526123046875,166.72777953056996,0.023093879222869873,0
-0.562023937702179,166.82007286595382,0.01973903179168701,0
-0.562023937702179,166.82007286595382,0.01973903179168701,0
-0.5654098391532898,166.21815046671497,0.018891453742980957,0
-0.5599644482135773,165.01867038492304,0.020338594913482666,0
-0.5599644482135773,165.01867038492304,0.020338594913482666,0
-0.5641607344150543,165.44749242103111,0.020749330520629883,0
-0.5651118457317352,166.1107511260744,0.021953344345092773,0
-0.5751793533563614,166.44941552453207,0.01619952917098999,0
-0.5699244141578674,166.09173589968532,0.015271365642547607,0
-0.5677379667758942,165.97270532210484,0.016446828842163086,0
-0.5677379667758942,165.97270532210484,0.016446828842163086,0
-0.5745970904827118,165.43180210924137,0.01216435432434082,0
-0.5745970904827118,165.43180210924137,0.01216435432434082,0
-0.5685821771621704,165.1994401817177,0.008704721927642822,0
-0.5649121105670929,165.47886789314373,0.00889045000076294,0
-0.5626916587352753,165.30829231199036,0.006905794143676758,0
-0.5638651549816132,165.50627656406797,0.017253577709197998,0
-0.5638651549816132,165.50627656406797,0.017253577709197998,0
-0.5640069544315338,165.18653177388506,0.016921818256378174,0
-0.5698690712451935,165.83012627584966,0.020576894283294678,0
-0.5698690712451935,165.83012627584966,0.020576894283294678,0
-0.5548567771911621,165.52916169031928,0.02225130796432495,0
-0.5459872782230377,165.66312339884269,0.014729917049407959,0
-0.547545313835144,165.70242710689888,0.016708314418792725,0
-0.547545313835144,165.70242710689888,0.016708314418792725,0
-0.5488587021827698,165.77015573167716,0.008732616901397705,0
-0.5521685481071472,165.03036497002128,0.008957326412200928,0
-0.5521685481071472,165.03036497002128,0.008957326412200928,0
-0.5417234599590302,165.06211615019077,0.010800004005432129,0
-0.5417234599590302,165.06211615019077,0.010800004005432129,0
-0.5421784222126007,165.3193804236628,0.010618805885314941,0
-0.5498750805854797,165.55364695897546,0.013761699199676514,0
-0.5498750805854797,165.55364695897546,0.013761699199676514,0
-0.5493100881576538,165.59633291518688,0.016011178493499756,0
-0.5493100881576538,165.59633291518688,0.016011178493499756,0
-0.5480290651321411,165.531094392026,0.018238365650177002,0
-0.5534116625785828,166.28516691075137,0.01825815439224243,0
-0.5582551658153534,166.5582806690141,0.01857513189315796,0
-0.5582551658153534,166.5582806690141,0.01857513189315796,0
-0.5553269982337952,166.22593543122974,0.01854848861694336,0
-0.5553269982337952,166.22593543122974,0.01854848861694336,0
-0.5550050437450409,166.28368941854728,0.01948988437652588,0
-0.5547626614570618,166.9950477463798,0.02314305305480957,0
-0.5582525730133057,167.26818445122146,0.02371084690093994,0
-0.5582525730133057,167.26818445122146,0.02371084690093994,0
-0.5578335523605347,167.11725796215453,0.022762596607208252,0
-0.5562123954296112,166.42085286570278,0.022116780281066895,0
-0.5516400933265686,166.33823322924258,0.02367401123046875,0
-0.5520797669887543,165.8700950376188,0.02328670024871826,0
-0.5520797669887543,165.8700950376188,0.02328670024871826,0
-0.5526615679264069,165.90164959257385,0.02241438627243042,0
-0.5447520315647125,164.67145892514594,0.022646605968475342,0
-0.5447520315647125,164.67145892514594,0.022646605968475342,0
-0.5501479208469391,165.60090066130965,0.023611485958099365,0
-0.2978380024433136,159.83151020027577,0.05559819936752319,1
-0.2918720245361328,157.13236275868002,0.07646834850311279,1
-0.2918720245361328,157.13236275868002,0.07646834850311279,1
-0.2920958995819092,158.24271527900913,0.08009779453277588,1
-0.2866749167442322,158.09617459074738,0.07616806030273438,1
-0.28814321756362915,157.7272142634216,0.07871341705322266,1
-0.28814321756362915,157.7272142634216,0.07871341705322266,1
-0.28290411829948425,157.18811410099525,0.07420450448989868,1
-0.2787497043609619,158.31434568628933,0.08566820621490479,1
-0.2787497043609619,158.31434568628933,0.08566820621490479,1
-0.2790490388870239,158.09358705045582,0.08396649360656738,1
-0.2791873514652252,157.9332045760489,0.08355003595352173,1
-0.2791873514652252,157.9332045760489,0.08355003595352173,1
-0.28125110268592834,157.53444408961235,0.08127504587173462,1
-0.2712683081626892,154.74134725549015,0.07885754108428955,1
-0.2712683081626892,154.74134725549015,0.07885754108428955,1
-0.26225510239601135,153.81647158694403,0.08696573972702026,1
-0.26379573345184326,153.4641792616994,0.0866769552230835,1
-0.26379573345184326,153.4641792616994,0.0866769552230835,1
-0.2669098675251007,154.5887314535363,0.08484023809432983,1
-0.2711874544620514,154.98325390356726,0.08856779336929321,1
-0.2711874544620514,154.98325390356726,0.08856779336929321,1
-0.27218130230903625,155.97046558414652,0.09014970064163208,1
-0.2659217119216919,156.37588912872118,0.0850362777709961,1
-0.2659217119216919,156.37588912872118,0.0850362777709961,1
-0.27010586857795715,156.45495916998382,0.09601730108261108,1
-0.2722885310649872,155.17631223211782,0.09221118688583374,1
-0.2722885310649872,155.17631223211782,0.09221118688583374,1
-0.2746049761772156,155.41684663482152,0.09842360019683838,1
-0.2754148244857788,156.13057853872718,0.09687256813049316,1
-0.2754148244857788,156.13057853872718,0.09687256813049316,1
-0.2729457914829254,156.26012961868994,0.09904211759567261,1
-0.26797473430633545,155.98552010100246,0.10467386245727539,1
-0.26797473430633545,155.98552010100246,0.10467386245727539,1
-0.2671236991882324,156.29833045340825,0.10267281532287598,1
-0.2688949704170227,156.19359941241714,0.09933304786682129,1
-0.2688949704170227,156.19359941241714,0.09933304786682129,1
-0.2741154432296753,156.79079968560927,0.10129320621490479,1
-0.27858486771583557,156.36415504830242,0.08979135751724243,1
-0.2784512937068939,157.5453699619996,0.08937972784042358,1
-0.27449649572372437,157.43334164219132,0.09000873565673828,1
-0.27449649572372437,157.43334164219132,0.09000873565673828,1
-0.2746651768684387,157.12258961370716,0.08915174007415771,1
-0.2746651768684387,157.12258961370716,0.08915174007415771,1
-0.2719533145427704,155.06520297106596,0.08139950037002563,1
-0.27559107542037964,155.42363689119412,0.0858767032623291,1
-0.27559107542037964,155.42363689119412,0.0858767032623291,1
-0.2767713963985443,155.2166331640635,0.08340269327163696,1
-0.27666592597961426,155.11485336575174,0.08298146724700928,1
-0.27666592597961426,155.11485336575174,0.08298146724700928,1
-0.2736018896102905,154.86702680854714,0.08258712291717529,1
-0.2648007869720459,153.60117709580388,0.08581054210662842,1
-0.26250532269477844,153.75776310603243,0.08655482530593872,1
-0.2535594403743744,153.3140422909787,0.08467990159988403,1
-0.2535594403743744,153.3140422909787,0.08467990159988403,1
-0.25527939200401306,153.41402162982567,0.08619970083236694,1
-0.25215113162994385,153.39527458387832,0.08774471282958984,1
-0.25215113162994385,153.39527458387832,0.08774471282958984,1
-0.25042426586151123,153.12772010138173,0.08719813823699951,1
-0.25056159496307373,151.98194389956095,0.087310791015625,1
-0.2511501908302307,153.02908476920737,0.09032106399536133,1
-0.2511501908302307,153.02908476920737,0.09032106399536133,1
-0.24811160564422607,151.55213285585737,0.09091782569885254,1
-0.25396454334259033,151.7976760846463,0.0839846134185791,1
-0.26511049270629883,153.9716013650723,0.0872349739074707,1
-0.26511049270629883,153.9716013650723,0.0872349739074707,1
-0.26510217785835266,154.3396504432548,0.08729904890060425,1
-0.2549099326133728,155.1422338000887,0.08737850189208984,1
-0.2549099326133728,155.1422338000887,0.08737850189208984,1
-0.2541132867336273,154.9883710167079,0.0904807448387146,1
-0.2522208094596863,154.8689495453511,0.09370660781860352,1
-0.2522208094596863,154.8689495453511,0.09370660781860352,1
-0.26356974244117737,154.97678241108804,0.09020143747329712,1
-0.2723240852355957,156.6549184431507,0.09495198726654053,1
-0.267154335975647,156.40490224337526,0.09804940223693848,1
-0.2699699103832245,157.10069433118016,0.09736424684524536,1
-0.2699699103832245,157.10069433118016,0.09736424684524536,1
-0.26520711183547974,156.85868707129742,0.0972064733505249,1
-0.26520711183547974,156.85868707129742,0.0972064733505249,1
-0.26096948981285095,155.78390808285855,0.09683340787887573,1
-0.26089149713516235,155.2457052517582,0.0952911376953125,1
-0.260207861661911,155.2010633351594,0.09232944250106812,1
-0.260207861661911,155.2010633351594,0.09232944250106812,1
-0.26064106822013855,154.8970548998728,0.09524458646774292,1
-0.2648991644382477,155.5136641883894,0.09396666288375854,1
-0.2648991644382477,155.5136641883894,0.09396666288375854,1
-0.26142618060112,154.50126639277,0.09149867296218872,1
-0.2588428258895874,154.73364971122365,0.08840608596801758,1
-0.2588428258895874,154.73364971122365,0.08840608596801758,1
-0.26777204871177673,155.4404490916166,0.09165960550308228,1
-0.269016832113266,154.97259611592702,0.09473401308059692,1
-0.269016832113266,154.97259611592702,0.09473401308059692,1
-0.2704356014728546,155.9285536290735,0.0949741005897522,1
-0.27122801542282104,155.688511385018,0.09612405300140381,1
-0.27122801542282104,155.688511385018,0.09612405300140381,1
-0.2692978084087372,155.96726892401531,0.0961647629737854,1
-0.27097755670547485,156.02200603249074,0.09890782833099365,1
-0.2705831527709961,156.2317257529453,0.09732866287231445,1
-0.2718065679073334,156.91382651703617,0.10134798288345337,1
-0.2718065679073334,156.91382651703617,0.10134798288345337,1
-0.2697230279445648,155.4632617725251,0.10388046503067017,1
-0.26266413927078247,155.43760415684295,0.11000680923461914,1
-0.2617087662220001,155.19549417131498,0.11003631353378296,1
-0.26379644870758057,154.61436613044503,0.10626411437988281,1
-0.5710694193840027,175.535076119723,0.014321208000183105,0
-0.5712096393108368,174.46131104822473,0.02174985408782959,0
-0.5729550123214722,174.65956446261876,0.01917809247970581,0
-0.5713276714086533,175.2541429124777,0.016922175884246826,0
-0.5713276714086533,175.2541429124777,0.016922175884246826,0
-0.5736171305179596,174.74503228958824,0.01367330551147461,0
-0.5706533938646317,174.82370511777424,0.0078125,0
-0.5705353915691376,175.18108954318674,0.00849992036819458,0
-0.5705353915691376,175.18108954318674,0.00849992036819458,0
-0.5722320675849915,175.3412628920508,0.004903912544250488,0
-0.5730677843093872,175.06108560886437,8.26716423034668e-05,0
-0.5730677843093872,175.06108560886437,8.26716423034668e-05,0
-0.5713117122650146,174.9332742923897,0.00029790401458740234,0
-0.5713928192853928,174.92740252922255,0.00046890974044799805,0
-0.5714584141969681,174.90061259027,0.00022941827774047852,0
-0.5714584141969681,174.90061259027,0.00022941827774047852,0
-0.571964904665947,174.66678569801948,0.0022028684616088867,0
-0.5714945495128632,174.07088949919523,0.00225985050201416,0
-0.5714945495128632,174.07088949919523,0.00225985050201416,0
-0.5627937018871307,173.99895081292723,0.0007728934288024902,0
-0.5581744015216827,174.1939278784543,0.006705880165100098,0
-0.5637837499380112,173.8537386694855,0.009897947311401367,0
-0.5551591664552689,172.84085354462513,0.017414987087249756,0
-0.5551591664552689,172.84085354462513,0.017414987087249756,0
-0.5577323734760284,170.3159443452043,0.008622407913208008,0
-0.5597393214702606,169.60291867123388,0.020205795764923096,0
-0.5597393214702606,169.60291867123388,0.020205795764923096,0
-0.5508967936038971,169.21343986757205,0.019378483295440674,0
-0.5535636246204376,168.05931919697474,0.014167368412017822,0
-0.5393742918968201,166.38156754001054,0.02430194616317749,0
-0.5393742918968201,166.38156754001054,0.02430194616317749,0
-0.5407900810241699,165.91999985852993,0.024580776691436768,0
-0.5411349236965179,163.932636141974,0.02496892213821411,0
-0.5281008183956146,163.04636722730888,0.03278464078903198,0
-0.5275925695896149,162.35091696824983,0.03295058012008667,0
-0.5275925695896149,162.35091696824983,0.03295058012008667,0
-0.5217011868953705,161.79880338917783,0.03957509994506836,0
-0.5122601985931396,160.7431253465234,0.04363447427749634,0
-0.5146057903766632,160.75894616302256,0.04742324352264404,0
-0.5146057903766632,160.75894616302256,0.04742324352264404,0
-0.5116805732250214,160.66861126571476,0.04989415407180786,0
-0.5111274421215057,160.81716233578518,0.05146515369415283,0
-0.5113649070262909,160.8760252933026,0.05252337455749512,0
-0.5113649070262909,160.8760252933026,0.05252337455749512,0
-0.508281946182251,160.6065291737342,0.049601852893829346,0
-0.508281946182251,160.6065291737342,0.049601852893829346,0
-0.5116836428642273,160.83039007563985,0.05220842361450195,0
-0.5110552906990051,160.59078127048664,0.052295982837677,0
-0.5110552906990051,160.59078127048664,0.052295982837677,0
-0.5052219927310944,160.30267983376126,0.035016536712646484,0
-0.5120842754840851,160.86612025587624,0.049053072929382324,0
-0.5122627019882202,160.9360759603855,0.04619455337524414,0
-0.5122627019882202,160.9360759603855,0.04619455337524414,0
-0.5144864022731781,161.20416314435644,0.05226260423660278,0
-0.5049454569816589,160.99854919887548,0.03796589374542236,0
-0.5122638940811157,160.73309530880232,0.04587286710739136,0
-0.5069060325622559,160.51276697268295,0.033712685108184814,1
-0.3909575343132019,141.17082502813503,0.040808141231536865,1
-0.3812820017337799,140.23958714002276,0.03878718614578247,1
-0.3812820017337799,140.23958714002276,0.03878718614578247,1
-0.382099449634552,139.8897379824689,0.049547433853149414,1
-0.3773514926433563,139.60377763425387,0.05568951368331909,1
-0.3750191926956177,139.19745887556078,0.05724668502807617,1
-0.3434292674064636,134.926506357639,0.05655217170715332,1
-0.3434292674064636,134.926506357639,0.05655217170715332,1
-0.3478849232196808,133.821387143309,0.06559818983078003,1
-0.3540370762348175,132.90419730342967,0.0779682993888855,1
-0.3341897130012512,133.06952168235614,0.07548868656158447,1
-0.3341897130012512,133.06952168235614,0.07548868656158447,1
-0.32417720556259155,133.0778853630636,0.07497072219848633,1
-0.32417720556259155,133.0778853630636,0.07497072219848633,1
-0.32457953691482544,132.40038181622205,0.07887661457061768,1
-0.32964617013931274,132.37213701188568,0.06058669090270996,1
-0.3311965763568878,132.71738028157114,0.06347376108169556,1
-0.3271816372871399,132.60171922754773,0.06560385227203369,1
-0.3271816372871399,132.60171922754773,0.06560385227203369,1
-0.32065635919570923,132.1674201409614,0.0865790843963623,1
-0.3194405138492584,132.09638360730995,0.08190947771072388,1
-0.3194405138492584,132.09638360730995,0.08190947771072388,1
-0.32503771781921387,134.22030446113675,0.08088195323944092,1
-0.32503771781921387,134.22030446113675,0.08088195323944092,1
-0.31208306550979614,133.6395680990979,0.08282601833343506,1
-0.3196319341659546,131.91801738444383,0.06804513931274414,1
-0.3196319341659546,131.91801738444383,0.06804513931274414,1
-0.3196319341659546,131.91801738444383,0.06804513931274414,1
-0.3224266469478607,130.66956865165423,0.07455712556838989,1
-0.3224266469478607,130.66956865165423,0.07455712556838989,1
-0.3204188644886017,131.2056039387676,0.07602077722549438,1
-0.3204188644886017,131.2056039387676,0.07602077722549438,1
-0.31911829113960266,131.54377557846826,0.07572180032730103,1
-0.31911829113960266,131.54377557846826,0.07572180032730103,1
-0.320717453956604,131.28232437835732,0.08149492740631104,1
-0.320717453956604,131.28232437835732,0.08149492740631104,1
-0.320717453956604,131.28232437835732,0.08149492740631104,1
-0.3239816427230835,131.7080688348795,0.07207512855529785,1
-0.3239816427230835,131.7080688348795,0.07207512855529785,1
-0.3218502998352051,132.10006110132807,0.07181918621063232,1
-0.3218502998352051,132.10006110132807,0.07181918621063232,1
-0.31931114196777344,133.24450865718674,0.06773662567138672,1
-0.31931114196777344,133.24450865718674,0.06773662567138672,1
-0.3184550106525421,133.01701611015721,0.07401150465011597,1
-0.3184550106525421,133.01701611015721,0.07401150465011597,1
-0.33559438586235046,134.6713300777584,0.07352572679519653,1
-0.33559438586235046,134.6713300777584,0.07352572679519653,1
-0.34107866883277893,135.12265015664926,0.07098788022994995,1
-0.34107866883277893,135.12265015664926,0.07098788022994995,1
-0.34107866883277893,135.12265015664926,0.07098788022994995,1
-0.338733434677124,133.17112010933715,0.07126641273498535,1
-0.338733434677124,133.17112010933715,0.07126641273498535,1
-0.3458166718482971,134.34349607380426,0.05539441108703613,1
-0.3458166718482971,134.34349607380426,0.05539441108703613,1
-0.3410412073135376,134.32739103302023,0.05734407901763916,1
-0.3410412073135376,134.32739103302023,0.05734407901763916,1
-0.3410412073135376,134.32739103302023,0.05734407901763916,1
-0.33977073431015015,135.02202906289114,0.054529428482055664,1
-0.33977073431015015,135.02202906289114,0.054529428482055664,1
-0.3389299213886261,134.25976056413236,0.06177312135696411,1
-0.3389299213886261,134.25976056413236,0.06177312135696411,1
-0.33706045150756836,134.1685803016879,0.06203782558441162,1
-0.33706045150756836,134.1685803016879,0.06203782558441162,1
-0.3308984935283661,132.5341863855891,0.05514591932296753,1
-0.3308984935283661,132.5341863855891,0.05514591932296753,1
-0.33099907636642456,131.75825914285684,0.06084001064300537,1
-0.33099907636642456,131.75825914285684,0.06084001064300537,1
-0.3242878317832947,131.17064842915252,0.061185479164123535,1
-0.3242878317832947,131.17064842915252,0.061185479164123535,1
-0.3242878317832947,131.17064842915252,0.061185479164123535,1
-0.326210081577301,130.79220436095775,0.06042122840881348,1
-0.326210081577301,130.79220436095775,0.06042122840881348,1
-0.32951441407203674,130.96579474717825,0.059312403202056885,1
-0.32951441407203674,130.96579474717825,0.059312403202056885,1
-0.33007171750068665,130.964780286924,0.058039724826812744,1
-0.33007171750068665,130.964780286924,0.058039724826812744,1
-0.33653783798217773,132.60110025351455,0.05469059944152832,1
-0.33653783798217773,132.60110025351455,0.05469059944152832,1
-0.5648898184299469,174.5158669659532,0.0029562711715698242,0
-0.5759584754705429,174.46626334905528,0.012593567371368408,0
-0.5770299434661865,174.55712778917075,0.009898722171783447,0
-0.5770299434661865,174.55712778917075,0.009898722171783447,0
-0.5770299434661865,174.55712778917075,0.009898722171783447,0
-0.5822770148515701,174.21560661531157,0.018216192722320557,0
-0.5822770148515701,174.21560661531157,0.018216192722320557,0
-0.5726463198661804,174.96360056967814,0.0011910200119018555,0
-0.5726463198661804,174.96360056967814,0.0011910200119018555,0
-0.5568176507949829,175.56477375525077,0.003368556499481201,0
-0.5568176507949829,175.56477375525077,0.003368556499481201,0
-0.5631559491157532,175.29842254030416,0.0016916394233703613,0
-0.5631559491157532,175.29842254030416,0.0016916394233703613,0
-0.5631559491157532,175.29842254030416,0.0016916394233703613,0
-0.5684055984020233,174.90728184381126,0.0021337270736694336,0
-0.5684055984020233,174.90728184381126,0.0021337270736694336,0
-0.5663617849349976,175.8697589446991,0.008546411991119385,0
-0.5663617849349976,175.8697589446991,0.008546411991119385,0
-0.5675785839557648,175.82874991065634,0.0084228515625,0
-0.568943589925766,168.16778547955087,0.06347000598907471,0
-0.5776150226593018,166.2850891329483,0.05253434181213379,0
-0.5773792862892151,166.3985642530635,0.051733195781707764,0
-0.576707273721695,166.76824829462308,0.04954349994659424,0
-0.576707273721695,166.76824829462308,0.04954349994659424,0
-0.5768868923187256,166.91282810980053,0.050733864307403564,0
-0.5768868923187256,166.91282810980053,0.050733864307403564,0
-0.5789056122303009,167.53638780640844,0.050804078578948975,0
-0.5643451511859894,166.83195883704752,0.05224871635437012,0
-0.5643451511859894,166.83195883704752,0.05224871635437012,0
-0.565787136554718,166.8819324098942,0.05120319128036499,0
-0.565787136554718,166.8819324098942,0.05120319128036499,0
-0.5654760301113129,166.97098987190256,0.052274882793426514,0
-0.5655001699924469,166.91773043961282,0.051770150661468506,0
-0.5655001699924469,166.91773043961282,0.051770150661468506,0
-0.5664976835250854,166.5444226413623,0.05190926790237427,0
-0.5653063952922821,166.55299146437207,0.054040610790252686,0
-0.40811997652053833,155.79400341074702,0.11082726716995239,1
-0.05777421593666077,104.75511082515625,0.07422298192977905,1
-0.06058812141418457,104.95186868946186,0.08210945129394531,1
-0.05906525254249573,103.70518164748368,0.09074372053146362,1
-0.05906525254249573,103.70518164748368,0.09074372053146362,1
-0.05298444628715515,102.6134640608308,0.10877126455307007,1
-0.05861732363700867,102.61806181881555,0.0952410101890564,1
-0.05861732363700867,102.61806181881555,0.0952410101890564,1
-0.05946078896522522,102.68172486108287,0.09137779474258423,1
-0.05949029326438904,103.13157564363765,0.09199625253677368,1
-0.05949029326438904,103.13157564363765,0.09199625253677368,1
-0.06134489178657532,104.03337542111552,0.09650856256484985,1
-0.06591567397117615,104.78677327317548,0.08946353197097778,1
-0.06591567397117615,104.78677327317548,0.08946353197097778,1
-0.06306859850883484,104.53191907682255,0.09924381971359253,1
-0.0594768226146698,103.69832009166352,0.10728651285171509,1
-0.0594768226146698,103.69832009166352,0.10728651285171509,1
-0.06493279337882996,105.20648270504333,0.10674601793289185,1
-0.0728723406791687,106.91159004443328,0.08152449131011963,1
-0.07235562801361084,106.88404923943928,0.08154213428497314,1
-0.07235562801361084,106.88404923943928,0.08154213428497314,1
-0.054536402225494385,103.73510512981281,0.11252212524414062,1
-0.06179434061050415,105.12796741912615,0.09406852722167969,1
-0.05556190013885498,103.51970808762441,0.11122751235961914,1
-0.05556190013885498,103.51970808762441,0.11122751235961914,1
-0.0636758804321289,105.41291069274324,0.084725022315979,1
-0.07375696301460266,107.00482783176705,0.07202404737472534,1
-0.07375696301460266,107.00482783176705,0.07202404737472534,1
-0.06729120016098022,105.89370543098939,0.09055209159851074,1
-0.06729120016098022,105.89370543098939,0.09055209159851074,1
-0.08605256676673889,109.20382567028092,0.0545693039894104,1
-0.17034456133842468,174.47730286835343,0.031314074993133545,1
-0.06140226125717163,104.67321493032696,0.1193920373916626,1
-0.030445337295532227,96.76314353211107,0.11256206035614014,1
-0.030445337295532227,96.76314353211107,0.11256206035614014,1
-0.02917274832725525,97.47553749257956,0.11996692419052124,1
-0.02917274832725525,97.47553749257956,0.11996692419052124,1
-0.01741078495979309,94.0977535376122,0.14142292737960815,1
-0.01741078495979309,94.0977535376122,0.14142292737960815,1
-0.04457569122314453,101.52760207479062,0.12945353984832764,1
-0.04457569122314453,101.52760207479062,0.12945353984832764,1
-0.037514179944992065,100.66160390374692,0.1404675841331482,1
-0.037514179944992065,100.66160390374692,0.1404675841331482,1
-0.037514179944992065,100.66160390374692,0.1404675841331482,1
-0.14743471145629883,121.43139229749663,0.13929903507232666,1
-0.14743471145629883,121.43139229749663,0.13929903507232666,1
-0.11417123675346375,119.6562218927209,0.14555364847183228,1
-0.11417123675346375,119.6562218927209,0.14555364847183228,1
-0.08520424365997314,120.91769184160002,0.1382284164428711,1
-0.08520424365997314,120.91769184160002,0.1382284164428711,1
-0.13516876101493835,125.01366164624051,0.10508042573928833,1
-0.13516876101493835,125.01366164624051,0.10508042573928833,1
-0.13516876101493835,125.01366164624051,0.10508042573928833,1
-0.12447735667228699,112.00661946255977,0.12032002210617065,1
-0.12447735667228699,112.00661946255977,0.12032002210617065,1
-0.19444012641906738,126.72939333981122,0.12553834915161133,1
-0.19444012641906738,126.72939333981122,0.12553834915161133,1
-0.10484573245048523,133.6192679683801,0.11798626184463501,1
-0.10484573245048523,133.6192679683801,0.11798626184463501,1
-0.12465724349021912,135.6002825139441,0.09598606824874878,1
-0.12465724349021912,135.6002825139441,0.09598606824874878,1
-0.11943092942237854,131.30081542811564,0.10511046648025513,1
-0.11943092942237854,131.30081542811564,0.10511046648025513,1
-0.11943092942237854,131.30081542811564,0.10511046648025513,1
-0.0752919614315033,119.41021284237138,0.10371750593185425,1
-0.0752919614315033,119.41021284237138,0.10371750593185425,1
-0.08418482542037964,113.6284732154105,0.11811995506286621,1
-0.08418482542037964,113.6284732154105,0.11811995506286621,1
-0.12407338619232178,132.36268525625653,0.12499332427978516,1
-0.12407338619232178,132.36268525625653,0.12499332427978516,1
-0.12771198153495789,133.40152066456233,0.09764891862869263,1
-0.12771198153495789,133.40152066456233,0.09764891862869263,1
-0.12771198153495789,133.40152066456233,0.09764891862869263,1
-0.11877989768981934,126.9796086700705,0.10810387134552002,1
-0.11877989768981934,126.9796086700705,0.10810387134552002,1
-0.1732458472251892,118.9101222663291,0.11744821071624756,1
-0.1732458472251892,118.9101222663291,0.11744821071624756,1
-0.21769794821739197,125.18942113981248,0.10989052057266235,1
-0.21769794821739197,125.18942113981248,0.10989052057266235,1
-0.16582956910133362,121.8397079050999,0.1138734221458435,1
-0.16582956910133362,121.8397079050999,0.1138734221458435,1
-0.11556383967399597,154.21646310631021,0.10242456197738647,1
-0.11556383967399597,154.21646310631021,0.10242456197738647,1
-0.11556383967399597,154.21646310631021,0.10242456197738647,1
-0.07980969548225403,136.48420962343542,0.09353262186050415,1
-0.07980969548225403,136.48420962343542,0.09353262186050415,1
-0.05908900499343872,124.03591613148052,0.09321892261505127,1
-0.05908900499343872,124.03591613148052,0.09321892261505127,1
-0.07152590155601501,129.4545361643348,0.1008877158164978,1
-0.07152590155601501,129.4545361643348,0.1008877158164978,1
-0.07152590155601501,129.4545361643348,0.1008877158164978,1
-0.08584332466125488,125.82295948797193,0.0992887020111084,1
-0.14157015085220337,127.08984835502109,0.09976840019226074,1
-0.07553145289421082,120.50595111126515,0.12513822317123413,1
-0.07440388202667236,132.1700507758117,0.11353111267089844,1
-0.07440388202667236,132.1700507758117,0.11353111267089844,1
-0.079245924949646,129.91027814776817,0.11896538734436035,1
-0.079245924949646,129.91027814776817,0.11896538734436035,1
-0.079245924949646,129.91027814776817,0.11896538734436035,1
-0.0826503336429596,129.38170832857827,0.11730831861495972,1
-0.0826503336429596,129.38170832857827,0.11730831861495972,1
-0.08425852656364441,130.26409093623565,0.1137741208076477,1
-0.08425852656364441,130.26409093623565,0.1137741208076477,1
-0.08734196424484253,126.1274928235873,0.1200876235961914,1
-0.14368599653244019,137.1237690840869,0.10618400573730469,1
-0.1667519509792328,126.11663286141442,0.11867564916610718,1
-0.1655186116695404,123.40799572933197,0.117969810962677,1
-0.5619562119245529,179.34861069647107,0.05092620849609375,0
-0.5701151192188263,178.66681589483875,0.049912869930267334,0
-0.5695228725671768,179.87614922054996,0.054523587226867676,0
-0.5695228725671768,179.87614922054996,0.054523587226867676,0
-0.5725221037864685,179.6470745178579,0.055439531803131104,0
-0.5725221037864685,179.6470745178579,0.055439531803131104,0
-0.5733180791139603,179.27436052147937,0.047981202602386475,0
-0.5733180791139603,179.27436052147937,0.047981202602386475,0
-0.5689060539007187,179.591897675752,0.04846477508544922,0
-0.5689060539007187,179.591897675752,0.04846477508544922,0
-0.5689060539007187,179.591897675752,0.04846477508544922,0
-0.5715491473674774,179.2363543362136,0.04469466209411621,0
-0.5715491473674774,179.2363543362136,0.04469466209411621,0
-0.56429822742939,179.53601730109017,0.04081040620803833,0
-0.56429822742939,179.53601730109017,0.04081040620803833,0
-0.5705961734056473,179.1684745176531,0.03543555736541748,0
-0.5705961734056473,179.1684745176531,0.03543555736541748,0
-0.5610183775424957,169.4127895937617,0.051402151584625244,0
-0.5431768596172333,164.04600405177248,0.05779528617858887,0
-0.5407408475875854,163.989590562812,0.056886911392211914,0
-0.5378006994724274,163.94588561671446,0.05986058712005615,0
-0.5641367435455322,165.08942003166095,0.05836057662963867,0
-0.5541299879550934,165.1237887579868,0.06155872344970703,0
-0.5541299879550934,165.1237887579868,0.06155872344970703,0
-0.5569911003112793,166.69918758524219,0.06112402677536011,0
-0.5484539866447449,166.6125136520515,0.06335955858230591,0
-0.5606529116630554,166.71311931155049,0.05523669719696045,0
-0.5606529116630554,166.71311931155049,0.05523669719696045,0
-0.5513797998428345,166.0702697729769,0.05757439136505127,0
-0.5552337765693665,166.360035861896,0.05747956037521362,0
-0.5551527440547943,166.7271177266577,0.05796658992767334,0
-0.5516332983970642,166.93023133527166,0.05996507406234741,0
-0.5516332983970642,166.93023133527166,0.05996507406234741,0
-0.46733957529067993,145.6973033578504,0.029973268508911133,1
-0.44328573346138,142.35660564231904,0.0368729829788208,1
-0.43935108184814453,141.43367780745322,0.026391029357910156,1
-0.4325175881385803,141.152298651737,0.04510301351547241,1
-0.4325175881385803,141.152298651737,0.04510301351547241,1
-0.42448028922080994,138.1573039219215,0.037258803844451904,1
-0.42448028922080994,138.1573039219215,0.037258803844451904,1
-0.4138878881931305,141.00778216235173,0.03774923086166382,1
-0.4010651111602783,139.3901712412334,0.04318070411682129,1
-0.4010651111602783,139.3901712412334,0.04318070411682129,1
-0.41351354122161865,138.10150837528965,0.044504523277282715,1
-0.41351354122161865,138.10150837528965,0.044504523277282715,1
-0.4180099368095398,138.54684195289136,0.05845785140991211,1
-0.4180099368095398,138.54684195289136,0.05845785140991211,1
-0.4241061806678772,139.43444481195326,0.032057881355285645,1
-0.4241061806678772,139.43444481195326,0.032057881355285645,1
-0.40632471442222595,138.57638876036486,0.05307036638259888,1
-0.34704652428627014,137.93357979384297,0.09970420598983765,1
-0.3470914959907532,137.95394468496858,0.10211622714996338,1
-0.3470914959907532,137.95394468496858,0.10211622714996338,1
-0.3556986153125763,139.0457756555537,0.09033304452896118,1
-0.3556986153125763,139.0457756555537,0.09033304452896118,1
-0.3556986153125763,139.0457756555537,0.09033304452896118,1
-0.3566500246524811,139.38878767151115,0.0885116457939148,1
-0.3566500246524811,139.38878767151115,0.0885116457939148,1
-0.3668553829193115,138.86316079622682,0.0896921157836914,1
-0.3668553829193115,138.86316079622682,0.0896921157836914,1
-0.36656689643859863,138.58080657332002,0.08554792404174805,1
-0.3852108120918274,139.68396677629678,0.07787835597991943,1
-0.3829273581504822,138.2773281486496,0.07586169242858887,1
-0.38342833518981934,138.18404660465967,0.07058072090148926,1
-0.3713645040988922,160.90049749555024,0.09814578294754028,1
-0.3333657383918762,156.43308289197608,0.08430171012878418,1
-0.3333657383918762,156.43308289197608,0.08430171012878418,1
-0.3357890248298645,156.45900438145063,0.0892338752746582,1
-0.34623757004737854,157.05649927730389,0.09581857919692993,1
-0.343576580286026,158.0723194599125,0.09998553991317749,1
-0.343576580286026,158.0723194599125,0.09998553991317749,1
-0.34355711936950684,158.3466359273362,0.10142970085144043,1
-0.3479725122451782,158.58485410805594,0.1004939079284668,1
-0.3524618446826935,159.6336862755061,0.10256963968276978,1
-0.3524618446826935,159.6336862755061,0.10256963968276978,1
-0.3489418625831604,158.95401582801418,0.10151493549346924,1
-0.35171565413475037,159.6847818580747,0.1035875678062439,1
-0.34546273946762085,159.27776259391828,0.10076391696929932,1
-0.34546273946762085,159.27776259391828,0.10076391696929932,1
-0.3466927707195282,159.37102196775476,0.10099238157272339,1
-0.34348735213279724,158.0808699233839,0.09728413820266724,1
-0.34348735213279724,158.0808699233839,0.09728413820266724,1
-0.34466955065727234,158.54315628421253,0.09784239530563354,1
-0.33675897121429443,158.09867917467386,0.09501588344573975,1
-0.33886846899986267,159.5230199036174,0.1000792384147644,1
-0.33886846899986267,159.5230199036174,0.1000792384147644,1
-0.3464229106903076,160.1341111143702,0.1071699857711792,1
-0.3431994915008545,159.38363138348586,0.1016378402709961,1
-0.3434247076511383,159.348345183497,0.1017562747001648,1
-0.3399363160133362,159.2099832429045,0.10289204120635986,1
-0.3399363160133362,159.2099832429045,0.10289204120635986,1
-0.33545443415641785,158.77532827282025,0.10126882791519165,1
-0.33990201354026794,159.05184901028065,0.10293275117874146,1
-0.3435651659965515,159.9003217424481,0.10459029674530029,1
-0.3435651659965515,159.9003217424481,0.10459029674530029,1
-0.34216398000717163,159.91682278643262,0.10101556777954102,1
-0.34143584966659546,159.6361154846684,0.09958434104919434,1
-0.34238380193710327,158.9421456114244,0.10093307495117188,1
-0.34287402033805847,158.2379082072349,0.10007375478744507,1
-0.34287402033805847,158.2379082072349,0.10007375478744507,1
-0.34527587890625,158.46717199696798,0.10349822044372559,1
-0.3471165597438812,158.84521371430506,0.10166853666305542,1
-0.3471165597438812,158.84521371430506,0.10166853666305542,1
-0.3453938364982605,158.0477692938531,0.09793627262115479,1
-0.35209476947784424,158.25961563013556,0.09928715229034424,1
-0.35209476947784424,158.25961563013556,0.09928715229034424,1
-0.3558512330055237,158.59735183332847,0.10608470439910889,1
-0.3485088646411896,158.07790143961174,0.09285658597946167,1
-0.35189327597618103,158.5377977063422,0.09510916471481323,1
-0.35189327597618103,158.5377977063422,0.09510916471481323,1
-0.35673779249191284,159.1804995956478,0.0968390703201294,1
-0.35742825269699097,159.017156468544,0.09805727005004883,1
-0.35742825269699097,159.017156468544,0.09805727005004883,1
-0.34380701184272766,158.51156212468112,0.08948761224746704,1
-0.34782227873802185,158.61298795345922,0.0982176661491394,1
-0.3461722731590271,157.87134968496306,0.0966043472290039,1
-0.3461722731590271,157.87134968496306,0.0966043472290039,1
-0.3482929468154907,157.47928316735033,0.0918346643447876,1
-0.3470678925514221,157.25428016827692,0.0961296558380127,1
-0.3468419313430786,156.4589410817877,0.09683489799499512,1
-0.3468419313430786,156.4589410817877,0.09683489799499512,1
-0.33883577585220337,156.83326068670448,0.10007739067077637,1
-0.34804895520210266,157.7132500727031,0.10248488187789917,1
-0.3498166501522064,157.7658651195781,0.10663682222366333,1
-0.3503875732421875,158.10936919151158,0.1065448522567749,1
-0.3503875732421875,158.10936919151158,0.1065448522567749,1
-0.35209783911705017,157.84757076357448,0.10570591688156128,1
-0.35656821727752686,158.0431717703841,0.10153818130493164,1
-0.35656821727752686,158.0431717703841,0.10153818130493164,1
-0.34461018443107605,156.68650492916194,0.09452956914901733,1
-0.34966108202934265,157.18281595431327,0.10076528787612915,1
-0.34966108202934265,157.18281595431327,0.10076528787612915,1
-0.363230437040329,159.05953615274092,0.10414594411849976,1
-0.3561548888683319,156.74096364911816,0.09721142053604126,1
-0.357073575258255,157.42658797640667,0.09796279668807983,1
-0.357073575258255,157.42658797640667,0.09796279668807983,1
-0.34966617822647095,156.70210803028334,0.083138108253479,1
-0.3544631004333496,157.09869211858032,0.09495186805725098,1
-0.5780009627342224,178.85454430262493,0.021003425121307373,0
-0.5778943598270416,179.72622163736642,0.028433263301849365,0
-0.5776607990264893,179.868796753306,0.028892993927001953,0
-0.5774900317192078,179.88522719303495,0.02832818031311035,0
-0.5728864371776581,179.74016417001192,0.031053125858306885,0
-0.5728864371776581,179.74016417001192,0.031053125858306885,0
-0.5742885172367096,179.88919089421128,0.027316689491271973,0
-0.5746632814407349,179.82609090242838,0.02827131748199463,0
-0.5806426107883453,179.19422050871864,0.029085099697113037,0
-0.5806426107883453,179.19422050871864,0.029085099697113037,0
-0.5809724926948547,179.31061939112956,0.028753578662872314,0
-0.57929927110672,179.44107500732989,0.028010189533233643,0
-0.5783538222312927,179.8272996145146,0.02728205919265747,0
-0.5783538222312927,179.8272996145146,0.02728205919265747,0
-0.5740668177604675,179.86010771662913,0.02959465980529785,0
-0.5750303566455841,179.76248747709525,0.027195394039154053,0
-0.5838028788566589,179.32788345567621,0.031125247478485107,0
-0.5838028788566589,179.32788345567621,0.031125247478485107,0
-0.5822737812995911,178.88540709180563,0.032590627670288086,0
-0.5814624130725861,179.50070498409968,0.024345219135284424,0
-0.5843488276004791,179.35354284754598,0.027573049068450928,0
-0.5843488276004791,179.35354284754598,0.027573049068450928,0
-0.5871298164129257,179.0706369857787,0.027079224586486816,0
-0.5851550996303558,178.94379573821953,0.029007375240325928,0
-0.5864613652229309,179.3875635065072,0.025027573108673096,0
-0.5905525386333466,179.27029450899946,0.023856043815612793,0
-0.5905525386333466,179.27029450899946,0.023856043815612793,0
-0.5841138660907745,179.32727093079342,0.021868109703063965,0
-0.5841138660907745,179.32727093079342,0.021868109703063965,0
-0.5776470899581909,179.32657861471543,0.029440760612487793,0
-0.5745801627635956,179.5487657506026,0.029895365238189697,0
-0.5745801627635956,179.5487657506026,0.029895365238189697,0
-0.5813533663749695,179.40958373835073,0.027129769325256348,0
-0.582491546869278,179.3726951073601,0.027051925659179688,0
-0.582491546869278,179.3726951073601,0.027051925659179688,0
-0.5800321400165558,179.25036248838177,0.02743673324584961,0
-0.5789612531661987,179.4301508576691,0.02681279182434082,0
-0.5789612531661987,179.4301508576691,0.02681279182434082,0
-0.578627347946167,179.74407660467628,0.025806903839111328,0
-0.5751752853393555,179.76021110902857,0.026963651180267334,0
-0.5751752853393555,179.76021110902857,0.026963651180267334,0
-0.5730226635932922,179.75454592823513,0.022823989391326904,0
-0.5738766491413116,179.4601137357955,0.026684820652008057,0
-0.5738766491413116,179.4601137357955,0.026684820652008057,0
-0.5798242390155792,179.45084131144412,0.02552133798599243,0
-0.5798242390155792,179.45084131144412,0.02552133798599243,0
-0.5812607109546661,179.52960967577272,0.02486330270767212,0
-0.5812607109546661,179.52960967577272,0.02486330270767212,0
-0.5823125243186951,179.33123824688917,0.02439063787460327,0
-0.5867060720920563,179.27488039738324,0.024491310119628906,0
-0.5867060720920563,179.27488039738324,0.024491310119628906,0
-0.5918301939964294,179.29047794768724,0.02543044090270996,0
-0.5918301939964294,179.29047794768724,0.02543044090270996,0
-0.5853939950466156,179.0713140461414,0.03261101245880127,0
-0.58320352435112,178.95639570177892,0.029178738594055176,0
-0.58320352435112,178.95639570177892,0.029178738594055176,0
-0.581523060798645,179.89509333246036,0.025984883308410645,0
-0.581523060798645,179.89509333246036,0.025984883308410645,0
-0.5828597545623779,179.47114197801605,0.029655158519744873,0
-0.5944234281778336,178.07422638272786,0.028798937797546387,0
-0.5944234281778336,178.07422638272786,0.028798937797546387,0
-0.582466185092926,178.88952055757412,0.026705682277679443,0
-0.5824906229972839,178.52459815689826,0.026839852333068848,0
-0.5824906229972839,178.52459815689826,0.026839852333068848,0
-0.5847630202770233,178.44908788409907,0.025620460510253906,0
-0.5847630202770233,178.44908788409907,0.025620460510253906,0
-0.5870585739612579,178.49202267692928,0.024188876152038574,0
-0.5838420689105988,178.57363535647676,0.024030208587646484,0
-0.5838420689105988,178.57363535647676,0.024030208587646484,0
-0.5859522521495819,178.98380110804598,0.025231897830963135,0
-0.5859522521495819,178.98380110804598,0.025231897830963135,0
-0.5858837962150574,178.81935235677344,0.02522033452987671,0
-0.5858837962150574,178.81935235677344,0.02522033452987671,0
-0.5827852189540863,179.49270868165468,0.02550482749938965,0
-0.5841974020004272,179.80406089751062,0.02182948589324951,0
-0.5841974020004272,179.80406089751062,0.02182948589324951,0
-0.5830925405025482,179.87874034263888,0.020119130611419678,0
-0.5830925405025482,179.87874034263888,0.020119130611419678,0
-0.5937470048666,179.50885951052945,0.013926029205322266,0
-0.596568301320076,179.25307219961218,0.016721487045288086,0
-0.5671513080596924,175.72005923391532,0.033433496952056885,0
-0.5655661821365356,175.41684052636109,0.010995566844940186,0
-0.5677659809589386,175.26079605290798,0.007988274097442627,0
-0.5665110349655151,175.33902438040755,0.012564420700073242,0
-0.5665110349655151,175.33902438040755,0.012564420700073242,0
-0.566906750202179,175.06939154040208,0.013031363487243652,0
-0.5656657218933105,175.6717349479753,0.013032615184783936,0
-0.5656657218933105,175.6717349479753,0.013032615184783936,0
-0.5651747286319733,175.66810380592142,0.013643324375152588,0
-0.5651747286319733,175.66810380592142,0.013643324375152588,0
-0.5654270350933075,176.04360468416385,0.01339346170425415,0
-0.5658277273178101,175.82757381844473,0.013941168785095215,0
-0.5658277273178101,175.82757381844473,0.013941168785095215,0
-0.5776066482067108,175.6185083106233,0.011151254177093506,0
-0.5778587460517883,175.60007479602316,0.011699259281158447,0
-0.5778587460517883,175.60007479602316,0.011699259281158447,0
-0.5775336027145386,175.56963598750187,0.011642754077911377,0
-0.5775336027145386,175.56963598750187,0.011642754077911377,0
-0.5768109709024429,175.63074253857633,0.010861396789550781,0
-0.5739594846963882,176.47548288354002,0.012924611568450928,0
-0.5739594846963882,176.47548288354002,0.012924611568450928,0
-0.5778146833181381,176.31847760014463,0.02019500732421875,0
-0.5778146833181381,176.31847760014463,0.02019500732421875,0
-0.5775224566459656,176.58923492572117,0.022246062755584717,0
-0.5775224566459656,176.58923492572117,0.022246062755584717,0
-0.5831487029790878,176.64901258556282,0.020451366901397705,0
-0.5831487029790878,176.64901258556282,0.020451366901397705,0
-0.5846851468086243,176.5705879272708,0.025170564651489258,0
-0.5845093280076981,177.91405960030735,0.01950925588607788,0
-0.5770426690578461,178.5533116776443,0.01975339651107788,0
-0.5770426690578461,178.5533116776443,0.01975339651107788,0
-0.5644926726818085,177.81444370919075,0.021044671535491943,0
-0.5644926726818085,177.81444370919075,0.021044671535491943,0
-0.5644473731517792,178.91745402084115,0.019052863121032715,0
-0.5644473731517792,178.91745402084115,0.019052863121032715,0
-0.5687419176101685,179.76852861085615,0.02151644229888916,0
-0.5652977526187897,179.65558702321644,0.019499123096466064,0
-0.5652977526187897,179.65558702321644,0.019499123096466064,0
-0.5681756436824799,179.03200094447197,0.02432793378829956,0
-0.5681756436824799,179.03200094447197,0.02432793378829956,0
-0.5651052892208099,178.3633707553608,0.0316547155380249,0
-0.5665612518787384,176.8791553619164,0.027349650859832764,0
-0.5665612518787384,176.8791553619164,0.027349650859832764,0
-0.5662154853343964,175.42665243010592,0.02796536684036255,0
-0.5662154853343964,175.42665243010592,0.02796536684036255,0
-0.5610808730125427,174.88008295893485,0.031011223793029785,0
-0.5609645247459412,175.11346801089098,0.03223311901092529,0
-0.5609645247459412,175.11346801089098,0.03223311901092529,0
-0.5612490475177765,173.58260030355072,0.03151202201843262,0
-0.5612490475177765,173.58260030355072,0.03151202201843262,0
-0.5688041746616364,172.75392774381265,0.03256094455718994,0
-0.5691885948181152,171.33528890981248,0.03273552656173706,0
-0.5691885948181152,171.33528890981248,0.03273552656173706,0
-0.5604956746101379,169.4595515627807,0.04205101728439331,0
-0.5604956746101379,169.4595515627807,0.04205101728439331,0
-0.5632913708686829,169.33840578567168,0.043639957904815674,0
-0.5632913708686829,169.33840578567168,0.043639957904815674,0
-0.5657928586006165,167.8115810590737,0.038263916969299316,0
-0.563564658164978,166.90273715930957,0.03784513473510742,0
-0.563564658164978,166.90273715930957,0.03784513473510742,0
-0.5655536651611328,165.65811997210602,0.03394150733947754,0
-0.564492404460907,165.4152306040679,0.03276926279067993,0
-0.564492404460907,165.4152306040679,0.03276926279067993,0
-0.5626716017723083,164.55436942843306,0.03283977508544922,0
-0.5626716017723083,164.55436942843306,0.03283977508544922,0
-0.5614228248596191,164.69286073294757,0.03214454650878906,0
-0.5680874884128571,165.0356705879832,0.02977842092514038,0
-0.5680874884128571,165.0356705879832,0.02977842092514038,0
-0.5642745196819305,164.29992392747403,0.030691683292388916,0
-0.5642745196819305,164.29992392747403,0.030691683292388916,0
-0.5695802271366119,164.61123609724586,0.030528903007507324,0
-0.5718794763088226,163.9800396341828,0.030040264129638672,0
-0.5718794763088226,163.9800396341828,0.030040264129638672,0
-0.5713084638118744,163.00524237277463,0.030627310276031494,0
-0.561460018157959,162.63674485072008,0.0321924090385437,0
-0.561460018157959,162.63674485072008,0.0321924090385437,0
-0.5568892657756805,161.86496131717664,0.03354722261428833,0
-0.5716978311538696,162.8201695859806,0.03742319345474243,0
-0.5716978311538696,162.8201695859806,0.03742319345474243,0
-0.5562825798988342,163.10649247873158,0.04937714338302612,0
-0.5493761003017426,160.69115342482044,0.04852902889251709,0
-0.5493761003017426,160.69115342482044,0.04852902889251709,0
-0.5502647757530212,168.58947899018375,0.05194121599197388,0
-0.5829794406890869,176.64596191845644,0.05870300531387329,0
-0.5829794406890869,176.64596191845644,0.05870300531387329,0
-0.5849789977073669,168.96183874367966,0.05369246006011963,0
-0.5708125531673431,172.1683982869799,0.05821704864501953,0
-0.5662937760353088,163.42538161302784,0.057893574237823486,0
-0.5662937760353088,163.42538161302784,0.057893574237823486,0
-0.563884973526001,163.84053164150714,0.06174623966217041,0
-0.5597721636295319,168.2538402501528,0.06279003620147705,0
-0.5579656660556793,164.4497971994832,0.06150549650192261,0
-0.5579656660556793,164.4497971994832,0.06150549650192261,0
-0.5578106343746185,167.3594011734255,0.06161224842071533,0
-0.5447986721992493,168.51607727249186,0.06383496522903442,0
-0.5429996252059937,169.0567220336298,0.06214547157287598,0
-0.5429996252059937,169.0567220336298,0.06214547157287598,0
-0.5484882295131683,165.3768773225819,0.0638728141784668,0
-0.5761297345161438,170.29937004104724,0.06243366003036499,0
-0.5761297345161438,170.29937004104724,0.06243366003036499,0
-0.5653351545333862,167.123133524921,0.06456303596496582,0
-0.572715550661087,167.20863022559593,0.06339555978775024,0
-0.5672158896923065,166.3051340857789,0.060779035091400146,0
-0.5672158896923065,166.3051340857789,0.060779035091400146,0
-0.5587014555931091,165.03675122697584,0.053482770919799805,0
-0.5593534708023071,167.87285779517973,0.05403214693069458,0
-0.5593534708023071,167.87285779517973,0.05403214693069458,0
-0.5626063346862793,167.65583692949147,0.04746884107589722,0
-0.5605887472629547,165.40776793006913,0.04353970289230347,0
-0.5566586852073669,165.3464938574326,0.03303098678588867,0
-0.5566586852073669,165.3464938574326,0.03303098678588867,0
-0.5420428216457367,164.4708119560297,0.027064502239227295,0
-0.5439331829547882,166.15659900072288,0.025247812271118164,0
-0.5431052148342133,167.8541461357791,0.025389373302459717,0
-0.5431052148342133,167.8541461357791,0.025389373302459717,0
-0.5466254651546478,168.9936965414438,0.021691739559173584,0
-0.5479883253574371,169.8669322396101,0.021889030933380127,0
-0.5478403866291046,171.62870773659202,0.01998060941696167,0
-0.5597619414329529,173.69597114943102,0.010262668132781982,0
-0.5597619414329529,173.69597114943102,0.010262668132781982,0
-0.5705044865608215,175.36798248047003,0.016511857509613037,0
-0.5732246339321136,178.29893939846164,0.01516050100326538,0
-0.5734378695487976,178.541770397935,0.016499578952789307,0
-0.5728650391101837,179.26722129516028,0.017243564128875732,0
-0.5728650391101837,179.26722129516028,0.017243564128875732,0
-0.5716159641742706,178.9929913879684,0.017615795135498047,0
-0.5823093354701996,179.74572546266262,0.019378960132598877,0
-0.581673800945282,178.88852798692426,0.019474387168884277,0
-0.5861674696207047,178.75656219233935,0.01974707841873169,0
-0.5861674696207047,178.75656219233935,0.01974707841873169,0
-0.5858488976955414,177.35753126656292,0.020254433155059814,0
-0.5858194679021835,176.69800112746805,0.018450677394866943,0
-0.5871791839599609,176.93373291492725,0.01857227087020874,0
-0.5850820094347,176.88195455812405,0.014976859092712402,0
-0.5850820094347,176.88195455812405,0.014976859092712402,0
-0.5805455446243286,176.38498061691692,0.015677571296691895,0
-0.5869393646717072,174.51599079691883,0.020751655101776123,0
-0.5826340913772583,172.35781722637554,0.02732032537460327,0
-0.5826340913772583,172.35781722637554,0.02732032537460327,0
-0.585273876786232,171.16995952087345,0.030189454555511475,0
-0.583906352519989,169.21755600269137,0.02743583917617798,0
-0.5803799778223038,167.4856584959567,0.032570064067840576,0
-0.5803799778223038,167.4856584959567,0.032570064067840576,0
-0.5802305638790131,166.5598423643753,0.030809462070465088,0
-0.577377513051033,165.42092199191285,0.029720187187194824,0
-0.5792882144451141,164.89924088626705,0.033238351345062256,0
-0.5731448829174042,163.90072471167306,0.02501821517944336,0
-0.5731448829174042,163.90072471167306,0.02501821517944336,0
-0.5738338232040405,163.39548208242138,0.02809685468673706,0
-0.5626784563064575,161.97577727800578,0.013585984706878662,0
-0.5623171031475067,161.04855163642546,0.014829874038696289,0
-0.552358478307724,159.72678536342084,0.006358444690704346,0
-0.552358478307724,159.72678536342084,0.006358444690704346,0
-0.550799161195755,159.39088448779268,0.006053924560546875,0
-0.5507166087627411,158.8337945924518,0.0061920881271362305,0
-0.548760324716568,159.03311243188787,0.003471851348876953,0
-0.5543600618839264,158.0872193734341,0.013569414615631104,0
-0.5543600618839264,158.0872193734341,0.013569414615631104,0
-0.548213005065918,157.5553739855505,0.017672419548034668,0
-0.5611975789070129,158.03921367013206,0.01830589771270752,0
-0.5613534450531006,157.95099182260117,0.017650604248046875,0
-0.5596015155315399,157.48556693769348,0.018731653690338135,0
-0.5596015155315399,157.48556693769348,0.018731653690338135,0
-0.5529372990131378,157.18676920704516,0.01917976140975952,0
-0.5567305982112885,157.328488391736,0.021831274032592773,0
-0.5502355098724365,157.0065888627124,0.024220049381256104,0
-0.5514485239982605,156.92180927242237,0.026059269905090332,0
-0.5514485239982605,156.92180927242237,0.026059269905090332,0
-0.5535606741905212,156.86835436322448,0.02574986219406128,0
-0.5595147013664246,156.6881281694801,0.028384625911712646,0
-0.5514968633651733,154.92399943825924,0.04460400342941284,0
-0.5514968633651733,154.92399943825924,0.04460400342941284,0
-0.5649951249361038,154.77802914105283,0.03481459617614746,0
-0.5726238787174225,155.229877478668,0.03098881244659424,0
-0.5749899297952652,155.32417507320915,0.029576241970062256,0
-0.5759912729263306,154.80727431394982,0.028920412063598633,0
-0.5759912729263306,154.80727431394982,0.028920412063598633,0
-0.5793750435113907,154.52001490821942,0.028301596641540527,0
-0.5769575089216232,153.63090172555943,0.033222079277038574,0
-0.5753291100263596,153.93420140176346,0.032459914684295654,0
-0.5753291100263596,153.93420140176346,0.032459914684295654,0
-0.5786942392587662,154.0206935329743,0.03364330530166626,0
-0.5845877975225449,153.94777969576282,0.02914828062057495,0
-0.5840992629528046,153.82254891112234,0.030094504356384277,0
-0.5840992629528046,153.82254891112234,0.030094504356384277,0
-0.5798520892858505,153.61999143036942,0.03194081783294678,0
-0.5823578387498856,153.75336544934834,0.029743850231170654,0
-0.5818528980016708,154.22311700357852,0.02458357810974121,0
-0.5818528980016708,154.22311700357852,0.02458357810974121,0
-0.5779240280389786,154.47058426820476,0.023751914501190186,0
-0.579278975725174,154.8233819143455,0.023693740367889404,0
-0.5789667516946793,155.18541951455666,0.026701748371124268,0
-0.5789667516946793,155.18541951455666,0.026701748371124268,0
-0.5800792574882507,155.02116377989827,0.025232672691345215,0
-0.5761177837848663,154.96780514126164,0.03336811065673828,0
-0.5810122340917587,155.49373104933247,0.025920450687408447,0
-0.582659125328064,155.77397240295397,0.025902509689331055,0
-0.582659125328064,155.77397240295397,0.025902509689331055,0
-0.5848573744297028,156.15867303384337,0.02529776096343994,0
-0.5818589478731155,156.11670732941369,0.024196743965148926,0
-0.5818589478731155,156.11670732941369,0.024196743965148926,0
-0.5818589478731155,156.11670732941369,0.024196743965148926,0
-0.5818589478731155,156.11670732941369,0.024196743965148926,0
-0.5772056877613068,156.5926113259648,0.0175020694732666,0
-0.5805168300867081,157.48451035454428,0.0212593674659729,0
-0.5803039371967316,158.07034851141694,0.021703243255615234,0
-0.5800808221101761,158.75066595872448,0.02131640911102295,0
-0.5798676609992981,161.13423829944387,0.024933934211730957,0
-0.5798676609992981,161.13423829944387,0.024933934211730957,0
-0.5789761543273926,163.01131658521925,0.023712098598480225,0
-0.5755226910114288,163.1200359008793,0.030413448810577393,0
-0.5835938155651093,163.41026420312718,0.03090989589691162,0
-0.5868173539638519,165.27621337280632,0.02969038486480713,0
-0.5868173539638519,165.27621337280632,0.02969038486480713,0
-0.586219385266304,166.09180973985158,0.028550267219543457,0
-0.5865060240030289,166.72571017604483,0.028501391410827637,0
-0.5870650708675385,167.60471598328704,0.028382718563079834,0
-0.5870650708675385,167.60471598328704,0.028382718563079834,0
-0.5879275649785995,169.2650447350367,0.030056536197662354,0
-0.5865352749824524,170.90340500062342,0.026753544807434082,0
-0.5867736041545868,171.10126600975352,0.0267525315284729,0
-0.5887863785028458,172.0850159168536,0.029418766498565674,0
-0.5887863785028458,172.0850159168536,0.029418766498565674,0
-0.589717447757721,173.34575321907138,0.025669515132904053,0
-0.5911174416542053,174.557458269049,0.025723814964294434,0
-0.5946842581033707,175.31076280152962,0.0261879563331604,0
-0.5991481095552444,176.14378145178011,0.02571004629135132,0
-0.5991481095552444,176.14378145178011,0.02571004629135132,0
-0.596197709441185,177.25678019083725,0.02609264850616455,0
-0.5976125299930573,177.86746617094315,0.026721537113189697,0
-0.5976125299930573,177.86746617094315,0.026721537113189697,0
-0.5959025770425797,179.60459166353226,0.0275956392288208,0
-0.595546767115593,179.17496426240237,0.02764362096786499,0
-0.595546767115593,179.17496426240237,0.02764362096786499,0
-0.5929411947727203,179.0058629796396,0.028762638568878174,0
-0.5929411947727203,179.0058629796396,0.028762638568878174,0
-0.5893573611974716,179.3547587863098,0.026790738105773926,0
-0.5805025100708008,178.3140528087387,0.026271581649780273,0
-0.5805025100708008,178.3140528087387,0.026271581649780273,0
-0.5838081240653992,177.91253718963722,0.020564496517181396,0
-0.5838081240653992,177.91253718963722,0.020564496517181396,0
-0.58737513422966,177.62136892280986,0.027798235416412354,0
-0.5874324440956116,177.67060669555326,0.028678715229034424,0
-0.5874324440956116,177.67060669555326,0.028678715229034424,0
-0.5936905145645142,177.16583031856078,0.018766582012176514,0
-0.5936905145645142,177.16583031856078,0.018766582012176514,0
-0.5948104560375214,177.64574073524537,0.021530091762542725,0
-0.5867362916469574,177.2019802905825,0.01889735460281372,0
-0.5867362916469574,177.2019802905825,0.01889735460281372,0
-0.5837703347206116,176.60521660876685,0.016496360301971436,0
-0.5837703347206116,176.60521660876685,0.016496360301971436,0
-0.5851584672927856,176.55948198716337,0.017433106899261475,0
-0.586329311132431,176.86636203833822,0.017453134059906006,0
-0.586329311132431,176.86636203833822,0.017453134059906006,0
-0.583300769329071,177.05771798406658,0.020101308822631836,0
-0.583300769329071,177.05771798406658,0.020101308822631836,0
-0.5793072581291199,176.94942874278206,0.020383179187774658,0
-0.5793072581291199,176.94942874278206,0.020383179187774658,0
-0.583470344543457,176.63730926044786,0.0152815580368042,0
-0.5846894681453705,176.02395544494186,0.012878596782684326,0
-0.5846894681453705,176.02395544494186,0.012878596782684326,0
-0.5802502930164337,174.0328342352086,0.013892948627471924,0
-0.5802502930164337,174.0328342352086,0.013892948627471924,0
-0.5803985595703125,171.40223239858543,0.013528048992156982,0
-0.573070615530014,168.85985767959198,0.02403426170349121,0
-0.573070615530014,168.85985767959198,0.02403426170349121,0
-0.5778554677963257,168.49539763843558,0.023688435554504395,0
-0.5778554677963257,168.49539763843558,0.023688435554504395,0
-0.5748802125453949,165.1990159717563,0.022995829582214355,0
-0.5766744017601013,164.62522815084125,0.02257603406906128,0
-0.5779165923595428,164.45059331482682,0.022591054439544678,0
-0.5833044797182083,164.65455464420694,0.025518476963043213,0
-0.5833044797182083,164.65455464420694,0.025518476963043213,0
-0.5868307650089264,162.7692674115029,0.030807018280029297,0
-0.6062794178724289,165.54609765672208,0.03511077165603638,0
-0.5974370539188385,164.82863038618953,0.033629655838012695,0
-0.5974370539188385,164.82863038618953,0.033629655838012695,0
-0.6003145128488541,164.69026892510104,0.03815793991088867,0
-0.5971309691667557,163.38007557360925,0.03699517250061035,0
-0.599311038851738,163.3529848792275,0.038085997104644775,0
-0.599311038851738,163.3529848792275,0.038085997104644775,0
-0.5993371605873108,165.7769661537889,0.03670686483383179,0
-0.5959905683994293,164.9543767676108,0.03203672170639038,0
-0.5958850830793381,164.64200037568335,0.032360970973968506,0
-0.5958850830793381,164.64200037568335,0.032360970973968506,0
-0.5979771763086319,164.7941372313537,0.032779812812805176,0
-0.6006696969270706,164.78870115791167,0.030028343200683594,0
-0.6031181365251541,164.95670891432124,0.03034353256225586,0
-0.6031181365251541,164.95670891432124,0.03034353256225586,0
-0.6036168932914734,165.68392563572027,0.02992689609527588,0
-0.6059706062078476,165.76307233826108,0.029937326908111572,0
-0.6064235717058182,164.82448502929287,0.025139212608337402,0
-0.6096964925527573,164.939739264974,0.02645033597946167,0
-0.6096964925527573,164.939739264974,0.02645033597946167,0
-0.6153275221586227,166.89551058002675,0.028939783573150635,0
-0.6097336858510971,166.2290799250798,0.026480019092559814,0
-0.6158632934093475,168.7276917816498,0.023922085762023926,0
-0.6057310253381729,165.6015120724299,0.021547675132751465,0
-0.6057310253381729,165.6015120724299,0.021547675132751465,0
-0.6045331656932831,165.4872680891754,0.024361133575439453,0
-0.6098520159721375,168.07627326108025,0.021626055240631104,0
-0.6031792461872101,166.98536516844237,0.021579742431640625,0
-0.6026566326618195,166.54088533943346,0.020516633987426758,0
-0.6026566326618195,166.54088533943346,0.020516633987426758,0
-0.6019200086593628,166.50602125982402,0.018714725971221924,0
-0.5861286669969559,166.24052932884135,0.019749104976654053,0
-0.5861286669969559,166.24052932884135,0.019749104976654053,0
-0.5765507221221924,166.08367965451194,0.009498178958892822,0
-0.5818198472261429,165.75643475691433,0.011051833629608154,0
-0.5884309560060501,167.58178705835965,0.006830275058746338,0
-0.5812616497278214,166.85448355648532,0.004558920860290527,0
-0.5798872113227844,167.21680410909335,0.004432737827301025,0
-0.5776392221450806,167.2022163123403,0.0018280744552612305,0
-0.5776392221450806,167.2022163123403,0.0018280744552612305,0
-0.5795901268720627,168.27555979177825,0.00027549266815185547,0
-0.5688531994819641,168.36956296533094,0.0016911625862121582,0
-0.5688118934631348,168.98572038041416,0.0015118718147277832,0
-0.5687492787837982,169.14683631102167,0.0003288388252258301,0
-0.5687492787837982,169.14683631102167,0.0003288388252258301,0
-0.5753355175256729,169.8329211131458,0.0006340742111206055,0
-0.5769579857587814,170.32505993890737,0.004888772964477539,0
-0.5784724056720734,171.16030174748371,0.00046962499618530273,0
-0.5745159685611725,171.34300531343868,5.519390106201172e-05,0
-0.5745159685611725,171.34300531343868,5.519390106201172e-05,0
-0.5786512494087219,171.49544718981994,0.007997453212738037,0
-0.5778999477624893,171.9414780518212,0.005944371223449707,0
-0.5807327032089233,172.34725055126597,0.00775223970413208,0
-0.5811820030212402,174.60506928903112,0.010312795639038086,0
-0.5811820030212402,174.60506928903112,0.010312795639038086,0
-0.5752044767141342,174.69500775262264,0.0033578872680664062,0
-0.5760839432477951,174.87375323852544,0.003483891487121582,0
-0.576537698507309,174.98978816908047,0.0058463215827941895,0
-0.577185720205307,175.7857129778746,0.006179511547088623,0
-0.577185720205307,175.7857129778746,0.006179511547088623,0
-0.5761303901672363,175.59757189563493,0.008065879344940186,0
-0.5782919526100159,176.02731321637955,0.007999062538146973,0
-0.584911584854126,176.31071408644928,0.01085883378982544,0
-0.584911584854126,176.31071408644928,0.01085883378982544,0
-0.5793512463569641,176.1002797581057,0.010807156562805176,0
-0.5825446546077728,176.4664108320995,0.01733708381652832,0
-0.5814051926136017,177.02117478443185,0.013596177101135254,0
-0.5749339759349823,176.95048744462815,0.01430577039718628,0
-0.5632302165031433,176.79653479317258,0.0248563289642334,0
-0.5674423575401306,176.70013775765497,0.02214670181274414,0
-0.5674423575401306,176.70013775765497,0.02214670181274414,0
-0.5710229575634003,176.90983406912633,0.024939000606536865,0
-0.5708479881286621,177.16542267050508,0.023679494857788086,0
-0.569686233997345,177.29220156346395,0.024974048137664795,0
-0.569686233997345,177.29220156346395,0.024974048137664795,0
-0.5711247324943542,177.23662000323765,0.020845651626586914,0
-0.5734587013721466,177.0766064293611,0.016384363174438477,0
-0.5760915875434875,177.21855928097767,0.021425187587738037,0
-0.5722040832042694,177.43203044503974,0.013509035110473633,0
-0.5722040832042694,177.43203044503974,0.013509035110473633,0
-0.35084110498428345,177.65846180916176,0.04115176200866699,1
0.06733086705207825,60.48103914191977,0.11476439237594604,1
0.06733086705207825,60.48103914191977,0.11476439237594604,1
0.061994314193725586,76.28970999838188,0.16952216625213623,1
0.061994314193725586,76.28970999838188,0.16952216625213623,1
0.061994314193725586,76.28970999838188,0.16952216625213623,1
0.04915875196456909,79.9419291205943,0.16524207592010498,1
0.04915875196456909,79.9419291205943,0.16524207592010498,1
0.05840834975242615,75.57378409738958,0.14990943670272827,1
0.05840834975242615,75.57378409738958,0.14990943670272827,1
0.03154858946800232,80.523460151121,0.12829571962356567,1
0.03154858946800232,80.523460151121,0.12829571962356567,1
0.08529821038246155,66.83013975488804,0.21837228536605835,1
0.08529821038246155,66.83013975488804,0.21837228536605835,1
0.046775877475738525,40.51704842304534,0.06047046184539795,1
0.046775877475738525,40.51704842304534,0.06047046184539795,1
0.07973352074623108,62.38327460004558,0.15321630239486694,1
0.07973352074623108,62.38327460004558,0.15321630239486694,1
0.09234383702278137,59.37816830464765,0.2111709713935852,1
0.09234383702278137,59.37816830464765,0.2111709713935852,1
0.09234383702278137,59.37816830464765,0.2111709713935852,1
-0.00462612509727478,91.32751136134983,0.1697588562965393,1
-0.00462612509727478,91.32751136134983,0.1697588562965393,1
0.004773765802383423,87.59988338364529,0.17496269941329956,1
0.004773765802383423,87.59988338364529,0.17496269941329956,1
0.008605629205703735,86.56764376777944,0.18087488412857056,1
0.008605629205703735,86.56764376777944,0.18087488412857056,1
0.008605629205703735,86.56764376777944,0.18087488412857056,1
0.013390064239501953,77.04576301512293,0.15847718715667725,1
0.013390064239501953,77.04576301512293,0.15847718715667725,1
-0.00976186990737915,91.91678663425208,0.18230020999908447,1
-0.00976186990737915,91.91678663425208,0.18230020999908447,1
-0.00925356149673462,92.01837620563568,0.1824960708618164,1
-0.00925356149673462,92.01837620563568,0.1824960708618164,1
-0.015627115964889526,95.89958742364976,0.17005616426467896,1
-0.015627115964889526,95.89958742364976,0.17005616426467896,1
-0.015627115964889526,95.89958742364976,0.17005616426467896,1
-0.019471734762191772,97.01993011391708,0.18541747331619263,1
-0.019471734762191772,97.01993011391708,0.18541747331619263,1
-0.02636164426803589,104.35496361651118,0.16321372985839844,1
-0.02636164426803589,104.35496361651118,0.16321372985839844,1
-0.09768325090408325,142.28184038766508,0.1372596025466919,1
-0.09768325090408325,142.28184038766508,0.1372596025466919,1
-0.13757184147834778,144.6353380337224,0.11270254850387573,1
-0.13757184147834778,144.6353380337224,0.11270254850387573,1
-0.1414606273174286,178.61008591222594,0.07729953527450562,1
-0.1414606273174286,178.61008591222594,0.07729953527450562,1
-0.1725606918334961,176.19985197238805,0.048892855644226074,1
-0.1725606918334961,176.19985197238805,0.048892855644226074,1
-0.1725606918334961,176.19985197238805,0.048892855644226074,1
-0.189607173204422,165.78783230645018,0.04470306634902954,1
-0.189607173204422,165.78783230645018,0.04470306634902954,1
-0.20953401923179626,168.2990022304952,0.03999203443527222,1
-0.20953401923179626,168.2990022304952,0.03999203443527222,1
-0.19763994216918945,169.8447288410583,0.04814612865447998,1
-0.19763994216918945,169.8447288410583,0.04814612865447998,1
-0.19763994216918945,169.8447288410583,0.04814612865447998,1
-0.19334951043128967,169.5574070231902,0.049467504024505615,1
-0.19334951043128967,169.5574070231902,0.049467504024505615,1
-0.1835833191871643,168.25750414821857,0.05984318256378174,1
-0.1835833191871643,168.25750414821857,0.05984318256378174,1
-0.17418095469474792,162.98880766987529,0.06823354959487915,1
-0.17418095469474792,162.98880766987529,0.06823354959487915,1
-0.15474802255630493,162.32358502407354,0.06819140911102295,1
-0.15474802255630493,162.32358502407354,0.06819140911102295,1
-0.15474802255630493,162.32358502407354,0.06819140911102295,1
-0.137234628200531,156.36609877055577,0.06553375720977783,1
-0.1352589726448059,159.92982442580183,0.08774781227111816,1
-0.1352589726448059,159.92982442580183,0.08774781227111816,1
-0.1352589726448059,159.92982442580183,0.08774781227111816,1
-0.1334058940410614,156.62620338589562,0.06457287073135376,1
-0.1334058940410614,156.62620338589562,0.06457287073135376,1
-0.1415964663028717,172.51754165288594,0.0806475281715393,1
-0.1415964663028717,172.51754165288594,0.0806475281715393,1
-0.13814744353294373,163.49502785412912,0.10450965166091919,1
-0.13814744353294373,163.49502785412912,0.10450965166091919,1
-0.1507488191127777,158.11118042024455,0.11030834913253784,1
-0.1507488191127777,158.11118042024455,0.11030834913253784,1
-0.1507488191127777,158.11118042024455,0.11030834913253784,1
-0.14695709943771362,143.2659313580244,0.1517164707183838,1
-0.14695709943771362,143.2659313580244,0.1517164707183838,1
-0.13554158806800842,138.83078879464333,0.16650491952896118,1
-0.13554158806800842,138.83078879464333,0.16650491952896118,1
-0.11362665891647339,126.22885169900401,0.17148637771606445,1
-0.11362665891647339,126.22885169900401,0.17148637771606445,1
-0.11364918947219849,117.29786985586556,0.1703493595123291,1
-0.11364918947219849,117.29786985586556,0.1703493595123291,1
-0.11364918947219849,117.29786985586556,0.1703493595123291,1
-0.11442437767982483,112.62961841399863,0.1698053479194641,1
-0.11442437767982483,112.62961841399863,0.1698053479194641,1
-0.0898142158985138,112.21281376321579,0.16027289628982544,1
-0.0898142158985138,112.21281376321579,0.16027289628982544,1
-0.08933991193771362,113.34990689880978,0.15072846412658691,1
-0.08933991193771362,113.34990689880978,0.15072846412658691,1
-0.08961662650108337,111.34765544176486,0.14920800924301147,1
-0.08961662650108337,111.34765544176486,0.14920800924301147,1
-0.08961662650108337,111.34765544176486,0.14920800924301147,1
-0.08122292160987854,107.02494300602761,0.18253546953201294,1
-0.08122292160987854,107.02494300602761,0.18253546953201294,1
-0.07406902313232422,106.91319445820199,0.1933072805404663,1
-0.07406902313232422,106.91319445820199,0.1933072805404663,1
-0.058656901121139526,102.17482216163532,0.18974274396896362,1
-0.058656901121139526,102.17482216163532,0.18974274396896362,1
-0.07384249567985535,103.76643091755315,0.1889755129814148,1
-0.07384249567985535,103.76643091755315,0.1889755129814148,1
-0.09253129363059998,105.19851005972177,0.1791180968284607,1
-0.09253129363059998,105.19851005972177,0.1791180968284607,1
-0.09253129363059998,105.19851005972177,0.1791180968284607,1
-0.09124791622161865,104.75933528077076,0.16245436668395996,1
-0.09124791622161865,104.75933528077076,0.16245436668395996,1
-0.09535932540893555,105.09630195339115,0.16209197044372559,1
-0.09535932540893555,105.09630195339115,0.16209197044372559,1
-0.0967521071434021,105.74937364008917,0.14324617385864258,1
-0.0967521071434021,105.74937364008917,0.14324617385864258,1
-0.09183239936828613,104.7828246435127,0.14365434646606445,1
-0.09183239936828613,104.7828246435127,0.14365434646606445,1
-0.095319002866745,105.38371255580095,0.11026102304458618,1
-0.095319002866745,105.38371255580095,0.11026102304458618,1
-0.095319002866745,105.38371255580095,0.11026102304458618,1
-0.06544005870819092,101.97209219806994,0.16830527782440186,1
-0.06544005870819092,101.97209219806994,0.16830527782440186,1
-0.07077556848526001,103.10308749271204,0.15078938007354736,1
-0.07077556848526001,103.10308749271204,0.15078938007354736,1
-0.065726637840271,102.35697767898147,0.15025269985198975,1
-0.065726637840271,102.35697767898147,0.15025269985198975,1
-0.065726637840271,102.35697767898147,0.15025269985198975,1
-0.08187165856361389,104.96602758365123,0.1367831826210022,1
-0.08187165856361389,104.96602758365123,0.1367831826210022,1
-0.08274585008621216,104.80279968564236,0.18929290771484375,1
-0.08274585008621216,104.80279968564236,0.18929290771484375,1
-0.09209805727005005,106.53839079538879,0.18889105319976807,1
-0.09209805727005005,106.53839079538879,0.18889105319976807,1
-0.09391599893569946,107.06133282049338,0.1874992847442627,1
-0.09391599893569946,107.06133282049338,0.1874992847442627,1
-0.08186283707618713,104.78909959696398,0.23820370435714722,1
-0.08186283707618713,104.78909959696398,0.23820370435714722,1
-0.08186283707618713,104.78909959696398,0.23820370435714722,1
-0.08549436926841736,107.19364583615973,0.23060768842697144,1
-0.08549436926841736,107.19364583615973,0.23060768842697144,1
-0.0762387216091156,106.2552807091004,0.23598617315292358,1
-0.0762387216091156,106.2552807091004,0.23598617315292358,1
-0.0662010908126831,115.46497624266617,0.19334197044372559,1
-0.0662010908126831,115.46497624266617,0.19334197044372559,1
-0.07984334230422974,111.61628876848678,0.21065247058868408,1
-0.07984334230422974,111.61628876848678,0.21065247058868408,1
-0.08436357975006104,121.94009614581628,0.21012306213378906,1
-0.08436357975006104,121.94009614581628,0.21012306213378906,1
-0.08436357975006104,121.94009614581628,0.21012306213378906,1
-0.08260524272918701,123.38411327627638,0.20981812477111816,1
-0.08260524272918701,123.38411327627638,0.20981812477111816,1
-0.07129830121994019,140.33628486508445,0.1764235496520996,1
-0.07129830121994019,140.33628486508445,0.1764235496520996,1
-0.050778090953826904,157.5911686389909,0.14973163604736328,1
-0.050778090953826904,157.5911686389909,0.14973163604736328,1
-0.06674942374229431,156.78708311228797,0.14675503969192505,1
-0.06674942374229431,156.78708311228797,0.14675503969192505,1
-0.07514598965644836,136.2261227961837,0.14796358346939087,1
-0.07514598965644836,136.2261227961837,0.14796358346939087,1
-0.07514598965644836,136.2261227961837,0.14796358346939087,1
-0.08372405171394348,170.12973436418397,0.10297888517379761,1
-0.08372405171394348,170.12973436418397,0.10297888517379761,1
-0.07509565353393555,164.5467497982613,0.08694338798522949,1
-0.07509565353393555,164.5467497982613,0.08694338798522949,1
-0.0787363350391388,151.36046089743607,0.07542437314987183,1
-0.0787363350391388,151.36046089743607,0.07542437314987183,1
-0.0800023078918457,143.53573204597396,0.07507848739624023,1
-0.0800023078918457,143.53573204597396,0.07507848739624023,1
-0.0800023078918457,143.53573204597396,0.07507848739624023,1
-0.0833246111869812,137.10724323259237,0.07167792320251465,1
-0.0833246111869812,137.10724323259237,0.07167792320251465,1
-0.08789706230163574,131.53072421080083,0.057869911193847656,1
-0.08789706230163574,131.53072421080083,0.057869911193847656,1
-0.07255235314369202,122.62660518707045,0.029838502407073975,1
-0.07255235314369202,122.62660518707045,0.029838502407073975,1
-0.07255235314369202,122.62660518707045,0.029838502407073975,1
-0.03787115216255188,107.02251988877155,0.02186506986618042,1
-0.03787115216255188,107.02251988877155,0.02186506986618042,1
-0.04619976878166199,109.84220826174358,0.017234742641448975,1
-0.04619976878166199,109.84220826174358,0.017234742641448975,1
-0.12528535723686218,132.98852523658124,0.05585378408432007,1
-0.12528535723686218,132.98852523658124,0.05585378408432007,1
-0.1476592719554901,142.38581783978398,0.07705575227737427,1
-0.1476592719554901,142.38581783978398,0.07705575227737427,1
-0.1476592719554901,142.38581783978398,0.07705575227737427,1
-0.22404998540878296,149.37531349065088,0.09914541244506836,1
-0.22404998540878296,149.37531349065088,0.09914541244506836,1
-0.3139088451862335,159.26329899535946,0.10948413610458374,1
-0.3139088451862335,159.26329899535946,0.10948413610458374,1
-0.30722475051879883,159.02576880133526,0.09227311611175537,1
-0.30722475051879883,159.02576880133526,0.09227311611175537,1
-0.3267425000667572,160.3750811620661,0.08899027109146118,1
-0.3267425000667572,160.3750811620661,0.08899027109146118,1
-0.36806249618530273,166.3205272337294,0.0816807746887207,1
-0.36806249618530273,166.3205272337294,0.0816807746887207,1
-0.36806249618530273,166.3205272337294,0.0816807746887207,1
-0.38230496644973755,168.2955755193237,0.07968860864639282,1
-0.38230496644973755,168.2955755193237,0.07968860864639282,1
-0.3849705457687378,169.32050996137298,0.0586169958114624,1
-0.3806830942630768,179.8424019901952,0.0284767746925354,1
-0.3745889663696289,179.25454729954873,0.053262948989868164,1
-0.3745889663696289,179.25454729954873,0.053262948989868164,1
-0.3671819567680359,179.30147181676634,0.04373776912689209,1
-0.3740808069705963,178.20338696539747,0.05136007070541382,1
-0.3740808069705963,178.20338696539747,0.05136007070541382,1
-0.3684505522251129,178.43875239838843,0.046369731426239014,1
-0.3684505522251129,178.43875239838843,0.046369731426239014,1
-0.36213165521621704,178.51077683923418,0.04700970649719238,1
-0.3638834059238434,177.40912937981773,0.040548622608184814,1
-0.3638834059238434,177.40912937981773,0.040548622608184814,1
-0.36176905035972595,177.80200971748303,0.03861171007156372,1
-0.36176905035972595,177.80200971748303,0.03861171007156372,1
-0.3633761703968048,178.11410210537412,0.04016822576522827,1
-0.3634108901023865,174.34260100722688,0.04523968696594238,1
-0.3634108901023865,174.34260100722688,0.04523968696594238,1
-0.36017078161239624,174.5463806599751,0.04411625862121582,1
-0.36017078161239624,174.5463806599751,0.04411625862121582,1
-0.35829511284828186,175.20193114690505,0.041435062885284424,1
-0.3541456162929535,173.52233081946738,0.047680795192718506,1
-0.3541456162929535,173.52233081946738,0.047680795192718506,1
-0.3554150462150574,174.64255170632347,0.04493308067321777,1
-0.3554150462150574,174.64255170632347,0.04493308067321777,1
-0.35404786467552185,173.89980277307873,0.040144145488739014,1
-0.35404786467552185,173.89980277307873,0.040144145488739014,1
-0.35136958956718445,173.03852354305153,0.039996564388275146,1
-0.3529709279537201,172.8826227659733,0.03586500883102417,1
-0.3529709279537201,172.8826227659733,0.03586500883102417,1
-0.3520163893699646,172.7404684867705,0.03641510009765625,1
-0.3520163893699646,172.7404684867705,0.03641510009765625,1
-0.3523341119289398,170.86919389498632,0.03518015146255493,1
-0.3523341119289398,170.86919389498632,0.03518015146255493,1
-0.35041674971580505,169.14575208467963,0.03208237886428833,1
-0.35041674971580505,169.14575208467963,0.03208237886428833,1
-0.35517993569374084,169.46882573616347,0.02902907133102417,1
-0.35517993569374084,169.46882573616347,0.02902907133102417,1
-0.3553883731365204,169.1766770320347,0.026745498180389404,1
-0.3553883731365204,169.1766770320347,0.026745498180389404,1
-0.34117135405540466,167.9214252287596,0.02659827470779419,1
-0.34117135405540466,167.9214252287596,0.02659827470779419,1
-0.34117135405540466,167.9214252287596,0.02659827470779419,1
-0.3301759660243988,167.25446077348874,0.026470959186553955,1
-0.3301759660243988,167.25446077348874,0.026470959186553955,1
-0.3280390501022339,166.25479274999512,0.02754056453704834,1
-0.3280390501022339,166.25479274999512,0.02754056453704834,1
-0.32306379079818726,166.60271508180938,0.02703845500946045,1
-0.32306379079818726,166.60271508180938,0.02703845500946045,1
-0.31618738174438477,166.30875205043864,0.029297590255737305,1
-0.31618738174438477,166.30875205043864,0.029297590255737305,1
-0.31618738174438477,166.30875205043864,0.029297590255737305,1
-0.31726497411727905,164.34320473865398,0.032009124755859375,1
-0.31726497411727905,164.34320473865398,0.032009124755859375,1
-0.31532037258148193,164.33095930353596,0.03718233108520508,1
-0.31532037258148193,164.33095930353596,0.03718233108520508,1
-0.30456066131591797,163.71997387242578,0.03547167778015137,1
-0.30456066131591797,163.71997387242578,0.03547167778015137,1
-0.3045579791069031,163.59022862406616,0.03531956672668457,1
-0.3045579791069031,163.59022862406616,0.03531956672668457,1
-0.3045579791069031,163.59022862406616,0.03531956672668457,1
-0.3029749095439911,163.20037147736303,0.036157310009002686,1
-0.2861369848251343,163.05753055043763,0.03711056709289551,1
-0.2861369848251343,163.05753055043763,0.03711056709289551,1
-0.2861369848251343,163.05753055043763,0.03711056709289551,1
-0.2845537066459656,157.7458781910652,0.04138624668121338,1
-0.2845537066459656,157.7458781910652,0.04138624668121338,1
-0.28089138865470886,157.19533325811776,0.04061466455459595,1
-0.28089138865470886,157.19533325811776,0.04061466455459595,1
-0.2808654308319092,158.0843408265972,0.040969133377075195,1
-0.2808654308319092,158.0843408265972,0.040969133377075195,1
-0.2808654308319092,158.0843408265972,0.040969133377075195,1
-0.27810123562812805,157.62699616868068,0.04834216833114624,1
-0.27810123562812805,157.62699616868068,0.04834216833114624,1
-0.2862863838672638,156.58485601436644,0.05206221342086792,1
-0.2862863838672638,156.58485601436644,0.05206221342086792,1
-0.27546703815460205,156.4095345282238,0.05165445804595947,1
-0.27546703815460205,156.4095345282238,0.05165445804595947,1
-0.2741820216178894,153.0873876616875,0.05573856830596924,1
-0.2741820216178894,153.0873876616875,0.05573856830596924,1
-0.2713172137737274,151.64644593849465,0.06048160791397095,1
-0.2713172137737274,151.64644593849465,0.06048160791397095,1
-0.2713172137737274,151.64644593849465,0.06048160791397095,1
-0.2750117778778076,152.20635874795272,0.05659794807434082,1
-0.2750117778778076,152.20635874795272,0.05659794807434082,1
-0.25728121399879456,148.30587567506365,0.06604605913162231,1
-0.25728121399879456,148.30587567506365,0.06604605913162231,1
-0.2582181692123413,147.93706255464338,0.06430673599243164,1
-0.2582181692123413,147.93706255464338,0.06430673599243164,1
-0.2582046091556549,145.91978117278603,0.061990559101104736,1
-0.2582046091556549,145.91978117278603,0.061990559101104736,1
-0.25651636719703674,140.60664410151563,0.062469422817230225,1
-0.25651636719703674,140.60664410151563,0.062469422817230225,1
-0.25651636719703674,140.60664410151563,0.062469422817230225,1
-0.2677171230316162,141.4302459015599,0.07112348079681396,1
-0.2677171230316162,141.4302459015599,0.07112348079681396,1
-0.27333104610443115,142.87938214861987,0.07484996318817139,1
-0.27333104610443115,142.87938214861987,0.07484996318817139,1
-0.2719218134880066,143.05060767705862,0.07416987419128418,1
-0.2719218134880066,143.05060767705862,0.07416987419128418,1
-0.27338990569114685,141.88678984397473,0.08275419473648071,1
-0.27338990569114685,141.88678984397473,0.08275419473648071,1
-0.27338990569114685,141.88678984397473,0.08275419473648071,1
-0.2765796184539795,142.913956441607,0.08220672607421875,1
-0.2765796184539795,142.913956441607,0.08220672607421875,1
-0.27651476860046387,144.79582686829895,0.08636689186096191,1
-0.27651476860046387,144.79582686829895,0.08636689186096191,1
-0.2811758518218994,147.6131623911726,0.07821071147918701,1
-0.2811758518218994,147.6131623911726,0.07821071147918701,1
-0.2811758518218994,147.6131623911726,0.07821071147918701,1
-0.29656982421875,152.34163541270402,0.07437348365783691,1
-0.29656982421875,152.34163541270402,0.07437348365783691,1
-0.3009474277496338,157.5157697714011,0.06486344337463379,1
-0.3009474277496338,157.5157697714011,0.06486344337463379,1
-0.3156106472015381,164.80439549766885,0.04710555076599121,1
-0.3156106472015381,164.80439549766885,0.04710555076599121,1
-0.31236618757247925,165.39496874187998,0.04858672618865967,1
-0.31236618757247925,165.39496874187998,0.04858672618865967,1
-0.2993432283401489,169.51898629571224,0.04086780548095703,1
-0.2993432283401489,169.51898629571224,0.04086780548095703,1
-0.2993432283401489,169.51898629571224,0.04086780548095703,1
-0.2836175858974457,170.84132536870126,0.0425531268119812,1
-0.2836175858974457,170.84132536870126,0.0425531268119812,1
-0.2862062454223633,175.16154014467998,0.04230022430419922,1
-0.2862062454223633,175.16154014467998,0.04230022430419922,1
-0.2744223475456238,175.29558378891036,0.0338665246963501,1
-0.2744223475456238,175.29558378891036,0.0338665246963501,1
-0.2744223475456238,175.29558378891036,0.0338665246963501,1
-0.29951250553131104,178.1017712963909,0.0346146821975708,1
-0.29951250553131104,178.1017712963909,0.0346146821975708,1
-0.29487693309783936,178.45621205243515,0.031233787536621094,1
-0.29487693309783936,178.45621205243515,0.031233787536621094,1
-0.30193156003952026,177.39008838976088,0.03242051601409912,1
-0.30193156003952026,177.39008838976088,0.03242051601409912,1
-0.2932496666908264,174.51782137988118,0.03204071521759033,1
-0.2932496666908264,174.51782137988118,0.03204071521759033,1
-0.26917073130607605,168.24273477968487,0.03807920217514038,1
-0.26917073130607605,168.24273477968487,0.03807920217514038,1
-0.26208630204200745,165.93162042614188,0.04277890920639038,1
-0.26208630204200745,165.93162042614188,0.04277890920639038,1
-0.26208630204200745,165.93162042614188,0.04277890920639038,1
-0.2644016742706299,162.87748890926903,0.03817570209503174,1
-0.2644016742706299,162.87748890926903,0.03817570209503174,1
-0.257587194442749,163.88912358695063,0.04990684986114502,1
-0.257587194442749,163.88912358695063,0.04990684986114502,1
-0.25979211926460266,164.8124465209154,0.05617243051528931,1
-0.25979211926460266,164.8124465209154,0.05617243051528931,1
-0.26091399788856506,160.80179843258057,0.05140465497970581,1
-0.26091399788856506,160.80179843258057,0.05140465497970581,1
-0.26091399788856506,160.80179843258057,0.05140465497970581,1
-0.2540813386440277,163.15172334520815,0.06352061033248901,1
-0.2540813386440277,163.15172334520815,0.06352061033248901,1
-0.2551947236061096,162.224914074238,0.061443328857421875,1
-0.2551947236061096,162.224914074238,0.061443328857421875,1
-0.2659699618816376,163.16252990316897,0.06263977289199829,1
-0.2659699618816376,163.16252990316897,0.06263977289199829,1
-0.23678892850875854,154.63577998486122,0.06176400184631348,1
-0.23678892850875854,154.63577998486122,0.06176400184631348,1
-0.23678892850875854,154.63577998486122,0.06176400184631348,1
-0.2240462601184845,153.8071899874227,0.06356579065322876,1
-0.2240462601184845,153.8071899874227,0.06356579065322876,1
-0.22608470916748047,151.03863670248347,0.06024158000946045,1
-0.22608470916748047,151.03863670248347,0.06024158000946045,1
-0.23027217388153076,151.85357911970607,0.05768299102783203,1
-0.23027217388153076,151.85357911970607,0.05768299102783203,1
-0.22464123368263245,150.75188442177694,0.05728679895401001,1
-0.22464123368263245,150.75188442177694,0.05728679895401001,1
-0.22464123368263245,150.75188442177694,0.05728679895401001,1
-0.22492128610610962,151.30028227356257,0.05514061450958252,1
-0.22492128610610962,151.30028227356257,0.05514061450958252,1
-0.22642305493354797,152.56913295619026,0.05299860239028931,1
-0.22642305493354797,152.56913295619026,0.05299860239028931,1
-0.218398779630661,151.04052854141904,0.0548136830329895,1
-0.218398779630661,151.04052854141904,0.0548136830329895,1
-0.2184574007987976,151.21489605765066,0.05369603633880615,1
-0.2184574007987976,151.21489605765066,0.05369603633880615,1
-0.2310018241405487,151.9752175946182,0.048393309116363525,1
-0.2310018241405487,151.9752175946182,0.048393309116363525,1
-0.2321494221687317,153.055143690802,0.057558298110961914,1
-0.2321494221687317,153.055143690802,0.057558298110961914,1
-0.2321494221687317,153.055143690802,0.057558298110961914,1
-0.21593904495239258,150.10817942789222,0.05606710910797119,1
-0.21593904495239258,150.10817942789222,0.05606710910797119,1
-0.21718871593475342,152.31395873855251,0.05803632736206055,1
-0.21718871593475342,152.31395873855251,0.05803632736206055,1
-0.2178531289100647,149.1737828488611,0.0580981969833374,1
-0.2178531289100647,149.1737828488611,0.0580981969833374,1
-0.2178531289100647,149.1737828488611,0.0580981969833374,1
-0.23005008697509766,153.9625807379242,0.05752837657928467,1
-0.23105481266975403,154.62526624091385,0.06163817644119263,1
-0.23105481266975403,154.62526624091385,0.06163817644119263,1
-0.23105481266975403,154.62526624091385,0.06163817644119263,1
-0.22620955109596252,158.38070330057556,0.052267611026763916,1
-0.22620955109596252,158.38070330057556,0.052267611026763916,1
-0.22201743721961975,159.72651693400474,0.05036669969558716,1
-0.22201743721961975,159.72651693400474,0.05036669969558716,1
-0.21557703614234924,161.89685189491192,0.053693950176239014,1
-0.21557703614234924,161.89685189491192,0.053693950176239014,1
-0.21492472290992737,163.07636274008144,0.05342954397201538,1
-0.21492472290992737,163.07636274008144,0.05342954397201538,1
-0.21492472290992737,163.07636274008144,0.05342954397201538,1
-0.22470244765281677,168.85923595869923,0.04643148183822632,1
-0.22470244765281677,168.85923595869923,0.04643148183822632,1
-0.23009628057479858,171.18260689248766,0.03950619697570801,1
-0.23009628057479858,171.18260689248766,0.03950619697570801,1
-0.22356310486793518,174.52507497367142,0.04788762331008911,1
-0.22356310486793518,174.52507497367142,0.04788762331008911,1
-0.22356310486793518,174.52507497367142,0.04788762331008911,1
-0.220025897026062,177.66110087151574,0.054219841957092285,1
-0.220025897026062,177.66110087151574,0.054219841957092285,1
-0.21292102336883545,178.0070695324202,0.057346343994140625,1
-0.21292102336883545,178.0070695324202,0.057346343994140625,1
-0.19504976272583008,178.46349700336987,0.05954694747924805,1
-0.19504976272583008,178.46349700336987,0.05954694747924805,1
-0.18199694156646729,176.0743771287809,0.05896914005279541,1
-0.18199694156646729,176.0743771287809,0.05896914005279541,1
-0.18804937601089478,169.44653743611386,0.05926954746246338,1
-0.18804937601089478,169.44653743611386,0.05926954746246338,1
-0.18804937601089478,169.44653743611386,0.05926954746246338,1
-0.18892285227775574,167.78016431103862,0.05530339479446411,1
-0.18892285227775574,167.78016431103862,0.05530339479446411,1
-0.18904393911361694,166.92436120842777,0.055030107498168945,1
-0.18904393911361694,166.92436120842777,0.055030107498168945,1
-0.19098764657974243,163.87288651114665,0.056754231452941895,1
-0.19098764657974243,163.87288651114665,0.056754231452941895,1
-0.20221272110939026,165.34026340645397,0.056048810482025146,1
-0.20221272110939026,165.34026340645397,0.056048810482025146,1
-0.19713130593299866,166.40341959102057,0.04520672559738159,1
-0.19713130593299866,166.40341959102057,0.04520672559738159,1
-0.19713130593299866,166.40341959102057,0.04520672559738159,1
-0.19365233182907104,162.14170937639793,0.05094265937805176,1
-0.19365233182907104,162.14170937639793,0.05094265937805176,1
-0.19509470462799072,159.08940104692186,0.05520939826965332,1
-0.19509470462799072,159.08940104692186,0.05520939826965332,1
-0.19942274689674377,157.85577521850632,0.055522263050079346,1
-0.19942274689674377,157.85577521850632,0.055522263050079346,1
-0.1928553283214569,155.67104382221308,0.06143683195114136,1
-0.1928553283214569,155.67104382221308,0.06143683195114136,1
-0.1928553283214569,155.67104382221308,0.06143683195114136,1
-0.19763284921646118,150.82946189331432,0.07462823390960693,1
-0.19763284921646118,150.82946189331432,0.07462823390960693,1
-0.18692177534103394,146.53451883203257,0.07899260520935059,1
-0.18692177534103394,146.53451883203257,0.07899260520935059,1
-0.19234991073608398,148.61337164788935,0.07750129699707031,1
-0.19234991073608398,148.61337164788935,0.07750129699707031,1
-0.18910256028175354,141.86681850413402,0.08475011587142944,1
-0.18910256028175354,141.86681850413402,0.08475011587142944,1
-0.19082272052764893,143.70907333025897,0.0867089033126831,1
-0.19082272052764893,143.70907333025897,0.0867089033126831,1
-0.19082272052764893,143.70907333025897,0.0867089033126831,1
-0.18294036388397217,139.10005853042972,0.09859156608581543,1
-0.18294036388397217,139.10005853042972,0.09859156608581543,1
-0.2012942135334015,145.46102918482526,0.09597939252853394,1
-0.2012942135334015,145.46102918482526,0.09597939252853394,1
-0.19087201356887817,138.7767826971737,0.11039626598358154,1
-0.19087201356887817,138.7767826971737,0.11039626598358154,1
-0.19087201356887817,138.7767826971737,0.11039626598358154,1
-0.19272303581237793,138.24654851374336,0.11153006553649902,1
-0.1975441575050354,131.82287918609921,0.10347366333007812,1
-0.1975441575050354,131.82287918609921,0.10347366333007812,1
-0.1975441575050354,131.82287918609921,0.10347366333007812,1
-0.21256455779075623,133.69288450489512,0.10770875215530396,1
-0.21256455779075623,133.69288450489512,0.10770875215530396,1
-0.20848491787910461,131.15973116703188,0.11386197805404663,1
-0.20848491787910461,131.15973116703188,0.11386197805404663,1
-0.20486053824424744,126.9656706640204,0.1104394793510437,1
-0.20486053824424744,126.9656706640204,0.1104394793510437,1
-0.26684001088142395,143.11576254064494,0.06698852777481079,1
-0.22426939010620117,136.77780398522998,0.04684484004974365,1
-0.22816094756126404,138.56132868756168,0.05360311269760132,1
-0.22816094756126404,138.56132868756168,0.05360311269760132,1
-0.22071433067321777,137.01957203035965,0.05059516429901123,1
-0.22904044389724731,138.45087187566148,0.06002247333526611,1
-0.23169374465942383,138.8818894438965,0.0639352798461914,1
-0.2272825539112091,137.89638660092243,0.05556386709213257,1
-0.22751349210739136,138.03864413820847,0.05508089065551758,1
-0.22751349210739136,138.03864413820847,0.05508089065551758,1
-0.22244003415107727,137.66313983115242,0.04254823923110962,1
-0.22223851084709167,137.91017068495188,0.04137533903121948,1
-0.22223851084709167,137.91017068495188,0.04137533903121948,1
-0.21351999044418335,138.7527435436353,0.05786240100860596,1
-0.21537917852401733,140.32494239423013,0.05308973789215088,1
-0.21537917852401733,140.32494239423013,0.05308973789215088,1
-0.21897438168525696,142.61973671788746,0.05760079622268677,1
-0.2184544801712036,142.68735811875075,0.05666458606719971,1
-0.2183508574962616,143.9639172582024,0.05784076452255249,1
-0.23043343424797058,146.7304375679807,0.05909687280654907,1
-0.23043343424797058,146.7304375679807,0.05909687280654907,1
-0.2326411008834839,148.0344028481035,0.06126093864440918,1
-0.23510125279426575,149.5285858828279,0.06266254186630249,1
-0.22910091280937195,149.10746274951072,0.07120603322982788,1
-0.22691524028778076,149.35666858341685,0.07352375984191895,1
-0.22501063346862793,151.777332271855,0.07266485691070557,1
-0.22501063346862793,151.777332271855,0.07266485691070557,1
-0.22904667258262634,152.73520235232448,0.07467669248580933,1
-0.22630134224891663,154.17071605321698,0.06325715780258179,1
-0.23250234127044678,155.902333430847,0.07443654537200928,1
-0.23250234127044678,155.902333430847,0.07443654537200928,1
-0.24041086435317993,158.04071230286362,0.07745325565338135,1
-0.23525667190551758,158.30365113648338,0.07640218734741211,1
-0.23460927605628967,158.39355210727092,0.0772659182548523,1
-0.23460927605628967,158.39355210727092,0.0772659182548523,1
-0.2243509292602539,157.20557294718796,0.0734473466873169,1
-0.22730252146720886,159.67557246154567,0.07225233316421509,1
-0.22730252146720886,159.67557246154567,0.07225233316421509,1
-0.2258836030960083,159.62588825113772,0.0744621753692627,1
-0.22507348656654358,160.0961534224976,0.07491642236709595,1
-0.2285844087600708,163.9928802967121,0.07577955722808838,1
-0.22670024633407593,162.77899391072455,0.06894004344940186,1
-0.22670024633407593,162.77899391072455,0.06894004344940186,1
-0.23004809021949768,164.69345146429032,0.06988686323165894,1
-0.24349141120910645,166.37858628624073,0.06810033321380615,1
-0.22988107800483704,164.33479153747518,0.06322222948074341,1
-0.22988107800483704,164.33479153747518,0.06322222948074341,1
-0.2517504394054413,171.12570658309662,0.06425553560256958,1
-0.2575267255306244,172.62902932203144,0.06970340013504028,1
-0.2668899893760681,174.63432342717792,0.07066917419433594,1
-0.2668899893760681,174.63432342717792,0.07066917419433594,1
-0.26647549867630005,178.8201695554502,0.07617318630218506,1
-0.26275360584259033,178.3648306595858,0.07635855674743652,1
-0.2433759570121765,179.61126273393933,0.07563960552215576,1
-0.2433759570121765,179.61126273393933,0.07563960552215576,1
-0.2457083761692047,176.40105616567251,0.0765501856803894,1
-0.2505738437175751,175.6569309131593,0.07761603593826294,1
-0.2448854148387909,173.81524327651977,0.07749348878860474,1
-0.2448854148387909,173.81524327651977,0.07749348878860474,1
-0.2446305751800537,170.33543061881744,0.07475578784942627,1
-0.24481138586997986,171.78662522535294,0.07086187601089478,1
-0.24481138586997986,171.78662522535294,0.07086187601089478,1
-0.2456967830657959,169.87745947168398,0.07047629356384277,1
-0.24825063347816467,166.83361371560235,0.06995218992233276,1
-0.24825063347816467,166.83361371560235,0.06995218992233276,1
-0.2477983832359314,166.21682384183686,0.06943154335021973,1
-0.24800097942352295,164.6440795908339,0.06916153430938721,1
-0.24800097942352295,164.6440795908339,0.06916153430938721,1
-0.25066155195236206,164.7209880372425,0.06273865699768066,1
-0.2537621855735779,165.04649912756355,0.05723774433135986,1
-0.25324589014053345,164.80213530872774,0.055150389671325684,1
-0.25324589014053345,164.80213530872774,0.055150389671325684,1
-0.2448490858078003,161.42666702857403,0.05509459972381592,1
-0.2423693835735321,160.32491536130595,0.04492849111557007,1
-0.2423693835735321,160.32491536130595,0.04492849111557007,1
-0.2453261911869049,153.7334088247719,0.05240684747695923,1
-0.24206116795539856,151.11831744046177,0.05236178636550903,1
-0.2434205412864685,151.96392933882953,0.048911452293395996,1
-0.2352682650089264,148.08942864136935,0.04880601167678833,1
-0.20576748251914978,145.29368482378592,0.04937034845352173,1
-0.20576748251914978,145.29368482378592,0.04937034845352173,1
-0.2138431966304779,144.71805386569704,0.06169849634170532,1
-0.2138431966304779,144.71805386569704,0.06169849634170532,1
-0.213868647813797,141.97063556666328,0.05960506200790405,1
-0.213868647813797,141.97063556666328,0.05960506200790405,1
-0.213868647813797,141.97063556666328,0.05960506200790405,1
-0.21551409363746643,140.0544079959999,0.061016619205474854,1
-0.21551409363746643,140.0544079959999,0.061016619205474854,1
-0.2098149061203003,138.7364930428829,0.06081068515777588,1
-0.2098149061203003,138.7364930428829,0.06081068515777588,1
-0.2112966775894165,137.46300419726495,0.060309410095214844,1
-0.2112966775894165,137.46300419726495,0.060309410095214844,1
-0.20253291726112366,132.1901493531624,0.06062382459640503,1
-0.20253291726112366,132.1901493531624,0.06062382459640503,1
-0.20796620845794678,131.10981448801738,0.07212042808532715,1
-0.20796620845794678,131.10981448801738,0.07212042808532715,1
-0.22670546174049377,132.14346643568578,0.0464206337928772,1
-0.22670546174049377,132.14346643568578,0.0464206337928772,1
-0.22670546174049377,132.14346643568578,0.0464206337928772,1
-0.21381241083145142,128.42107062876514,0.05972766876220703,1
-0.21381241083145142,128.42107062876514,0.05972766876220703,1
-0.2215251326560974,128.11402197624653,0.05903017520904541,1
-0.2215251326560974,128.11402197624653,0.05903017520904541,1
-0.22077825665473938,125.40589660548582,0.07138508558273315,1
-0.22077825665473938,125.40589660548582,0.07138508558273315,1
-0.22378891706466675,123.53138634386232,0.07742178440093994,1
-0.22378891706466675,123.53138634386232,0.07742178440093994,1
-0.22378891706466675,123.53138634386232,0.07742178440093994,1
-0.22554975748062134,122.98138766814645,0.08190202713012695,1
-0.22554975748062134,122.98138766814645,0.08190202713012695,1
-0.2294391691684723,123.90366803035855,0.08784955739974976,1
-0.2294391691684723,123.90366803035855,0.08784955739974976,1
-0.23026666045188904,124.19403720636659,0.08017009496688843,1
-0.23026666045188904,124.19403720636659,0.08017009496688843,1
-0.23026666045188904,124.19403720636659,0.08017009496688843,1
-0.23454442620277405,124.25271055744415,0.07625037431716919,1
-0.23454442620277405,124.25271055744415,0.07625037431716919,1
-0.23704323172569275,123.58629827314338,0.0642576813697815,1
-0.23704323172569275,123.58629827314338,0.0642576813697815,1
-0.2508627474308014,126.02147178261784,0.03776615858078003,1
-0.2508627474308014,126.02147178261784,0.03776615858078003,1
-0.24420130252838135,126.13375323845086,0.03490030765533447,1
-0.24420130252838135,126.13375323845086,0.03490030765533447,1
-0.24028488993644714,122.72740898979478,0.05646246671676636,1
-0.24028488993644714,122.72740898979478,0.05646246671676636,1
-0.24821901321411133,127.79052467190564,0.03734707832336426,1
-0.24821901321411133,127.79052467190564,0.03734707832336426,1
-0.24821901321411133,127.79052467190564,0.03734707832336426,1
-0.2467283308506012,127.7185034639523,0.040661513805389404,1
-0.2467283308506012,127.7185034639523,0.040661513805389404,1
-0.2356722354888916,128.08385538811396,0.07438838481903076,1
-0.2356722354888916,128.08385538811396,0.07438838481903076,1
-0.22316232323646545,130.771194204042,0.06614810228347778,1
-0.22316232323646545,130.771194204042,0.06614810228347778,1
-0.22539806365966797,131.2722856210548,0.05761253833770752,1
-0.22539806365966797,131.2722856210548,0.05761253833770752,1
-0.22539806365966797,131.2722856210548,0.05761253833770752,1
-0.22656145691871643,137.11002502581402,0.05193823575973511,1
-0.22656145691871643,137.11002502581402,0.05193823575973511,1
-0.2259160280227661,141.11132826584918,0.04651987552642822,1
-0.2259160280227661,141.11132826584918,0.04651987552642822,1
-0.2207324504852295,141.9362675453213,0.03605985641479492,1
-0.2207324504852295,141.9362675453213,0.03605985641479492,1
-0.22204431891441345,142.79729903695238,0.040440261363983154,1
-0.22204431891441345,142.79729903695238,0.040440261363983154,1
-0.22204431891441345,142.79729903695238,0.040440261363983154,1
-0.22713270783424377,156.7469641458638,0.041161954402923584,1
-0.22713270783424377,156.7469641458638,0.041161954402923584,1
-0.24100244045257568,159.13796356381633,0.030764460563659668,1
-0.24100244045257568,159.13796356381633,0.030764460563659668,1
-0.24001726508140564,156.75232818809545,0.05317944288253784,1
-0.24001726508140564,156.75232818809545,0.05317944288253784,1
-0.23684218525886536,152.72823073909677,0.048584163188934326,1
-0.23684218525886536,152.72823073909677,0.048584163188934326,1
-0.23684218525886536,152.72823073909677,0.048584163188934326,1
-0.23680922389030457,156.6950209768057,0.04872184991836548,1
-0.23680922389030457,156.6950209768057,0.04872184991836548,1
-0.2367795705795288,156.51177903875444,0.046256065368652344,1
-0.2367795705795288,156.51177903875444,0.046256065368652344,1
-0.22850126028060913,156.0136862988701,0.04295790195465088,1
-0.22850126028060913,156.0136862988701,0.04295790195465088,1
-0.2217320203781128,155.95488978681513,0.047472476959228516,1
-0.2217320203781128,155.95488978681513,0.047472476959228516,1
-0.2217320203781128,155.95488978681513,0.047472476959228516,1
-0.2146008312702179,155.49101048441096,0.038313329219818115,1
-0.2146008312702179,155.49101048441096,0.038313329219818115,1
-0.21712040901184082,155.84024077620802,0.03608393669128418,1
-0.21712040901184082,155.84024077620802,0.03608393669128418,1
-0.21037274599075317,155.94410510397552,0.03768801689147949,1
-0.21037274599075317,155.94410510397552,0.03768801689147949,1
-0.20879966020584106,157.31698962710144,0.03617966175079346,1
-0.20879966020584106,157.31698962710144,0.03617966175079346,1
-0.21609637141227722,162.7454820459813,0.03387504816055298,1
-0.21609637141227722,162.7454820459813,0.03387504816055298,1
-0.21769794821739197,163.55003477794108,0.03185063600540161,1
-0.21769794821739197,163.55003477794108,0.03185063600540161,1
-0.21769794821739197,163.55003477794108,0.03185063600540161,1
-0.2084212601184845,163.35814288059794,0.031921327114105225,1
-0.2084212601184845,163.35814288059794,0.031921327114105225,1
-0.19628605246543884,162.48103848989197,0.03568392992019653,1
-0.19628605246543884,162.48103848989197,0.03568392992019653,1
-0.19431409239768982,165.79966545305516,0.03461486101150513,1
-0.19431409239768982,165.79966545305516,0.03461486101150513,1
-0.19431409239768982,165.79966545305516,0.03461486101150513,1
-0.20815891027450562,162.857221266397,0.06436300277709961,1
-0.23274213075637817,174.66392674865446,0.051825523376464844,1
-0.23274213075637817,174.66392674865446,0.051825523376464844,1
-0.23274213075637817,174.66392674865446,0.051825523376464844,1
-0.2265881896018982,174.73550743778904,0.050392985343933105,1
-0.2265881896018982,174.73550743778904,0.050392985343933105,1
-0.22747233510017395,174.80293586667915,0.04267507791519165,1
-0.22747233510017395,174.80293586667915,0.04267507791519165,1
-0.22726956009864807,176.69725930280572,0.04149574041366577,1
-0.22726956009864807,176.69725930280572,0.04149574041366577,1
-0.2358601987361908,178.61301660453452,0.03978854417800903,1
-0.2358601987361908,178.61301660453452,0.03978854417800903,1
-0.2358601987361908,178.61301660453452,0.03978854417800903,1
-0.22787722945213318,179.68657185842915,0.033467233180999756,1
-0.22787722945213318,179.68657185842915,0.033467233180999756,1
-0.23550578951835632,177.70404675680442,0.04282873868942261,1
-0.23550578951835632,177.70404675680442,0.04282873868942261,1
-0.25291183590888977,171.1292311912755,0.026271522045135498,1
-0.25291183590888977,171.1292311912755,0.026271522045135498,1
-0.25291183590888977,171.1292311912755,0.026271522045135498,1
-0.2505825459957123,172.44741663182984,0.026851117610931396,1
-0.2505825459957123,172.44741663182984,0.026851117610931396,1
-0.2358657419681549,171.05355882718635,0.026862919330596924,1
-0.2358657419681549,171.05355882718635,0.026862919330596924,1
-0.2480468451976776,172.0386473546551,0.03178435564041138,1
-0.2480468451976776,172.0386473546551,0.03178435564041138,1
-0.24570420384407043,169.8839079003939,0.02714008092880249,1
-0.24570420384407043,169.8839079003939,0.02714008092880249,1
-0.23770618438720703,169.88314051334106,0.0345536470413208,1
-0.23770618438720703,169.88314051334106,0.0345536470413208,1
-0.23742008209228516,168.75368956239058,0.036534667015075684,1
-0.23742008209228516,168.75368956239058,0.036534667015075684,1
-0.23742008209228516,168.75368956239058,0.036534667015075684,1
-0.2290186882019043,167.59004736461725,0.039275407791137695,1
-0.2290186882019043,167.59004736461725,0.039275407791137695,1
-0.2325388789176941,167.1508984023151,0.039942145347595215,1
-0.2325388789176941,167.1508984023151,0.039942145347595215,1
-0.24211886525154114,165.93674027781572,0.034679114818573,1
-0.24211886525154114,165.93674027781572,0.034679114818573,1
-0.24198946356773376,165.7104390410831,0.039879024028778076,1
-0.24198946356773376,165.7104390410831,0.039879024028778076,1
-0.2423056662082672,162.93157256107753,0.04415839910507202,1
-0.2423056662082672,162.93157256107753,0.04415839910507202,1
-0.2423056662082672,162.93157256107753,0.04415839910507202,1
-0.23842725157737732,158.21765410517628,0.03863638639450073,1
-0.23842725157737732,158.21765410517628,0.03863638639450073,1
-0.23206627368927002,155.45621261545728,0.038529396057128906,1
-0.23206627368927002,155.45621261545728,0.038529396057128906,1
-0.22798770666122437,155.79286567972767,0.037796854972839355,1
-0.22798770666122437,155.79286567972767,0.037796854972839355,1
-0.2278236448764801,156.83919377172805,0.03793412446975708,1
-0.2278236448764801,156.83919377172805,0.03793412446975708,1
-0.22668474912643433,154.23717308186247,0.0426943302154541,1
-0.22668474912643433,154.23717308186247,0.0426943302154541,1
-0.22668474912643433,154.23717308186247,0.0426943302154541,1
-0.2295113205909729,149.96823844768778,0.04218900203704834,1
-0.2295113205909729,149.96823844768778,0.04218900203704834,1
-0.24254295229911804,151.39170419325626,0.04597252607345581,1
-0.24254295229911804,151.39170419325626,0.04597252607345581,1
-0.2403733730316162,150.84042526328494,0.041715383529663086,1
-0.2403733730316162,150.84042526328494,0.041715383529663086,1
-0.23812997341156006,148.74969690448086,0.03436565399169922,1
-0.23812997341156006,148.74969690448086,0.03436565399169922,1
-0.23812997341156006,148.74969690448086,0.03436565399169922,1
-0.24663367867469788,148.74699302665064,0.04346662759780884,1
-0.24663367867469788,148.74699302665064,0.04346662759780884,1
-0.2390599548816681,146.82629928466602,0.04503244161605835,1
-0.2390599548816681,146.82629928466602,0.04503244161605835,1
-0.24087440967559814,147.58946861808022,0.03812682628631592,1
-0.24087440967559814,147.58946861808022,0.03812682628631592,1
-0.2441689372062683,145.91084041446362,0.044223904609680176,1
-0.2441689372062683,145.91084041446362,0.044223904609680176,1
-0.2441689372062683,145.91084041446362,0.044223904609680176,1
-0.20661687850952148,139.13663168978147,0.02995753288269043,1
-0.20661687850952148,139.13663168978147,0.02995753288269043,1
-0.20382720232009888,137.1211466434259,0.0372769832611084,1
-0.20382720232009888,137.1211466434259,0.0372769832611084,1
-0.20374682545661926,135.54826335455743,0.0437350869178772,1
-0.20374682545661926,135.54826335455743,0.0437350869178772,1
-0.19871658086776733,134.57989818052994,0.04026174545288086,1
-0.19871658086776733,134.57989818052994,0.04026174545288086,1
-0.19876831769943237,134.47965993335376,0.04225504398345947,1
-0.19876831769943237,134.47965993335376,0.04225504398345947,1
-0.19680634140968323,134.07901501795564,0.043740808963775635,1
-0.19680634140968323,134.07901501795564,0.043740808963775635,1
-0.19680634140968323,134.07901501795564,0.043740808963775635,1
-0.18689510226249695,132.23228329951817,0.041647136211395264,1
-0.18689510226249695,132.23228329951817,0.041647136211395264,1
-0.18881267309188843,133.46672754987648,0.041763901710510254,1
-0.18881267309188843,133.46672754987648,0.041763901710510254,1
-0.18881267309188843,133.46672754987648,0.041763901710510254,1
-0.1932787001132965,134.15231531265334,0.06545859575271606,1
-0.1932787001132965,134.15231531265334,0.06545859575271606,1
-0.21617060899734497,137.55806918848293,0.061828017234802246,1
-0.21617060899734497,137.55806918848293,0.061828017234802246,1
-0.2176106870174408,137.88372989575223,0.06601065397262573,1
-0.2176106870174408,137.88372989575223,0.06601065397262573,1
-0.22806993126869202,140.66642340984967,0.05838078260421753,1
-0.22806993126869202,140.66642340984967,0.05838078260421753,1
-0.22713491320610046,141.04430427841635,0.05795520544052124,1
-0.22713491320610046,141.04430427841635,0.05795520544052124,1
-0.21890822052955627,144.24450571532472,0.05878192186355591,1
-0.21890822052955627,144.24450571532472,0.05878192186355591,1
-0.21890822052955627,144.24450571532472,0.05878192186355591,1
-0.21657490730285645,144.88673253774843,0.05015206336975098,1
-0.21657490730285645,144.88673253774843,0.05015206336975098,1
-0.21522361040115356,147.71208197566412,0.048117756843566895,1
-0.21522361040115356,147.71208197566412,0.048117756843566895,1
-0.22971495985984802,151.19272484835616,0.048734962940216064,1
-0.22971495985984802,151.19272484835616,0.048734962940216064,1
-0.22756636142730713,151.8081709015362,0.048539161682128906,1
-0.22756636142730713,151.8081709015362,0.048539161682128906,1
-0.2239077091217041,152.79166013947142,0.04854238033294678,1
-0.2239077091217041,152.79166013947142,0.04854238033294678,1
-0.2239077091217041,152.79166013947142,0.04854238033294678,1
-0.2201690375804901,152.5204236899556,0.04815143346786499,1
-0.2201690375804901,152.5204236899556,0.04815143346786499,1
-0.21568667888641357,151.6241234295742,0.027207016944885254,1
-0.21568667888641357,151.6241234295742,0.027207016944885254,1
-0.2118428647518158,158.24687397929756,0.034628450870513916,1
-0.2118428647518158,158.24687397929756,0.034628450870513916,1
-0.2118428647518158,158.24687397929756,0.034628450870513916,1
-0.22233381867408752,164.46764210807243,0.037069499492645264,1
-0.24340680241584778,167.24597729317472,0.06482189893722534,1
-0.24340680241584778,167.24597729317472,0.06482189893722534,1
-0.24340680241584778,167.24597729317472,0.06482189893722534,1
-0.24937278032302856,171.0363017000533,0.06445801258087158,1
-0.24937278032302856,171.0363017000533,0.06445801258087158,1
-0.2275487184524536,168.49798236230887,0.038277387619018555,1
-0.2275487184524536,168.49798236230887,0.038277387619018555,1
-0.2275487184524536,168.49798236230887,0.038277387619018555,1
-0.22263845801353455,169.58146806094322,0.0528445839881897,1
-0.2231745421886444,178.8851996891885,0.05638641119003296,1
-0.2231745421886444,178.8851996891885,0.05638641119003296,1
-0.2231745421886444,178.8851996891885,0.05638641119003296,1
-0.22354143857955933,179.07919657742798,0.06546449661254883,1
-0.22354143857955933,179.07919657742798,0.06546449661254883,1
-0.22711077332496643,174.9874921805718,0.07018440961837769,1
-0.22711077332496643,174.9874921805718,0.07018440961837769,1
-0.22854694724082947,174.97087480006917,0.06883293390274048,1
-0.22854694724082947,174.97087480006917,0.06883293390274048,1
-0.21892079710960388,173.61957474933735,0.07318025827407837,1
-0.21892079710960388,173.61957474933735,0.07318025827407837,1
-0.21892079710960388,173.61957474933735,0.07318025827407837,1
-0.2104450762271881,172.06587469603684,0.07753437757492065,1
-0.2104450762271881,172.06587469603684,0.07753437757492065,1
-0.1994503140449524,168.55141291758443,0.08607900142669678,1
-0.1994503140449524,168.55141291758443,0.08607900142669678,1
-0.18471583724021912,167.60093008970563,0.07814544439315796,1
-0.18471583724021912,167.60093008970563,0.07814544439315796,1
-0.18471583724021912,167.60093008970563,0.07814544439315796,1
-0.18499547243118286,169.00947303699607,0.06332683563232422,1
-0.18499547243118286,169.00947303699607,0.06332683563232422,1
-0.18736588954925537,168.4165613785355,0.06607580184936523,1
-0.18736588954925537,168.4165613785355,0.06607580184936523,1
-0.17950817942619324,168.2427093935012,0.06637459993362427,1
-0.17950817942619324,168.2427093935012,0.06637459993362427,1
-0.19168132543563843,162.73099564559934,0.06504261493682861,1
-0.19168132543563843,162.73099564559934,0.06504261493682861,1
-0.1909656822681427,166.33376330071502,0.0634574294090271,1
-0.1909656822681427,166.33376330071502,0.0634574294090271,1
-0.1909656822681427,166.33376330071502,0.0634574294090271,1
-0.19604694843292236,167.242405869331,0.066750168800354,1
-0.19604694843292236,167.242405869331,0.066750168800354,1
-0.19436323642730713,166.25092554945732,0.07745242118835449,1
-0.19436323642730713,166.25092554945732,0.07745242118835449,1
-0.19564786553382874,168.16889789882407,0.0683627724647522,1
-0.19564786553382874,168.16889789882407,0.0683627724647522,1
-0.19822639226913452,167.08246414510864,0.07175326347351074,1
-0.19822639226913452,167.08246414510864,0.07175326347351074,1
-0.19822639226913452,167.08246414510864,0.07175326347351074,1
-0.19751745462417603,169.04072129665155,0.06656312942504883,1
-0.1971171796321869,168.66675648999257,0.07085651159286499,1
-0.1971171796321869,168.66675648999257,0.07085651159286499,1
-0.1971171796321869,168.66675648999257,0.07085651159286499,1
-0.1922074258327484,167.13878686276854,0.06327968835830688,1
-0.1922074258327484,167.13878686276854,0.06327968835830688,1
-0.19007351994514465,167.76706694716086,0.06121724843978882,1
-0.19007351994514465,167.76706694716086,0.06121724843978882,1
-0.19551333785057068,168.83683623336248,0.06241399049758911,1
-0.19551333785057068,168.83683623336248,0.06241399049758911,1
-0.19551333785057068,168.83683623336248,0.06241399049758911,1
-0.18610349297523499,169.70644399473318,0.06513839960098267,1
-0.18610349297523499,169.70644399473318,0.06513839960098267,1
-0.1859768033027649,169.0470485302165,0.0664224624633789,1
-0.1859768033027649,169.0470485302165,0.0664224624633789,1
-0.18250992894172668,167.5407224473061,0.06349128484725952,1
-0.18250992894172668,167.5407224473061,0.06349128484725952,1
-0.19980332255363464,171.96511409272875,0.07731157541275024,1
-0.19980332255363464,171.96511409272875,0.07731157541275024,1
-0.19720229506492615,170.3646146746688,0.0747949481010437,1
-0.19720229506492615,170.3646146746688,0.0747949481010437,1
-0.19720229506492615,170.3646146746688,0.0747949481010437,1
-0.19868481159210205,170.61491898956368,0.07372260093688965,1
-0.19868481159210205,170.61491898956368,0.07372260093688965,1
-0.19102486968040466,169.48148271430472,0.07399851083755493,1
-0.19102486968040466,169.48148271430472,0.07399851083755493,1
-0.20293423533439636,169.95191588392635,0.0762215256690979,1
-0.20293423533439636,169.95191588392635,0.0762215256690979,1
-0.20413145422935486,167.37219218131506,0.07995611429214478,1
-0.20413145422935486,167.37219218131506,0.07995611429214478,1
-0.20413145422935486,167.37219218131506,0.07995611429214478,1
-0.19603601098060608,168.6682775262806,0.06422275304794312,1
-0.1976049542427063,168.2870229039131,0.06186079978942871,1
-0.1976049542427063,168.2870229039131,0.06186079978942871,1
-0.1976049542427063,168.2870229039131,0.06186079978942871,1
-0.1898924708366394,168.36688548064342,0.05602395534515381,1
-0.1898924708366394,168.36688548064342,0.05602395534515381,1
-0.19097444415092468,168.14300326889426,0.05831819772720337,1
-0.19097444415092468,168.14300326889426,0.05831819772720337,1
-0.19097444415092468,168.14300326889426,0.05831819772720337,1
-0.19526764750480652,168.642940837421,0.05933421850204468,1
-0.19526764750480652,168.642940837421,0.05933421850204468,1
-0.18450534343719482,166.76334808439907,0.06321656703948975,1
-0.18450534343719482,166.76334808439907,0.06321656703948975,1
-0.17831003665924072,167.8328538984646,0.06200730800628662,1
-0.17831003665924072,167.8328538984646,0.06200730800628662,1
-0.1835031807422638,165.44895003298944,0.0669742226600647,1
-0.1835031807422638,165.44895003298944,0.0669742226600647,1
-0.18775731325149536,169.95908364885267,0.05722153186798096,1
-0.18775731325149536,169.95908364885267,0.05722153186798096,1
-0.18775731325149536,169.95908364885267,0.05722153186798096,1
-0.2146376371383667,166.31088691598532,0.06081533432006836,1
-0.2146376371383667,166.31088691598532,0.06081533432006836,1
-0.21554556488990784,171.88002767450178,0.0386691689491272,1
-0.21554556488990784,171.88002767450178,0.0386691689491272,1
-0.21040058135986328,170.73586220475525,0.03760361671447754,1
-0.21040058135986328,170.73586220475525,0.03760361671447754,1
-0.20964685082435608,169.3522970436856,0.03345829248428345,1
-0.20964685082435608,169.3522970436856,0.03345829248428345,1
-0.20964685082435608,169.3522970436856,0.03345829248428345,1
-0.2147235870361328,167.71405525057054,0.03607177734375,1
-0.2147235870361328,167.71405525057054,0.03607177734375,1
-0.21766754984855652,169.33949515180834,0.02810126543045044,1
-0.21766754984855652,169.33949515180834,0.02810126543045044,1
-0.22276630997657776,167.8216086642886,0.03325933218002319,1
-0.22276630997657776,167.8216086642886,0.03325933218002319,1
-0.22596830129623413,161.53816048689131,0.032655954360961914,1
-0.22596830129623413,161.53816048689131,0.032655954360961914,1
-0.2160414755344391,160.06903405961526,0.03317350149154663,1
-0.2160414755344391,160.06903405961526,0.03317350149154663,1
-0.21144753694534302,154.3528009841073,0.054740071296691895,1
-0.21144753694534302,154.3528009841073,0.054740071296691895,1
-0.21144753694534302,154.3528009841073,0.054740071296691895,1
-0.20217305421829224,150.07902861042845,0.06576108932495117,1
-0.20217305421829224,150.07902861042845,0.06576108932495117,1
-0.20128318667411804,152.4568854036965,0.06177252531051636,1
-0.20128318667411804,152.4568854036965,0.06177252531051636,1
-0.1978851854801178,150.64557704884288,0.062464773654937744,1
-0.1978851854801178,150.64557704884288,0.062464773654937744,1
-0.19901809096336365,145.30609999219593,0.0651513934135437,1
-0.19901809096336365,145.30609999219593,0.0651513934135437,1
-0.19901809096336365,145.30609999219593,0.0651513934135437,1
-0.19884181022644043,142.96510887364505,0.06415736675262451,1
-0.19884181022644043,142.96510887364505,0.06415736675262451,1
-0.18619054555892944,138.00848158745188,0.09040141105651855,1
-0.18619054555892944,138.00848158745188,0.09040141105651855,1
-0.18712732195854187,133.55904427089575,0.09103041887283325,1
-0.18712732195854187,133.55904427089575,0.09103041887283325,1
-0.17277175188064575,136.15656443676488,0.11359918117523193,1
-0.17277175188064575,136.15656443676488,0.11359918117523193,1
-0.17277175188064575,136.15656443676488,0.11359918117523193,1
-0.18956974148750305,133.33791742459152,0.0918075442314148,1
-0.18956974148750305,133.33791742459152,0.0918075442314148,1
-0.19383031129837036,138.59232110617813,0.08209884166717529,1
-0.19383031129837036,138.59232110617813,0.08209884166717529,1
-0.18722251057624817,131.31917278095094,0.10168033838272095,1
-0.18722251057624817,131.31917278095094,0.10168033838272095,1
-0.1555939018726349,124.43468570547213,0.1262616515159607,1
-0.1555939018726349,124.43468570547213,0.1262616515159607,1
-0.16598546504974365,126.18939410195895,0.10674262046813965,1
-0.16598546504974365,126.18939410195895,0.10674262046813965,1
-0.16598546504974365,126.18939410195895,0.10674262046813965,1
-0.14507398009300232,120.17987308507448,0.11337095499038696,1
-0.14507398009300232,120.17987308507448,0.11337095499038696,1
-0.17183703184127808,135.32271687226654,0.07793188095092773,1
-0.17183703184127808,135.32271687226654,0.07793188095092773,1
-0.1835484802722931,123.32880331360319,0.10583525896072388,1
-0.1835484802722931,123.32880331360319,0.10583525896072388,1
-0.17152589559555054,125.6749858118495,0.10904884338378906,1
-0.17152589559555054,125.6749858118495,0.10904884338378906,1
-0.14538830518722534,116.5143926559801,0.16477656364440918,1
-0.14538830518722534,116.5143926559801,0.16477656364440918,1
-0.14538830518722534,116.5143926559801,0.16477656364440918,1
-0.14412719011306763,118.5145103475473,0.1556638479232788,1
-0.14412719011306763,118.5145103475473,0.1556638479232788,1
-0.1667477786540985,119.5638600540884,0.1160617470741272,1
-0.1667477786540985,119.5638600540884,0.1160617470741272,1
-0.16210031509399414,119.05734669979395,0.1258680820465088,1
-0.16210031509399414,119.05734669979395,0.1258680820465088,1
-0.16410544514656067,119.607463645788,0.13472145795822144,1
-0.16410544514656067,119.607463645788,0.13472145795822144,1
-0.18393737077713013,124.86044372457852,0.12219691276550293,1
-0.18393737077713013,124.86044372457852,0.12219691276550293,1
-0.18393737077713013,124.86044372457852,0.12219691276550293,1
-0.19368591904640198,124.3707573957206,0.1164289116859436,1
-0.19368591904640198,124.3707573957206,0.1164289116859436,1
-0.17575141787528992,121.81132815676732,0.14146703481674194,1
-0.17575141787528992,121.81132815676732,0.14146703481674194,1
-0.15547943115234375,120.36643031404736,0.1521317958831787,1
-0.15547943115234375,120.36643031404736,0.1521317958831787,1
-0.15547943115234375,120.36643031404736,0.1521317958831787,1
-0.1766529381275177,124.45500109319664,0.10951787233352661,1
-0.1766529381275177,124.45500109319664,0.10951787233352661,1
-0.14344185590744019,119.21459490378363,0.16871178150177002,1
-0.14344185590744019,119.21459490378363,0.16871178150177002,1
-0.1488783061504364,120.94789113994811,0.1546120047569275,1
-0.1488783061504364,120.94789113994811,0.1546120047569275,1
-0.15163782238960266,120.47964380907243,0.1537070870399475,1
-0.15163782238960266,120.47964380907243,0.1537070870399475,1
-0.17551708221435547,123.97553841557406,0.12475001811981201,1
-0.17551708221435547,123.97553841557406,0.12475001811981201,1
-0.17551708221435547,123.97553841557406,0.12475001811981201,1
-0.17995625734329224,122.87965745769777,0.12024796009063721,1
-0.17995625734329224,122.87965745769777,0.12024796009063721,1
-0.17835885286331177,118.75377364722537,0.12390697002410889,1
-0.17835885286331177,118.75377364722537,0.12390697002410889,1
-0.16120976209640503,116.09319887836178,0.15751779079437256,1
-0.16120976209640503,116.09319887836178,0.15751779079437256,1
-0.1901642084121704,120.54248802616131,0.10339689254760742,1
-0.1901642084121704,120.54248802616131,0.10339689254760742,1
-0.1901642084121704,120.54248802616131,0.10339689254760742,1
-0.1964782476425171,121.59807015320713,0.08456146717071533,1
-0.1964782476425171,121.59807015320713,0.08456146717071533,1
-0.18925702571868896,119.51280771359052,0.06650948524475098,1
-0.18925702571868896,119.51280771359052,0.06650948524475098,1
-0.18681767582893372,121.80776570441185,0.06794220209121704,1
-0.18681767582893372,121.80776570441185,0.06794220209121704,1
-0.1820513904094696,121.36512622699738,0.08500295877456665,1
-0.1820513904094696,121.36512622699738,0.08500295877456665,1
-0.18896710872650146,122.12528377618897,0.1010901927947998,1
-0.18896710872650146,122.12528377618897,0.1010901927947998,1
-0.18896710872650146,122.12528377618897,0.1010901927947998,1
-0.1946750283241272,122.21155160856884,0.11808478832244873,1
-0.1946750283241272,122.21155160856884,0.11808478832244873,1
-0.1671730875968933,118.26370426732629,0.15197598934173584,1
-0.1671730875968933,118.26370426732629,0.15197598934173584,1
-0.3455691337585449,175.50249765873963,0.03210258483886719,1
-0.2931949198246002,169.42465919832728,0.039196550846099854,1
-0.2957146167755127,167.47173127997863,0.04458034038543701,1
-0.29183724522590637,167.0937407531692,0.05060309171676636,1
-0.29183724522590637,167.0937407531692,0.05060309171676636,1
-0.29183724522590637,167.0937407531692,0.05060309171676636,1
-0.29635748267173767,168.55605302058848,0.048812687397003174,1
-0.29635748267173767,168.55605302058848,0.048812687397003174,1
-0.2858622074127197,168.2593910187404,0.0479283332824707,1
-0.2858622074127197,168.2593910187404,0.0479283332824707,1
-0.2822972238063812,168.00645370967118,0.048458874225616455,1
-0.2822972238063812,168.00645370967118,0.048458874225616455,1
-0.2868712544441223,166.91697369111174,0.051651835441589355,1
-0.2868712544441223,166.91697369111174,0.051651835441589355,1
-0.2868712544441223,166.91697369111174,0.051651835441589355,1
-0.29123806953430176,166.25017280546328,0.0510936975479126,1
-0.29123806953430176,166.25017280546328,0.0510936975479126,1
-0.2881523370742798,166.40861878499655,0.04910290241241455,1
-0.2881523370742798,166.40861878499655,0.04910290241241455,1
-0.2878822088241577,167.46868095479513,0.04844045639038086,1
-0.2878822088241577,167.46868095479513,0.04844045639038086,1
-0.2915843725204468,167.71855023838478,0.049426913261413574,1
-0.2915843725204468,167.71855023838478,0.049426913261413574,1
-0.2915843725204468,167.71855023838478,0.049426913261413574,1
-0.2953203320503235,166.9362944610844,0.04946696758270264,1
-0.2953203320503235,166.9362944610844,0.04946696758270264,1
-0.29211074113845825,165.3976706824579,0.0577312707901001,1
-0.29211074113845825,165.3976706824579,0.0577312707901001,1
-0.2911936342716217,165.77894052597856,0.05693572759628296,1
-0.2911936342716217,165.77894052597856,0.05693572759628296,1
-0.28668802976608276,165.30802325523672,0.0606609582901001,1
-0.28668802976608276,165.30802325523672,0.0606609582901001,1
-0.28268012404441833,163.02144388993037,0.06112605333328247,1
-0.28268012404441833,163.02144388993037,0.06112605333328247,1
-0.28268012404441833,163.02144388993037,0.06112605333328247,1
-0.28172191977500916,161.2755042501113,0.06465834379196167,1
-0.28172191977500916,161.2755042501113,0.06465834379196167,1
-0.28349360823631287,162.93421214969803,0.05911928415298462,1
-0.28349360823631287,162.93421214969803,0.05911928415298462,1
-0.28397586941719055,162.75262253728528,0.05906111001968384,1
-0.28397586941719055,162.75262253728528,0.05906111001968384,1
-0.2839658856391907,162.98351133670127,0.05837357044219971,1
-0.27141162753105164,172.1360665965655,0.06144076585769653,1
-0.2803870141506195,163.44049934672466,0.0731847882270813,1
-0.2803870141506195,163.44049934672466,0.0731847882270813,1
-0.27851295471191406,161.46647779886186,0.07364428043365479,1
-0.27851295471191406,161.46647779886186,0.07364428043365479,1
-0.27303647994995117,159.14989159123118,0.07828259468078613,1
-0.27303647994995117,159.14989159123118,0.07828259468078613,1
-0.27303647994995117,159.14989159123118,0.07828259468078613,1
-0.27576643228530884,158.8161718858163,0.08052897453308105,1
-0.27576643228530884,158.8161718858163,0.08052897453308105,1
-0.27443236112594604,158.53436473440374,0.07551360130310059,1
-0.27443236112594604,158.53436473440374,0.07551360130310059,1
-0.27399957180023193,158.7523245358207,0.07582950592041016,1
-0.27399957180023193,158.7523245358207,0.07582950592041016,1
-0.2669118046760559,155.617166434762,0.05909931659698486,1
-0.2669118046760559,155.617166434762,0.05909931659698486,1
-0.2669118046760559,155.617166434762,0.05909931659698486,1
-0.2713738679885864,157.1092489851681,0.07074141502380371,1
-0.2713738679885864,157.1092489851681,0.07074141502380371,1
-0.2690696120262146,155.78373982262156,0.06957995891571045,1
-0.2690696120262146,155.78373982262156,0.06957995891571045,1
-0.2567477822303772,154.3723124438272,0.06789278984069824,1
-0.2567477822303772,154.3723124438272,0.06789278984069824,1
-0.27414610981941223,156.7855973549831,0.07278746366500854,1
-0.27414610981941223,156.7855973549831,0.07278746366500854,1
-0.27414610981941223,156.7855973549831,0.07278746366500854,1
-0.27238669991493225,155.8366712967748,0.07171183824539185,1
-0.27238669991493225,155.8366712967748,0.07171183824539185,1
-0.2785205841064453,157.956260833115,0.07124650478363037,1
-0.2785205841064453,157.956260833115,0.07124650478363037,1
-0.2611221969127655,154.7844468490703,0.06529241800308228,1
-0.2611221969127655,154.7844468490703,0.06529241800308228,1
-0.27482232451438904,155.72038578445307,0.07741028070449829,1
-0.27482232451438904,155.72038578445307,0.07741028070449829,1
-0.27513158321380615,155.66528888760553,0.07866549491882324,1
-0.27513158321380615,155.66528888760553,0.07866549491882324,1
-0.27197614312171936,156.4421862362342,0.08337265253067017,1
-0.27197614312171936,156.4421862362342,0.08337265253067017,1
-0.27197614312171936,156.4421862362342,0.08337265253067017,1
-0.26342663168907166,155.83872656756554,0.07163447141647339,1
-0.26342663168907166,155.83872656756554,0.07163447141647339,1
-0.27508997917175293,153.92236653847692,0.0765676498413086,1
-0.27508997917175293,153.92236653847692,0.0765676498413086,1
-0.2665211260318756,151.48697103530685,0.06306332349777222,1
-0.2665211260318756,151.48697103530685,0.06306332349777222,1
-0.28269514441490173,154.09387279898598,0.07339626550674438,1
-0.28269514441490173,154.09387279898598,0.07339626550674438,1
-0.28269514441490173,154.09387279898598,0.07339626550674438,1
-0.2815829813480377,155.0795395518569,0.07105845212936401,1
-0.2815829813480377,155.0795395518569,0.07105845212936401,1
-0.27989456057548523,154.3461089241951,0.0690581202507019,1
-0.27989456057548523,154.3461089241951,0.0690581202507019,1
-0.27797970175743103,154.12943469741833,0.06796354055404663,1
-0.27797970175743103,154.12943469741833,0.06796354055404663,1
-0.2873123586177826,155.68570000922207,0.08240920305252075,1
-0.2873123586177826,155.68570000922207,0.08240920305252075,1
-0.2873123586177826,155.68570000922207,0.08240920305252075,1
-0.2778441309928894,156.03099739670333,0.0634530782699585,1
-0.2778441309928894,156.03099739670333,0.0634530782699585,1
-0.27221375703811646,158.0163126792455,0.0671243667602539,1
-0.27221375703811646,158.0163126792455,0.0671243667602539,1
-0.2706689238548279,160.17942731674106,0.06894969940185547,1
-0.2706689238548279,160.17942731674106,0.06894969940185547,1
-0.2768344283103943,166.6531661791273,0.06876218318939209,1
-0.2768344283103943,166.6531661791273,0.06876218318939209,1
-0.2768344283103943,166.6531661791273,0.06876218318939209,1
-0.2782272696495056,168.46936707420764,0.0687023401260376,1
-0.2782272696495056,168.46936707420764,0.0687023401260376,1
-0.275496244430542,174.88823320356857,0.06707918643951416,1
-0.275496244430542,174.88823320356857,0.06707918643951416,1
-0.2896711528301239,178.75902064994244,0.05860632658004761,1
-0.2896711528301239,178.75902064994244,0.05860632658004761,1
-0.2857770323753357,179.69470531098332,0.04459798336029053,1
-0.2857770323753357,179.69470531098332,0.04459798336029053,1
-0.2914304733276367,171.9683428079486,0.055466413497924805,1
-0.2914304733276367,171.9683428079486,0.055466413497924805,1
-0.2914304733276367,171.9683428079486,0.055466413497924805,1
-0.28280889987945557,169.91169637959814,0.048392653465270996,1
-0.28280889987945557,169.91169637959814,0.048392653465270996,1
-0.28084465861320496,164.64269950562183,0.038826048374176025,1
-0.28084465861320496,164.64269950562183,0.038826048374176025,1
-0.27093014121055603,159.0870394055907,0.04482918977737427,1
-0.27093014121055603,159.0870394055907,0.04482918977737427,1
-0.26784130930900574,156.4561489614913,0.050479114055633545,1
-0.26784130930900574,156.4561489614913,0.050479114055633545,1
-0.26784130930900574,156.4561489614913,0.050479114055633545,1
-0.2705078125,152.82502329645266,0.04919791221618652,1
-0.2705078125,152.82502329645266,0.04919791221618652,1
-0.2690207362174988,151.4876926489503,0.04661059379577637,1
-0.2690207362174988,151.4876926489503,0.04661059379577637,1
-0.2413124144077301,146.34860843196716,0.04567021131515503,1
-0.2413124144077301,146.34860843196716,0.04567021131515503,1
-0.2354961633682251,143.76405796014433,0.045095205307006836,1
-0.2354961633682251,143.76405796014433,0.045095205307006836,1
-0.22660163044929504,144.09492073704973,0.06455892324447632,1
-0.22660163044929504,144.09492073704973,0.06455892324447632,1
-0.22660163044929504,144.09492073704973,0.06455892324447632,1
-0.21159479022026062,134.94352935664128,0.07648903131484985,1
-0.21159479022026062,134.94352935664128,0.07648903131484985,1
-0.25974729657173157,132.13097035395566,0.03089958429336548,1
-0.2731863558292389,126.00919193920502,0.08048325777053833,1
-0.2731863558292389,126.00919193920502,0.08048325777053833,1
-0.26585832238197327,125.26602639818157,0.08001071214675903,1
-0.26585832238197327,125.26602639818157,0.08001071214675903,1
-0.26585832238197327,125.26602639818157,0.08001071214675903,1
-0.2564183473587036,127.97432782400556,0.07963418960571289,1
-0.2564183473587036,127.97432782400556,0.07963418960571289,1
-0.25950437784194946,128.98621943363528,0.0642784833908081,1
-0.25950437784194946,128.98621943363528,0.0642784833908081,1
-0.25263512134552,128.10115522011685,0.05166471004486084,1
-0.25263512134552,128.10115522011685,0.05166471004486084,1
-0.2691369354724884,127.11697008539895,0.06939250230789185,1
-0.2691369354724884,127.11697008539895,0.06939250230789185,1
-0.2600192725658417,126.63808931765708,0.08033674955368042,1
-0.2600192725658417,126.63808931765708,0.08033674955368042,1
-0.2600192725658417,126.63808931765708,0.08033674955368042,1
-0.25648412108421326,125.20654173008114,0.09848123788833618,1
-0.25648412108421326,125.20654173008114,0.09848123788833618,1
-0.25632742047309875,129.7169429997937,0.08396059274673462,1
-0.25632742047309875,129.7169429997937,0.08396059274673462,1
-0.2134011685848236,133.13356417840797,0.06597298383712769,1
-0.22694873809814453,132.91273175728327,0.0420382022857666,1
-0.22694873809814453,132.91273175728327,0.0420382022857666,1
-0.21026170253753662,129.80679193007896,0.04117929935455322,1
-0.21026170253753662,129.80679193007896,0.04117929935455322,1
-0.20955607295036316,130.38202818197598,0.040882647037506104,1
-0.22382903099060059,132.1148421410653,0.04889106750488281,1
-0.22382903099060059,132.1148421410653,0.04889106750488281,1
-0.2096930742263794,131.51130025725737,0.05174267292022705,1
-0.20778578519821167,131.48048495278746,0.05511510372161865,1
-0.20778578519821167,131.48048495278746,0.05511510372161865,1
-0.2021251916885376,130.4121740578321,0.040801286697387695,1
-0.2021251916885376,130.4121740578321,0.040801286697387695,1
-0.20772606134414673,132.1627359881294,0.05018794536590576,1
-0.20772606134414673,132.1627359881294,0.05018794536590576,1
-0.20142260193824768,130.33419785405252,0.03615909814834595,1
-0.1998981535434723,130.12889517267797,0.047915637493133545,1
-0.1998981535434723,130.12889517267797,0.047915637493133545,1
-0.2000010907649994,130.8164316617032,0.05136507749557495,1
-0.2000010907649994,130.8164316617032,0.05136507749557495,1
-0.1958390176296234,130.6896046405025,0.053192317485809326,1
-0.2065293788909912,132.24148674236093,0.057808756828308105,1
-0.2065293788909912,132.24148674236093,0.057808756828308105,1
-0.21473369002342224,134.43820583158595,0.07332152128219604,1
-0.21473369002342224,134.43820583158595,0.07332152128219604,1
-0.20632323622703552,132.74260636038204,0.05951887369155884,1
-0.22798967361450195,134.00234103776705,0.07891321182250977,1
-0.22798967361450195,134.00234103776705,0.07891321182250977,1
-0.19442185759544373,130.77881609332576,0.05050081014633179,1
-0.19442185759544373,130.77881609332576,0.05050081014633179,1
-0.22015446424484253,134.28834336456634,0.07124471664428711,1
-0.22156575322151184,133.95974369220508,0.060446321964263916,1
-0.22156575322151184,133.95974369220508,0.060446321964263916,1
-0.2338654100894928,135.28950867142078,0.08444112539291382,1
-0.22868287563323975,134.45638853530258,0.08291864395141602,1
-0.22868287563323975,134.45638853530258,0.08291864395141602,1
-0.22425353527069092,134.3982505463656,0.07923197746276855,1
-0.22668978571891785,133.90296304376673,0.07598382234573364,1
-0.22870856523513794,134.15642786115404,0.07994687557220459,1
-0.22870856523513794,134.15642786115404,0.07994687557220459,1
-0.2362360656261444,135.00130612655892,0.08090800046920776,1
-0.2362360656261444,135.00130612655892,0.08090800046920776,1
-0.23592209815979004,134.5151317167727,0.0788809061050415,1
-0.21677154302597046,132.34249164850107,0.07742118835449219,1
-0.21706315875053406,132.7671746721356,0.07468801736831665,1
-0.21697455644607544,132.75808183583007,0.07850813865661621,1
-0.21697455644607544,132.75808183583007,0.07850813865661621,1
-0.21961671113967896,133.30610274351022,0.07696306705474854,1
-0.22412416338920593,133.47422603271835,0.06680244207382202,1
-0.22412416338920593,133.47422603271835,0.06680244207382202,1
-0.23365512490272522,136.82276201730213,0.08201330900192261,1
-0.23365512490272522,136.82276201730213,0.08201330900192261,1
-0.2581044137477875,142.16929699094052,0.10221582651138306,1
-0.2872096002101898,148.42187212855828,0.08818262815475464,1
-0.2872096002101898,148.42187212855828,0.08818262815475464,1
-0.3052330017089844,152.8321734831159,0.09040582180023193,1
-0.31965070962905884,161.26753964810604,0.08901345729827881,1
-0.32519686222076416,169.5821030172611,0.08665645122528076,1
-0.32519686222076416,169.5821030172611,0.08665645122528076,1
-0.33024415373802185,177.16586871424312,0.07785874605178833,1
-0.33024415373802185,177.16586871424312,0.07785874605178833,1
-0.32708436250686646,178.14520935652908,0.058122873306274414,1
-0.31979310512542725,172.83881240765584,0.04623210430145264,1
-0.31979310512542725,172.83881240765584,0.04623210430145264,1
-0.31820452213287354,168.9912404460652,0.030050158500671387,1
-0.312415212392807,167.7413904459012,0.016316473484039307,1
-0.312415212392807,167.7413904459012,0.016316473484039307,1
-0.31109294295310974,162.9454178828466,0.010775387287139893,1
-0.31109294295310974,162.9454178828466,0.010775387287139893,1
-0.26300957798957825,153.77267028691753,0.0019527077674865723,1
-0.26095491647720337,150.3297147146058,0.009033560752868652,1
-0.2525475323200226,149.43981460694505,0.012053191661834717,1
-0.25144049525260925,149.59844152651885,0.019666969776153564,1
-0.25144049525260925,149.59844152651885,0.019666969776153564,1
-0.24984151124954224,146.8917889606643,0.019440412521362305,1
-0.25278791785240173,146.6715533246115,0.0229836106300354,1
-0.25278791785240173,146.6715533246115,0.0229836106300354,1
-0.24181538820266724,144.3020096689119,0.017698049545288086,1
-0.24181538820266724,144.3020096689119,0.017698049545288086,1
-0.2423652708530426,143.81409814092953,0.015644490718841553,1
-0.22930100560188293,141.0740519078589,5.27501106262207e-05,1
-0.22930100560188293,141.0740519078589,5.27501106262207e-05,1
-0.22972393035888672,140.7225592612149,0.00038111209869384766,1
-0.2286635935306549,140.2012192510912,1.4722347259521484e-05,1
-0.2286635935306549,140.2012192510912,1.4722347259521484e-05,1
-0.20883968472480774,137.47558832107745,0.024351179599761963,1
-0.20883968472480774,137.47558832107745,0.024351179599761963,1
-0.22041162848472595,134.94140624668768,0.010726392269134521,1
-0.22041162848472595,134.94140624668768,0.010726392269134521,1
-0.2257995307445526,132.6940886756236,0.015958011150360107,1
-0.2257995307445526,132.6940886756236,0.015958011150360107,1
-0.2257995307445526,132.6940886756236,0.015958011150360107,1
-0.2417985200881958,131.079581380007,0.0005804300308227539,1
-0.2417985200881958,131.079581380007,0.0005804300308227539,1
-0.23550182580947876,128.14469386797825,0.012589573860168457,1
-0.23550182580947876,128.14469386797825,0.012589573860168457,1
-0.23963633179664612,128.85596088516334,0.00020736455917358398,1
-0.23963633179664612,128.85596088516334,0.00020736455917358398,1
-0.2397979497909546,125.59207900541625,1.5735626220703125e-05,1
-0.2397979497909546,125.59207900541625,1.5735626220703125e-05,1
-0.2397979497909546,125.59207900541625,1.5735626220703125e-05,1
-0.24104082584381104,125.27108113318224,0.011553049087524414,1
-0.24104082584381104,125.27108113318224,0.011553049087524414,1
-0.22640901803970337,123.75630005768139,0.00022792816162109375,1
-0.22640901803970337,123.75630005768139,0.00022792816162109375,1
-0.22161439061164856,122.36844868786189,0.004128396511077881,1
-0.22161439061164856,122.36844868786189,0.004128396511077881,1
-0.2179788053035736,120.8651407356921,0.004951298236846924,1
-0.2179788053035736,120.8651407356921,0.004951298236846924,1
-0.23453167080879211,125.19469326066947,0.0010637640953063965,1
-0.23453167080879211,125.19469326066947,0.0010637640953063965,1
-0.2212807834148407,123.5607898938792,0.0027809739112854004,1
-0.2212807834148407,123.5607898938792,0.0027809739112854004,1
-0.2212807834148407,123.5607898938792,0.0027809739112854004,1
-0.21167489886283875,122.44683597449172,0.03431421518325806,1
-0.21167489886283875,122.44683597449172,0.03431421518325806,1
-0.21562588214874268,122.95928437029865,0.04127681255340576,1
-0.21562588214874268,122.95928437029865,0.04127681255340576,1
-0.23054763674736023,125.54560423488915,0.0037972331047058105,1
-0.23054763674736023,125.54560423488915,0.0037972331047058105,1
-0.23054763674736023,125.54560423488915,0.0037972331047058105,1
-0.22691747546195984,123.94998880388596,0.006488621234893799,1
-0.22691747546195984,123.94998880388596,0.006488621234893799,1
-0.23304268717765808,125.52048817054524,0.008382618427276611,1
-0.23304268717765808,125.52048817054524,0.008382618427276611,1
-0.2337995171546936,125.02066417402277,0.0029038190841674805,1
-0.2337995171546936,125.02066417402277,0.0029038190841674805,1
-0.23520630598068237,126.15515079224029,0.0003160238265991211,1
-0.23520630598068237,126.15515079224029,0.0003160238265991211,1
-0.25034841895103455,129.91146922637347,0.004002630710601807,1
-0.25034841895103455,129.91146922637347,0.004002630710601807,1
-0.25034841895103455,129.91146922637347,0.004002630710601807,1
-0.2072155773639679,131.45187766132975,0.0224112868309021,1
-0.2072155773639679,131.45187766132975,0.0224112868309021,1
-0.20296919345855713,137.15312475124844,0.029555201530456543,1
-0.20296919345855713,137.15312475124844,0.029555201530456543,1
-0.2469819188117981,158.4679594423238,0.01302647590637207,1
-0.2469819188117981,158.4679594423238,0.01302647590637207,1
-0.26756131649017334,172.57034439330147,0.004972934722900391,1
-0.26756131649017334,172.57034439330147,0.004972934722900391,1
-0.26022687554359436,176.0233210395173,0.01368635892868042,1
-0.26022687554359436,176.0233210395173,0.01368635892868042,1
-0.26022687554359436,176.0233210395173,0.01368635892868042,1
-0.2509329915046692,174.13230776631713,0.010277509689331055,1
-0.2509329915046692,174.13230776631713,0.010277509689331055,1
-0.25115787982940674,172.19308949804417,0.011571049690246582,1
-0.25115787982940674,172.19308949804417,0.011571049690246582,1
-0.26009228825569153,171.28725240969365,0.017507851123809814,1
-0.26009228825569153,171.28725240969365,0.017507851123809814,1
-0.26009228825569153,171.28725240969365,0.017507851123809814,1
-0.2564798891544342,169.9737476319609,0.023322641849517822,1
-0.26925310492515564,172.35249758993356,0.014221012592315674,1
-0.26925310492515564,172.35249758993356,0.014221012592315674,1
-0.26925310492515564,172.35249758993356,0.014221012592315674,1
-0.2848775088787079,178.5397644967432,0.009582340717315674,1
-0.2848775088787079,178.5397644967432,0.009582340717315674,1
-0.2780044674873352,179.4358309347841,0.011710047721862793,1
-0.2780044674873352,179.4358309347841,0.011710047721862793,1
-0.27818843722343445,173.91853407883406,0.04107135534286499,1
-0.27818843722343445,173.91853407883406,0.04107135534286499,1
-0.27818843722343445,173.91853407883406,0.04107135534286499,1
-0.27431073784828186,162.31919759119626,0.04488486051559448,1
-0.27431073784828186,162.31919759119626,0.04488486051559448,1
-0.25563740730285645,152.0545293360529,0.05892515182495117,1
-0.25563740730285645,152.0545293360529,0.05892515182495117,1
-0.25169292092323303,140.6658424964395,0.06379574537277222,1
-0.25169292092323303,140.6658424964395,0.06379574537277222,1
-0.22063440084457397,133.23701239123662,0.06744503974914551,1
-0.22063440084457397,133.23701239123662,0.06744503974914551,1
-0.22063440084457397,133.23701239123662,0.06744503974914551,1
-0.17496824264526367,126.24363920928431,0.05470573902130127,1
-0.17496824264526367,126.24363920928431,0.05470573902130127,1
-0.13069534301757812,118.96402777576607,0.035021424293518066,1
-0.13069534301757812,118.96402777576607,0.035021424293518066,1
-0.10650855302810669,118.87039048361204,0.0386202335357666,1
-0.10650855302810669,118.87039048361204,0.0386202335357666,1
-0.12569931149482727,121.41292386148857,0.04301959276199341,1
-0.12569931149482727,121.41292386148857,0.04301959276199341,1
-0.12811434268951416,119.79127630753487,0.042084574699401855,1
-0.12811434268951416,119.79127630753487,0.042084574699401855,1
-0.12811434268951416,119.79127630753487,0.042084574699401855,1
-0.12571009993553162,119.50036590180606,0.033531129360198975,1
-0.12571009993553162,119.50036590180606,0.033531129360198975,1
-0.1202833354473114,123.38690589576454,0.05304056406021118,1
-0.1202833354473114,123.38690589576454,0.05304056406021118,1
-0.1395377218723297,123.43415276709156,0.0452921986579895,1
-0.1395377218723297,123.43415276709156,0.0452921986579895,1
-0.13670939207077026,123.11824037524913,0.0407940149307251,1
-0.13670939207077026,123.11824037524913,0.0407940149307251,1
-0.12511971592903137,122.27653909472805,0.03251367807388306,1
-0.12511971592903137,122.27653909472805,0.03251367807388306,1
-0.12511971592903137,122.27653909472805,0.03251367807388306,1
-0.12133333086967468,120.60040291711807,0.033195674419403076,1
-0.12133333086967468,120.60040291711807,0.033195674419403076,1
-0.12332773208618164,121.76057398826526,0.03311657905578613,1
-0.12332773208618164,121.76057398826526,0.03311657905578613,1
-0.13578665256500244,119.64230247014352,0.03820526599884033,1
-0.13578665256500244,119.64230247014352,0.03820526599884033,1
-0.13578665256500244,119.64230247014352,0.03820526599884033,1
-0.14003059267997742,119.47345668883766,0.038226187229156494,1
-0.14003059267997742,119.47345668883766,0.038226187229156494,1
-0.13985782861709595,118.86728658935205,0.02997124195098877,1
-0.13985782861709595,118.86728658935205,0.02997124195098877,1
-0.14346429705619812,120.56150633407822,0.03259676694869995,1
-0.14346429705619812,120.56150633407822,0.03259676694869995,1
-0.1450275480747223,121.41241294747289,0.025543153285980225,1
-0.1450275480747223,121.41241294747289,0.025543153285980225,1
-0.1622401773929596,124.82864775042894,0.02673405408859253,1
-0.1622401773929596,124.82864775042894,0.02673405408859253,1
-0.18670040369033813,130.9130334662337,0.057654738426208496,1
-0.18670040369033813,130.9130334662337,0.057654738426208496,1
-0.18670040369033813,130.9130334662337,0.057654738426208496,1
-0.5617555379867554,178.2871127832534,0.008954346179962158,0
-0.5647572875022888,175.97399951560345,0.005882441997528076,0
-0.5620098114013672,175.73477601428414,0.01075899600982666,0
-0.5620098114013672,175.73477601428414,0.01075899600982666,0
-0.5653135180473328,175.63650428170797,0.010733187198638916,0
-0.5653135180473328,175.63650428170797,0.010733187198638916,0
-0.5754756927490234,175.7469363585822,0.010934650897979736,0
-0.5685761868953705,176.42094584192247,0.017807364463806152,0
-0.5685761868953705,176.42094584192247,0.017807364463806152,0
-0.5616688430309296,178.60249839529715,0.018211007118225098,0
-0.5616688430309296,178.60249839529715,0.018211007118225098,0
-0.5569409132003784,179.47738782024683,0.017500460147857666,0
-0.5595031380653381,178.45455911295437,0.014309942722320557,0
-0.5595031380653381,178.45455911295437,0.014309942722320557,0
-0.5600489377975464,174.925363837548,0.01386713981628418,0
-0.5600489377975464,174.925363837548,0.01386713981628418,0
-0.559968888759613,171.9668735133142,0.01217883825302124,0
-0.55198934674263,168.5077741438796,0.01760929822921753,0
-0.55198934674263,168.5077741438796,0.01760929822921753,0
-0.56114462018013,168.13038703723038,0.005634665489196777,0
-0.56114462018013,168.13038703723038,0.005634665489196777,0
-0.5441126823425293,165.78251515388845,0.003973603248596191,0
-0.5356820821762085,165.8872964755858,0.03397709131240845,0
-0.5356820821762085,165.8872964755858,0.03397709131240845,0
-0.527955561876297,164.494069120199,0.03618967533111572,0
-0.527955561876297,164.494069120199,0.03618967533111572,0
-0.529591292142868,163.585066805712,0.04167604446411133,0
-0.5270476937294006,162.94759959885704,0.04683619737625122,0
-0.5270476937294006,162.94759959885704,0.04683619737625122,0
-0.5241308510303497,162.4204231336643,0.050241172313690186,0
-0.5209619700908661,162.49544166988662,0.052307307720184326,0
-0.5209619700908661,162.49544166988662,0.052307307720184326,0
-0.5248278975486755,162.94029781869486,0.05617445707321167,0
-0.5248278975486755,162.94029781869486,0.05617445707321167,0
-0.5289189517498016,163.94165973917168,0.056536078453063965,0
-0.5289189517498016,163.94165973917168,0.056536078453063965,0
-0.5364634394645691,164.5211478311293,0.04948270320892334,0
-0.5485254228115082,164.80272920022452,0.03181082010269165,0
-0.5485254228115082,164.80272920022452,0.03181082010269165,0
-0.559834286570549,165.82417337830665,0.020670592784881592,0
-0.559834286570549,165.82417337830665,0.020670592784881592,0
-0.5652876049280167,168.17557321077066,0.014965474605560303,0
-0.5652876049280167,168.17557321077066,0.014965474605560303,0
-0.5770435035228729,169.58909677615742,0.006753444671630859,0
-0.5762908607721329,172.58138563038565,0.004052340984344482,0
-0.5755049139261246,174.21113179061615,0.0032257437705993652,0
-0.5755049139261246,174.21113179061615,0.0032257437705993652,0
-0.5755049139261246,174.21113179061615,0.0032257437705993652,0
-0.5738315582275391,175.00698149219846,0.009182512760162354,0
-0.5830702632665634,177.97984938586973,0.024051249027252197,0
-0.5830702632665634,177.97984938586973,0.024051249027252197,0
-0.5790583342313766,177.6525097865392,0.016988694667816162,0
-0.5790583342313766,177.6525097865392,0.016988694667816162,0
-0.5773404389619827,178.91511384924246,0.017461419105529785,0
-0.5795492380857468,178.97440176014334,0.016004562377929688,0
-0.5795492380857468,178.97440176014334,0.016004562377929688,0
-0.580058753490448,176.6774747099467,0.014430582523345947,0
-0.580058753490448,176.6774747099467,0.014430582523345947,0
-0.5726314932107925,173.56785427777234,0.01704847812652588,0
-0.5690447241067886,171.40554992275557,0.008901774883270264,0
-0.5690447241067886,171.40554992275557,0.008901774883270264,0
-0.5792499929666519,168.5737903840264,0.006749093532562256,0
-0.5792499929666519,168.5737903840264,0.006749093532562256,0
-0.5705404430627823,166.25297060962905,0.010210514068603516,0
-0.5667620897293091,164.6482586424635,0.011693358421325684,0
-0.5667620897293091,164.6482586424635,0.011693358421325684,0
-0.5665389448404312,163.1927692611382,0.009554624557495117,0
-0.5665389448404312,163.1927692611382,0.009554624557495117,0
-0.5667205899953842,162.01180957235186,0.01081305742263794,0
-0.5686686635017395,160.14302843623025,0.014798402786254883,0
-0.5686686635017395,160.14302843623025,0.014798402786254883,0
-0.552085742354393,159.1365460409152,0.01835554838180542,0
-0.552085742354393,159.1365460409152,0.01835554838180542,0
-0.5385401546955109,156.8985010577511,0.004671633243560791,0
-0.5365776270627975,156.6367060619704,0.0002446174621582031,0
-0.5365776270627975,156.6367060619704,0.0002446174621582031,0
-0.5371533930301666,155.94494731414483,0.0011102557182312012,0
-0.5363130569458008,155.90492235238884,0.008845388889312744,0
-0.5363130569458008,155.90492235238884,0.008845388889312744,0
-0.5374068915843964,156.04711012396626,0.010672688484191895,0
-0.5359995067119598,155.74113332361256,0.0088653564453125,0
-0.5359995067119598,155.74113332361256,0.0088653564453125,0
-0.5359995067119598,155.74113332361256,0.0088653564453125,0
-0.5193904638290405,155.0062347318275,0.009086191654205322,0
-0.5195454657077789,154.736863394673,0.009265363216400146,0
-0.522467702627182,155.6721892286336,0.010396718978881836,0
-0.522467702627182,155.6721892286336,0.010396718978881836,0
-0.5280392467975616,157.70746187528027,0.011481881141662598,0
-0.5280392467975616,157.70746187528027,0.011481881141662598,0
-0.5315627455711365,160.62532633587148,0.0008457303047180176,0
-0.5315627455711365,160.62532633587148,0.0008457303047180176,0
-0.5388964712619781,161.60944800816307,0.008077144622802734,0
-0.5519304126501083,165.91993352660123,0.0015562176704406738,0
-0.5519304126501083,165.91993352660123,0.0015562176704406738,0
-0.5607438385486603,169.09164958765678,0.009473562240600586,0
-0.5607438385486603,169.09164958765678,0.009473562240600586,0
-0.5654304772615433,170.11363345020476,0.0033524632453918457,0
-0.5664922744035721,171.40297484816725,0.006950557231903076,0
-0.5664922744035721,171.40297484816725,0.006950557231903076,0
-0.5702825337648392,171.4253362384236,0.005389571189880371,0
-0.5702825337648392,171.4253362384236,0.005389571189880371,0
-0.5701168775558472,173.72600095033638,0.012172222137451172,0
-0.5708504170179367,176.5551565988363,0.008945822715759277,0
-0.5708504170179367,176.5551565988363,0.008945822715759277,0
-0.5769747346639633,177.0899687008987,0.0027011632919311523,0
-0.5769747346639633,177.0899687008987,0.0027011632919311523,0
-0.5772927552461624,177.91251441890935,0.0029783248901367188,0
-0.5797038674354553,178.1795405974624,0.00026810169219970703,0
-0.5797038674354553,178.1795405974624,0.00026810169219970703,0
-0.5705566704273224,175.3810077267272,0.008011698722839355,0
-0.5705566704273224,175.3810077267272,0.008011698722839355,0
-0.5706003606319427,172.95471890283284,0.01882106065750122,0
-0.5696721971035004,170.6450745906033,0.01788318157196045,0
-0.5696721971035004,170.6450745906033,0.01788318157196045,0
-0.5645690560340881,169.975398042088,0.02152174711227417,0
-0.5645690560340881,169.975398042088,0.02152174711227417,0
-0.5559515357017517,168.4469694646815,0.026101648807525635,0
-0.5559515357017517,168.4469694646815,0.026101648807525635,0
-0.5532486140727997,167.06865827407847,0.030518770217895508,0
-0.552595317363739,166.333558837019,0.03315836191177368,0
-0.552595317363739,166.333558837019,0.03315836191177368,0
-0.54420205950737,165.1257698070728,0.04821223020553589,0
-0.54420205950737,165.1257698070728,0.04821223020553589,0
-0.5350090265274048,164.58647381765786,0.04364198446273804,0
-0.5302963554859161,163.23850453671238,0.044848740100860596,0
-0.5302963554859161,163.23850453671238,0.044848740100860596,0
-0.5324642658233643,163.57645774130216,0.048972129821777344,0
-0.5221800804138184,162.61024695137925,0.040341198444366455,0
-0.5221800804138184,162.61024695137925,0.040341198444366455,0
-0.5253304541110992,162.74830575322233,0.03508567810058594,0
-0.5253304541110992,162.74830575322233,0.03508567810058594,0
-0.5226168930530548,162.45687406036782,0.03149104118347168,0
-0.5275791883468628,163.36202889312702,0.03687715530395508,0
-0.5275791883468628,163.36202889312702,0.03687715530395508,0
-0.53428053855896,165.3504598390791,0.043404221534729004,0
-0.53428053855896,165.3504598390791,0.043404221534729004,0
-0.5348247289657593,164.5593162964697,0.044815778732299805,0
-0.5342870354652405,164.26256522494566,0.041072726249694824,0
-0.5342870354652405,164.26256522494566,0.041072726249694824,0
-0.5376386642456055,164.62776581902662,0.03737276792526245,0
-0.5376386642456055,164.62776581902662,0.03737276792526245,0
-0.5486396551132202,165.89593353400167,0.017523467540740967,0
-0.5486396551132202,165.89593353400167,0.017523467540740967,0
-0.5480762720108032,165.50804122913954,0.012874126434326172,0
-0.5547356903553009,167.27538075525058,0.009826421737670898,0
-0.5547356903553009,167.27538075525058,0.009826421737670898,0
-0.557490736246109,168.24118198600604,0.002497732639312744,0
-0.5554401576519012,170.56569047685636,0.010176599025726318,0
-0.5554401576519012,170.56569047685636,0.010176599025726318,0
-0.5573528856039047,174.5645506391406,0.011673569679260254,0
-0.5573528856039047,174.5645506391406,0.011673569679260254,0
-0.5642779320478439,175.3718779519875,0.024257957935333252,0
-0.5723076313734055,177.40110361911914,0.02969658374786377,0
-0.5723076313734055,177.40110361911914,0.02969658374786377,0
-0.5741333365440369,177.8570056538626,0.02973729372024536,0
-0.5741333365440369,177.8570056538626,0.02973729372024536,0
-0.5768107920885086,179.042010199703,0.023733973503112793,0
-0.5729043632745743,178.5503801872127,0.01945596933364868,0
-0.5729043632745743,178.5503801872127,0.01945596933364868,0
-0.5685863345861435,177.3194120937804,0.004404544830322266,0
-0.5685863345861435,177.3194120937804,0.004404544830322266,0
-0.572970449924469,174.09638549389277,0.00569230318069458,0
-0.572970449924469,174.09638549389277,0.00569230318069458,0
-0.5756137669086456,172.45765119204668,0.013839244842529297,0
-0.5781209915876389,171.6096641463077,0.014439642429351807,0
-0.5781209915876389,171.6096641463077,0.014439642429351807,0
-0.5867566466331482,169.5556662581377,0.0252993106842041,0
-0.5789983123540878,168.60168108334256,0.03493553400039673,0
-0.5789983123540878,168.60168108334256,0.03493553400039673,0
-0.5816285461187363,167.4352871093719,0.03460693359375,0
-0.5816285461187363,167.4352871093719,0.03460693359375,0
-0.5791724920272827,166.84604108151743,0.038599610328674316,0
-0.5784134417772293,164.95202676935273,0.03507882356643677,0
-0.5784134417772293,164.95202676935273,0.03507882356643677,0
-0.5782864689826965,165.0143368411827,0.033769965171813965,0
-0.5782864689826965,165.0143368411827,0.033769965171813965,0
-0.5785713642835617,164.44376348065535,0.03351235389709473,0
-0.5743546932935715,164.4141554424786,0.031818509101867676,0
-0.5743546932935715,164.4141554424786,0.031818509101867676,0
-0.576684296131134,164.06071305171488,0.031378746032714844,0
-0.576684296131134,164.06071305171488,0.031378746032714844,0
-0.5775366276502609,164.08294519516548,0.02972179651260376,0
-0.5880776047706604,164.998043470185,0.0195004940032959,0
-0.5880776047706604,164.998043470185,0.0195004940032959,0
-0.58555768430233,166.2168597671184,0.018297135829925537,0
-0.58555768430233,166.2168597671184,0.018297135829925537,0
-0.5868983119726181,167.30273453037145,0.0241205096244812,0
-0.5971096009016037,168.79548826051175,0.021767258644104004,0
-0.5971096009016037,168.79548826051175,0.021767258644104004,0
-0.593256950378418,171.61954940374383,0.014152288436889648,0
-0.593256950378418,171.61954940374383,0.014152288436889648,0
-0.6025380492210388,175.4973292386482,0.016589820384979248,0
-0.6025380492210388,175.4973292386482,0.016589820384979248,0
-0.5881130993366241,177.47155262818768,0.007496356964111328,0
-0.5864899754524231,178.8026817605061,0.004289507865905762,0
-0.5864899754524231,178.8026817605061,0.004289507865905762,0
-0.5910686552524567,179.32294332311963,0.003667593002319336,0
-0.5909696966409683,179.87334995295467,0.00491487979888916,0
-0.5909696966409683,179.87334995295467,0.00491487979888916,0
-0.6077245622873306,179.2816497513435,0.0019993185997009277,0
-0.6077245622873306,179.2816497513435,0.0019993185997009277,0
-0.6077040284872055,176.87047081977096,0.0025154948234558105,0
-0.6077040284872055,176.87047081977096,0.0025154948234558105,0
-0.6069887280464172,175.33720927114769,0.0025475621223449707,0
-0.5999673455953598,174.7725412014106,0.014440953731536865,0
-0.5999673455953598,174.7725412014106,0.014440953731536865,0
-0.5969522446393967,172.44580084667626,0.02194809913635254,0
-0.5969522446393967,172.44580084667626,0.02194809913635254,0
-0.5994575023651123,170.41750740611477,0.022329509258270264,0
-0.5985099375247955,169.79271596526578,0.023189783096313477,0
-0.5985099375247955,169.79271596526578,0.023189783096313477,0
-0.5999190658330917,170.33986814223476,0.0262792706489563,0
-0.5894858688116074,169.27893844492317,0.040734827518463135,0
-0.5894858688116074,169.27893844492317,0.040734827518463135,0
-0.5872471928596497,167.58494580253856,0.04014033079147339,0
-0.5872471928596497,167.58494580253856,0.04014033079147339,0
-0.5814781934022903,166.35478723188632,0.05058085918426514,0
-0.5798726230859756,165.25992496773551,0.049947381019592285,0
-0.5798726230859756,165.25992496773551,0.049947381019592285,0
-0.6013839989900589,169.04670911235172,0.06253987550735474,0
-0.6013839989900589,169.04670911235172,0.06253987550735474,0
-0.597504124045372,166.3886223904953,0.05532103776931763,0
-0.6090614944696426,172.64814007901276,0.07414859533309937,0
-0.6090614944696426,172.64814007901276,0.07414859533309937,0
-0.5979415327310562,169.33975921065553,0.06389087438583374,0
-0.5979415327310562,169.33975921065553,0.06389087438583374,0
-0.5961107611656189,169.5650253119095,0.06740480661392212,0
-0.5917570143938065,167.69561263130257,0.06383395195007324,0
-0.5917570143938065,167.69561263130257,0.06383395195007324,0
-0.5762752443552017,165.62701664466724,0.07293123006820679,0
-0.5762752443552017,165.62701664466724,0.07293123006820679,0
-0.602579727768898,171.91248692914996,0.07112228870391846,0
-0.602579727768898,171.91248692914996,0.07112228870391846,0
-0.6067719757556915,172.20562811404218,0.06718951463699341,0
-0.6110522747039795,174.6713375876988,0.06657236814498901,0
-0.6110522747039795,174.6713375876988,0.06657236814498901,0
-0.5947908014059067,175.04801899953642,0.0673666000366211,0
-0.5947908014059067,175.04801899953642,0.0673666000366211,0
-0.6077756434679031,171.0954030302862,0.047711968421936035,0
-0.6138515621423721,169.83957740776958,0.04483526945114136,0
-0.6138515621423721,169.83957740776958,0.04483526945114136,0
-0.6045244485139847,168.58194381671734,0.03845846652984619,0
-0.5977194309234619,168.7160732204195,0.026321709156036377,0
-0.5977194309234619,168.7160732204195,0.026321709156036377,0
-0.5967282354831696,168.67237355717157,0.016882240772247314,0
-0.5967282354831696,168.67237355717157,0.016882240772247314,0
-0.5912208706140518,169.86333679433332,0.00805586576461792,0
-0.5872492790222168,171.48745907683286,0.0008384585380554199,0
-0.5872492790222168,171.48745907683286,0.0008384585380554199,0
-0.5853559225797653,172.49087046027807,0.00048029422760009766,0
-0.5853559225797653,172.49087046027807,0.00048029422760009766,0
-0.5805875062942505,172.84436646474094,0.007211208343505859,0
-0.5805875062942505,172.84436646474094,0.007211208343505859,0
-0.5779754370450974,173.76206084273537,0.007283806800842285,0
-0.5876639932394028,175.1998841370404,0.016587793827056885,0
-0.5876639932394028,175.1998841370404,0.016587793827056885,0
-0.5964420884847641,179.75572515051348,0.01798325777053833,0
-0.5964420884847641,179.75572515051348,0.01798325777053833,0
-0.5955874025821686,179.646662123153,0.01575005054473877,0
-0.5979049801826477,179.4297106526811,0.011788725852966309,0
-0.5979049801826477,179.4297106526811,0.011788725852966309,0
-0.5924363881349564,177.82119444788236,0.0067650675773620605,0
-0.5924363881349564,177.82119444788236,0.0067650675773620605,0
-0.5986799597740173,177.38343698640915,0.011836826801300049,0
-0.5911056697368622,177.1780957706485,0.0038101673126220703,0
-0.5911056697368622,177.1780957706485,0.0038101673126220703,0
-0.589194267988205,176.24663856955266,0.002665221691131592,0
-0.5877903997898102,174.63707652913092,0.0034162402153015137,0
-0.5877903997898102,174.63707652913092,0.0034162402153015137,0
-0.5822185277938843,172.93176901439668,0.009145915508270264,0
-0.5822185277938843,172.93176901439668,0.009145915508270264,0
-0.5824373066425323,168.8067791440359,0.008873939514160156,0
-0.5798833817243576,167.7284418566161,0.003356754779815674,0
-0.5798833817243576,167.7284418566161,0.003356754779815674,0
-0.5777708888053894,164.87065255839934,0.0007533431053161621,0
-0.5725241750478745,163.09968800602556,0.0016493797302246094,0
-0.5725241750478745,163.09968800602556,0.0016493797302246094,0
-0.5748432576656342,162.76019392936993,0.0035236477851867676,0
-0.5508882999420166,160.4011362640571,0.020058751106262207,0
-0.5648941993713379,160.50737346585677,0.00019359588623046875,0
-0.565278097987175,160.67921270107772,0.0035436153411865234,0
-0.565278097987175,160.67921270107772,0.0035436153411865234,0
-0.5560663491487503,159.8764025499957,0.021087229251861572,0
-0.5560663491487503,159.8764025499957,0.021087229251861572,0
-0.5541198402643204,159.22996840408757,0.024515986442565918,0
-0.5542636066675186,157.94752237226191,0.024381399154663086,0
-0.5471135079860687,156.79200717924718,0.02778846025466919,0
-0.5471135079860687,156.79200717924718,0.02778846025466919,0
-0.5461122989654541,156.968052231528,0.0253831148147583,0
-0.5461122989654541,156.968052231528,0.0253831148147583,0
-0.5481967478990555,155.89896020727596,0.026269912719726562,0
-0.5458191186189651,156.2265744704273,0.021252870559692383,0
-0.5458191186189651,156.2265744704273,0.021252870559692383,0
-0.5540546178817749,156.42772913988836,0.019145429134368896,0
-0.5734798908233643,157.6687050918306,0.01877647638320923,0
-0.5734798908233643,157.6687050918306,0.01877647638320923,0
-0.5707088261842728,156.47794420757344,0.018462002277374268,0
-0.5808393806219101,157.05512505432048,0.03013896942138672,0
-0.5804934650659561,157.6500377602709,0.0302809476852417,0
-0.5804934650659561,157.6500377602709,0.0302809476852417,0
-0.592196062207222,157.93030218352476,0.02981269359588623,0
-0.6016268730163574,158.11421438914354,0.030712902545928955,0
-0.6016268730163574,158.11421438914354,0.030712902545928955,0
-0.593067467212677,156.4149305442274,0.030343234539031982,0
-0.5926515311002731,156.45510516213238,0.029643893241882324,0
-0.5926515311002731,156.45510516213238,0.029643893241882324,0
-0.5906320512294769,156.46439682069473,0.03303563594818115,0
-0.5924868136644363,156.33067616599988,0.03831082582473755,0
-0.5924868136644363,156.33067616599988,0.03831082582473755,0
-0.5991300195455551,156.97561127246732,0.03830689191818237,0
-0.5997429192066193,156.2704565899907,0.02557671070098877,0
-0.5993989109992981,156.52352945988656,0.026095449924468994,0
-0.5993989109992981,156.52352945988656,0.026095449924468994,0
-0.5923242717981339,156.630397424128,0.019394874572753906,0
-0.5846052020788193,157.22769577665366,0.019639909267425537,0
-0.5846052020788193,157.22769577665366,0.019639909267425537,0
-0.5767793953418732,157.6131449925683,0.015117168426513672,0
-0.5767793953418732,157.6131449925683,0.015117168426513672,0
-0.5916830003261566,159.11413141221178,0.018722832202911377,0
-0.5930880159139633,161.0379454030758,0.02081519365310669,0
-0.5930880159139633,161.0379454030758,0.02081519365310669,0
-0.5957003235816956,163.60742385790812,0.017152726650238037,0
-0.5957003235816956,163.60742385790812,0.017152726650238037,0
-0.5966789275407791,165.41762822286978,0.014976739883422852,0
-0.5876974165439606,167.25413965077828,0.012399733066558838,0
-0.5876974165439606,167.25413965077828,0.012399733066558838,0
-0.5913666933774948,168.03058234382473,0.008036196231842041,0
-0.5900810062885284,170.05588459837432,0.0050688982009887695,0
-0.5900810062885284,170.05588459837432,0.0050688982009887695,0
-0.5897221118211746,171.01071050597193,0.002283811569213867,0
-0.5979897379875183,172.59306283261026,0.0018988251686096191,0
-0.5979897379875183,172.59306283261026,0.0018988251686096191,0
-0.5940116345882416,173.5572971493013,0.007441699504852295,0
-0.5940116345882416,173.5572971493013,0.007441699504852295,0
-0.5897093117237091,173.87965942162592,0.00374758243560791,0
-0.5892328321933746,176.31090861719676,0.0060274600982666016,0
-0.5913103371858597,177.89905410175533,0.0021517276763916016,0
-0.5913103371858597,177.89905410175533,0.0021517276763916016,0
-0.5877750515937805,177.8913303318677,0.0005829930305480957,0
-0.5911559164524078,178.3503841341954,0.0005221962928771973,0
-0.5944521874189377,179.59589251183664,0.0053116679191589355,0
-0.5944521874189377,179.59589251183664,0.0053116679191589355,0
-0.5903955399990082,179.15636054828158,0.008650064468383789,0
-0.5844385176897049,178.52308456038367,0.011721372604370117,0
-0.5876895934343338,177.49839172095278,0.020470798015594482,0
-0.581681564450264,176.1821230416441,0.02803635597229004,0
-0.581681564450264,176.1821230416441,0.02803635597229004,0
-0.5814205408096313,174.76791124608775,0.027052700519561768,0
-0.5798709690570831,173.27644548113156,0.02903681993484497,0
-0.5772031843662262,172.60353727007586,0.028514325618743896,0
-0.5788790136575699,171.97950274211198,0.03145509958267212,0
-0.5756865590810776,170.35890142908008,0.028679609298706055,0
-0.5756865590810776,170.35890142908008,0.028679609298706055,0
-0.5769623667001724,170.51588282249259,0.030510783195495605,0
-0.5708610117435455,169.89843925697053,0.03494483232498169,0
-0.5708610117435455,169.89843925697053,0.03494483232498169,0
-0.5756110101938248,169.40631122764617,0.036836981773376465,0
-0.5705135315656662,168.3750396256513,0.04091036319732666,0
-0.5647648274898529,164.73659590967173,0.041321396827697754,0
-0.5647648274898529,164.73659590967173,0.041321396827697754,0
-0.5636537075042725,164.39979290245302,0.044323861598968506,0
-0.5675974637269974,165.4135459687051,0.042542099952697754,0
-0.5675974637269974,165.4135459687051,0.042542099952697754,0
-0.5829246938228607,166.64517632795665,0.04382997751235962,0
-0.5769085586071014,166.07478538211703,0.04519033432006836,0
-0.5769085586071014,166.07478538211703,0.04519033432006836,0
-0.5520518720149994,162.45853867560976,0.04386657476425171,0
-0.5520518720149994,162.45853867560976,0.04386657476425171,0
-0.5396619439125061,161.6956177788201,0.043668150901794434,0
-0.5300198197364807,161.74565912042218,0.051664113998413086,0
-0.5300198197364807,161.74565912042218,0.051664113998413086,0
-0.5327500402927399,163.77513110803855,0.047124266624450684,0
-0.5327500402927399,163.77513110803855,0.047124266624450684,0
-0.5294414758682251,159.92916239983455,0.04592609405517578,0
-0.5294414758682251,159.92916239983455,0.04592609405517578,0
-0.5218484401702881,159.7231083594388,0.0439298152923584,0
-0.5263836085796356,167.5626713155466,0.04484748840332031,0
-0.5263836085796356,167.5626713155466,0.04484748840332031,0
-0.5316273868083954,167.47971093785435,0.0482596755027771,0
-0.5316273868083954,167.47971093785435,0.0482596755027771,0
-0.5173637568950653,166.32949542633656,0.05244547128677368,0
-0.5151016712188721,168.78866073377765,0.04817962646484375,0
-0.5151016712188721,168.78866073377765,0.04817962646484375,0
-0.4975201487541199,166.53125072932383,0.04821217060089111,0
-0.4974381923675537,168.16926875629233,0.0459827184677124,0
-0.4974381923675537,168.16926875629233,0.0459827184677124,0
-0.4974381923675537,168.16926875629233,0.0459827184677124,0
-0.5011209845542908,169.63097108972042,0.043160974979400635,0
-0.4935862720012665,163.13951796463547,0.04076021909713745,0
-0.5128118991851807,165.64652145433814,0.0354045033454895,0
-0.5128118991851807,165.64652145433814,0.0354045033454895,0
-0.5256644487380981,165.85873842370535,0.016968905925750732,0
-0.5256644487380981,165.85873842370535,0.016968905925750732,0
-0.5245869755744934,164.1995042610375,0.010827243328094482,0
-0.5245869755744934,164.1995042610375,0.010827243328094482,0
-0.5270223617553711,165.1639692981948,0.009124040603637695,0
-0.5294421017169952,165.68403614718144,0.0025246739387512207,0
-0.5294421017169952,165.68403614718144,0.0025246739387512207,0
-0.5247876048088074,166.84503832755254,9.173154830932617e-05,0
-0.5292128622531891,166.98024589789458,0.009061276912689209,0
-0.5292128622531891,166.98024589789458,0.009061276912689209,0
-0.5290353894233704,167.39561545847675,0.00041550397872924805,0
-0.5290353894233704,167.39561545847675,0.00041550397872924805,0
-0.5373993515968323,167.37021880977213,0.01063627004623413,0
-0.543097585439682,168.349703189782,0.012443900108337402,0
-0.543097585439682,168.349703189782,0.012443900108337402,0
-0.5558730810880661,171.20511040553188,0.016250789165496826,0
-0.5558730810880661,171.20511040553188,0.016250789165496826,0
-0.5603675991296768,172.4737162235677,0.01840430498123169,0
-0.5603675991296768,172.4737162235677,0.01840430498123169,0
-0.5681507289409637,176.07153306559792,0.015370845794677734,0
-0.5709780305624008,178.40289965391614,0.01480478048324585,0
-0.5709780305624008,178.40289965391614,0.01480478048324585,0
-0.5732518285512924,179.5748243619641,0.01355588436126709,0
-0.5732518285512924,179.5748243619641,0.01355588436126709,0
-0.5873435288667679,177.601124963421,0.013306617736816406,0
-0.5899326503276825,176.41349272574033,0.003915369510650635,0
-0.5899326503276825,176.41349272574033,0.003915369510650635,0
-0.5883061736822128,174.93445406018273,0.00144118070602417,0
-0.5883061736822128,174.93445406018273,0.00144118070602417,0
-0.5864633470773697,173.25993300597406,0.004136443138122559,0
-0.5852270871400833,172.03300847241027,0.005503594875335693,0
-0.5852270871400833,172.03300847241027,0.005503594875335693,0
-0.5809650719165802,169.1473817953255,0.010646462440490723,0
-0.5809650719165802,169.1473817953255,0.010646462440490723,0
-0.5841468125581741,166.85266076104185,0.010691463947296143,0
-0.5674009770154953,165.61914920608797,0.004355370998382568,0
-0.5674009770154953,165.61914920608797,0.004355370998382568,0
-0.5691338628530502,163.47916183316218,0.004963338375091553,0
-0.5691338628530502,163.47916183316218,0.004963338375091553,0
-0.5738404989242554,163.09497604124402,0.004363715648651123,0
-0.5722326189279556,162.51610715335426,0.007546424865722656,0
-0.5722326189279556,162.51610715335426,0.007546424865722656,0
-0.5658933222293854,161.7898259438042,0.0137099027633667,0
-0.5658933222293854,161.7898259438042,0.0137099027633667,0
-0.5674930661916733,160.80785163529447,0.015963733196258545,0
-0.5721375048160553,160.4265916601268,0.02752584218978882,0
-0.5721375048160553,160.4265916601268,0.02752584218978882,0
-0.5706936866044998,159.73963620469107,0.02673053741455078,0
-0.5720088332891464,158.63358143444117,0.022760748863220215,0
-0.5720088332891464,158.63358143444117,0.022760748863220215,0
-0.5710681676864624,159.28393653915862,0.026846885681152344,0
-0.5710681676864624,159.28393653915862,0.026846885681152344,0
-0.5681702345609665,158.6954506668835,0.02836543321609497,0
-0.5672972947359085,158.75744174187707,0.03009200096130371,0
-0.5672972947359085,158.75744174187707,0.03009200096130371,0
-0.5588939189910889,157.91906568401538,0.025153756141662598,0
-0.5588939189910889,157.91906568401538,0.025153756141662598,0
-0.03323546051979065,108.25758014609859,0.15545839071273804,1
-0.07362326979637146,122.81415305265207,0.1731598973274231,1
-0.07362326979637146,122.81415305265207,0.1731598973274231,1
-0.07362326979637146,122.81415305265207,0.1731598973274231,1
-0.06805872917175293,141.9469004971216,0.15318584442138672,1
-0.06805872917175293,141.9469004971216,0.15318584442138672,1
-0.07924845814704895,143.19966853628014,0.1388193964958191,1
-0.07924845814704895,143.19966853628014,0.1388193964958191,1
-0.0709247887134552,154.2644437071028,0.13691145181655884,1
-0.0709247887134552,154.2644437071028,0.13691145181655884,1
-0.08805182576179504,155.48781090933224,0.12917786836624146,1
-0.08805182576179504,155.48781090933224,0.12917786836624146,1
-0.08086374402046204,156.58890434133554,0.12268573045730591,1
-0.08086374402046204,156.58890434133554,0.12268573045730591,1
-0.08212590217590332,172.09510459991864,0.1068108081817627,1
-0.08212590217590332,172.09510459991864,0.1068108081817627,1
-0.08212590217590332,172.09510459991864,0.1068108081817627,1
-0.060346901416778564,163.8576511307261,0.09195256233215332,1
-0.060346901416778564,163.8576511307261,0.09195256233215332,1
-0.05763927102088928,145.55567329826283,0.058436453342437744,1
-0.05763927102088928,145.55567329826283,0.058436453342437744,1
-0.05763927102088928,145.55567329826283,0.058436453342437744,1
-0.059329062700271606,129.95394932739927,0.05055969953536987,1
-0.059329062700271606,129.95394932739927,0.05055969953536987,1
-0.0514218807220459,114.88075646428709,0.0211716890335083,1
-0.0514218807220459,114.88075646428709,0.0211716890335083,1
-0.04413321614265442,109.03501239674962,0.012794435024261475,1
-0.04413321614265442,109.03501239674962,0.012794435024261475,1
-0.041801124811172485,103.81130367761837,0.07822388410568237,1
-0.041801124811172485,103.81130367761837,0.07822388410568237,1
-0.07608494162559509,112.36947205240747,0.04720646142959595,1
-0.07608494162559509,112.36947205240747,0.04720646142959595,1
-0.07608494162559509,112.36947205240747,0.04720646142959595,1
-0.08243080973625183,110.06081967051806,0.05242425203323364,1
-0.08243080973625183,110.06081967051806,0.05242425203323364,1
-0.048490554094314575,104.97095494159338,0.022295773029327393,1
-0.048490554094314575,104.97095494159338,0.022295773029327393,1
-0.053116679191589355,106.18220158653406,0.01050114631652832,1
-0.053116679191589355,106.18220158653406,0.01050114631652832,1
-0.06431254744529724,106.80889578039528,0.007543981075286865,1
-0.06431254744529724,106.80889578039528,0.007543981075286865,1
-0.05685099959373474,105.51384620132472,0.007507979869842529,1
-0.05685099959373474,105.51384620132472,0.007507979869842529,1
-0.05685099959373474,105.51384620132472,0.007507979869842529,1
-0.05967450141906738,106.73020812634066,0.010805964469909668,1
-0.05967450141906738,106.73020812634066,0.010805964469909668,1
-0.06478124856948853,107.95179985051254,0.021399855613708496,1
-0.06478124856948853,107.95179985051254,0.021399855613708496,1
-0.019444555044174194,98.41468444956315,0.0039754509925842285,1
-0.019444555044174194,98.41468444956315,0.0039754509925842285,1
-0.05879557132720947,106.73124826278529,0.04610335826873779,1
-0.05879557132720947,106.73124826278529,0.04610335826873779,1
-0.05879557132720947,106.73124826278529,0.04610335826873779,1
-0.05850505828857422,111.51873971108505,0.05107080936431885,1
-0.10320296883583069,133.45566353995994,0.02693253755569458,1
-0.10320296883583069,133.45566353995994,0.02693253755569458,1
-0.10320296883583069,133.45566353995994,0.02693253755569458,1
-0.12095221877098083,146.98678504517866,0.00963515043258667,1
-0.12095221877098083,146.98678504517866,0.00963515043258667,1
-0.13183626532554626,178.76873466571226,0.047692716121673584,1
-0.13183626532554626,178.76873466571226,0.047692716121673584,1
-0.14434438943862915,155.27336694224354,0.07117068767547607,1
-0.14434438943862915,155.27336694224354,0.07117068767547607,1
-0.13991516828536987,149.42240218094233,0.07927262783050537,1
-0.13991516828536987,149.42240218094233,0.07927262783050537,1
-0.15815386176109314,132.98148145698596,0.12918442487716675,1
-0.15815386176109314,132.98148145698596,0.12918442487716675,1
-0.15815386176109314,132.98148145698596,0.12918442487716675,1
-0.16884642839431763,125.12847860213283,0.14075303077697754,1
-0.16884642839431763,125.12847860213283,0.14075303077697754,1
-0.16950038075447083,133.07063730587691,0.1198311448097229,1
-0.16950038075447083,133.07063730587691,0.1198311448097229,1
-0.16950038075447083,133.07063730587691,0.1198311448097229,1
-0.15634775161743164,130.68445330867505,0.10526585578918457,1
-0.16300976276397705,121.35069878340204,0.09788525104522705,1
-0.16300976276397705,121.35069878340204,0.09788525104522705,1
-0.16300976276397705,121.35069878340204,0.09788525104522705,1
-0.15777280926704407,127.45402116322337,0.09636002779006958,1
-0.15777280926704407,127.45402116322337,0.09636002779006958,1
-0.1789388358592987,131.5887655749403,0.08798176050186157,1
-0.1789388358592987,131.5887655749403,0.08798176050186157,1
-0.17785552144050598,135.9674649611887,0.08838385343551636,1
-0.17785552144050598,135.9674649611887,0.08838385343551636,1
-0.17785552144050598,135.9674649611887,0.08838385343551636,1
-0.1792929470539093,130.0457260987079,0.09225195646286011,1
-0.1792929470539093,130.0457260987079,0.09225195646286011,1
-0.1818271279335022,128.15642812843555,0.10593485832214355,1
-0.1818271279335022,128.15642812843555,0.10593485832214355,1
-0.19167399406433105,122.07611153296617,0.09682607650756836,1
-0.19167399406433105,122.07611153296617,0.09682607650756836,1
-0.16802355647087097,118.60098664700419,0.1389787793159485,1
-0.16802355647087097,118.60098664700419,0.1389787793159485,1
-0.16802355647087097,118.60098664700419,0.1389787793159485,1
-0.18976330757141113,121.63764308675887,0.10442936420440674,1
-0.18976330757141113,121.63764308675887,0.10442936420440674,1
-0.179815411567688,120.961649261528,0.11521375179290771,1
-0.179815411567688,120.961649261528,0.11521375179290771,1
-0.17999008297920227,120.5845906796048,0.11491662263870239,1
-0.17999008297920227,120.5845906796048,0.11491662263870239,1
-0.19412761926651,122.464060490426,0.11903607845306396,1
-0.19412761926651,122.464060490426,0.11903607845306396,1
-0.19412761926651,122.464060490426,0.11903607845306396,1
-0.15388911962509155,116.73937584066358,0.1816575527191162,1
-0.18558764457702637,121.4994783679092,0.11591470241546631,1
-0.18558764457702637,121.4994783679092,0.11591470241546631,1
-0.18558764457702637,121.4994783679092,0.11591470241546631,1
-0.17348074913024902,124.90822111862859,0.13192152976989746,1
-0.17348074913024902,124.90822111862859,0.13192152976989746,1
-0.16871404647827148,122.5887245527657,0.1058053970336914,1
-0.16871404647827148,122.5887245527657,0.1058053970336914,1
-0.16797927021980286,129.03184073966025,0.09373539686203003,1
-0.16797927021980286,129.03184073966025,0.09373539686203003,1
-0.16797927021980286,129.03184073966025,0.09373539686203003,1
-0.18061572313308716,128.28054804533593,0.07679712772369385,1
-0.18061572313308716,128.28054804533593,0.07679712772369385,1
-0.1452990174293518,131.02769301796118,0.10996544361114502,1
-0.1452990174293518,131.02769301796118,0.10996544361114502,1
-0.14915627241134644,132.8875322497042,0.1172952651977539,1
-0.14915627241134644,132.8875322497042,0.1172952651977539,1
-0.12427026033401489,136.61317797881202,0.15454435348510742,1
-0.12427026033401489,136.61317797881202,0.15454435348510742,1
-0.12427026033401489,136.61317797881202,0.15454435348510742,1
-0.1424526870250702,150.17313753298816,0.14899331331253052,1
-0.1424526870250702,150.17313753298816,0.14899331331253052,1
-0.1447564959526062,156.60775870127742,0.14146673679351807,1
-0.1447564959526062,156.60775870127742,0.14146673679351807,1
-0.13637623190879822,165.16240616540483,0.1298031210899353,1
-0.13637623190879822,165.16240616540483,0.1298031210899353,1
-0.13164615631103516,156.21291056407333,0.1542266607284546,1
-0.13164615631103516,156.21291056407333,0.1542266607284546,1
-0.1271071434020996,163.791090502245,0.14555084705352783,1
-0.1271071434020996,163.791090502245,0.14555084705352783,1
-0.1271071434020996,163.791090502245,0.14555084705352783,1
-0.11644479632377625,174.9584597031327,0.12177032232284546,1
-0.09962201118469238,178.43476093479003,0.0916663408279419,1
-0.09962201118469238,178.43476093479003,0.0916663408279419,1
-0.09962201118469238,178.43476093479003,0.0916663408279419,1
-0.10695546865463257,156.7505452793325,0.08332383632659912,1
-0.10695546865463257,156.7505452793325,0.08332383632659912,1
-0.13102537393569946,148.77923319530234,0.03265035152435303,1
-0.13102537393569946,148.77923319530234,0.03265035152435303,1
-0.12584763765335083,149.28256764411344,0.027816176414489746,1
-0.12584763765335083,149.28256764411344,0.027816176414489746,1
-0.12459179759025574,169.33383767545683,0.05824536085128784,1
-0.12459179759025574,169.33383767545683,0.05824536085128784,1
-0.12459179759025574,169.33383767545683,0.05824536085128784,1
-0.12852558493614197,169.49891345373786,0.05182737112045288,1
-0.12852558493614197,169.49891345373786,0.05182737112045288,1
-0.16194117069244385,176.90064723106528,0.07984054088592529,1
-0.16194117069244385,176.90064723106528,0.07984054088592529,1
-0.1692211627960205,171.42198751731488,0.08730435371398926,1
-0.1692211627960205,171.42198751731488,0.08730435371398926,1
-0.16023725271224976,158.24856003145263,0.10482454299926758,1
-0.16023725271224976,158.24856003145263,0.10482454299926758,1
-0.16023725271224976,158.24856003145263,0.10482454299926758,1
-0.18377047777175903,161.69161346182526,0.13789331912994385,1
-0.18377047777175903,161.69161346182526,0.13789331912994385,1
-0.1801319718360901,164.3136181581444,0.11058425903320312,1
-0.1801319718360901,164.3136181581444,0.11058425903320312,1
-0.2032051384449005,161.07545599149256,0.11671751737594604,1
-0.2032051384449005,161.07545599149256,0.11671751737594604,1
-0.2032051384449005,161.07545599149256,0.11671751737594604,1
-0.1923828125,164.2913536745047,0.09213495254516602,1
-0.1923828125,164.2913536745047,0.09213495254516602,1
-0.27319350838661194,175.60964414117794,0.09423285722732544,1
-0.18927228450775146,166.2641821731862,0.0755690336227417,1
-0.18927228450775146,166.2641821731862,0.0755690336227417,1
-0.19120806455612183,166.35757751357102,0.08178949356079102,1
-0.19120806455612183,166.35757751357102,0.08178949356079102,1
-0.19120806455612183,166.35757751357102,0.08178949356079102,1
-0.19410371780395508,165.6699923216622,0.08501148223876953,1
-0.19410371780395508,165.6699923216622,0.08501148223876953,1
-0.18879956007003784,166.5186675165983,0.08592391014099121,1
-0.18879956007003784,166.5186675165983,0.08592391014099121,1
-0.1914091408252716,165.02249132179182,0.0951194167137146,1
-0.1914091408252716,165.02249132179182,0.0951194167137146,1
-0.1944884955883026,166.8517849623078,0.09290653467178345,1
-0.1944884955883026,166.8517849623078,0.09290653467178345,1
-0.1944884955883026,166.8517849623078,0.09290653467178345,1
-0.19414985179901123,166.1431095139015,0.09411931037902832,1
-0.19407382607460022,166.13010573216582,0.09147673845291138,1
-0.19407382607460022,166.13010573216582,0.09147673845291138,1
-0.19407382607460022,166.13010573216582,0.09147673845291138,1
-0.19443455338478088,165.76529464858157,0.09057420492172241,1
-0.19443455338478088,165.76529464858157,0.09057420492172241,1
-0.19474384188652039,163.80835502066924,0.0891769528388977,1
-0.19474384188652039,163.80835502066924,0.0891769528388977,1
-0.19461023807525635,162.42991035578729,0.08046472072601318,1
-0.19461023807525635,162.42991035578729,0.08046472072601318,1
-0.19148218631744385,157.57238665588667,0.07510840892791748,1
-0.19148218631744385,157.57238665588667,0.07510840892791748,1
-0.19148218631744385,157.57238665588667,0.07510840892791748,1
-0.18693950772285461,155.6829306717672,0.06861323118209839,1
-0.18693950772285461,155.6829306717672,0.06861323118209839,1
-0.1778988242149353,152.06357017606703,0.06281113624572754,1
-0.1778988242149353,152.06357017606703,0.06281113624572754,1
-0.17986950278282166,145.3455387417754,0.06031900644302368,1
-0.17986950278282166,145.3455387417754,0.06031900644302368,1
-0.17986950278282166,145.3455387417754,0.06031900644302368,1
-0.18027949333190918,142.3237555191709,0.05870234966278076,1
-0.18027949333190918,142.3237555191709,0.05870234966278076,1
-0.18348273634910583,140.92855138665414,0.060231029987335205,1
-0.18348273634910583,140.92855138665414,0.060231029987335205,1
-0.16943398118019104,134.88076056391066,0.06312233209609985,1
-0.16943398118019104,134.88076056391066,0.06312233209609985,1
-0.1719563901424408,134.61069649896407,0.06354326009750366,1
-0.1719563901424408,134.61069649896407,0.06354326009750366,1
-0.16135567426681519,131.80854467776157,0.06664204597473145,1
-0.16135567426681519,131.80854467776157,0.06664204597473145,1
-0.16135567426681519,131.80854467776157,0.06664204597473145,1
-0.16379743814468384,134.47425344517984,0.06502997875213623,1
-0.16379743814468384,134.47425344517984,0.06502997875213623,1
-0.1577477753162384,133.37355203955175,0.07100731134414673,1
-0.1577477753162384,133.37355203955175,0.07100731134414673,1
-0.15584737062454224,131.28462511133216,0.07985937595367432,1
-0.15584737062454224,131.28462511133216,0.07985937595367432,1
-0.1572837233543396,131.86206833189573,0.08150613307952881,1
-0.1572837233543396,131.86206833189573,0.08150613307952881,1
-0.15962126851081848,133.5895451052413,0.07859176397323608,1
-0.15962126851081848,133.5895451052413,0.07859176397323608,1
-0.15962126851081848,133.5895451052413,0.07859176397323608,1
-0.17032837867736816,140.44612967672137,0.06878662109375,1
-0.17032837867736816,140.44612967672137,0.06878662109375,1
-0.17660269141197205,145.36578789539735,0.07582694292068481,1
-0.17660269141197205,145.36578789539735,0.07582694292068481,1
-0.17637759447097778,160.02027332842297,0.07601666450500488,1
-0.17637759447097778,160.02027332842297,0.07601666450500488,1
-0.1732405722141266,168.75667533912164,0.08021098375320435,1
-0.1732405722141266,168.75667533912164,0.08021098375320435,1
-0.1732405722141266,168.75667533912164,0.08021098375320435,1
-0.1679857075214386,173.13935497675368,0.08489876985549927,1
-0.1679857075214386,173.13935497675368,0.08489876985549927,1
-0.17261552810668945,179.07987001077663,0.08465576171875,1
-0.17261552810668945,179.07987001077663,0.08465576171875,1
-0.16095679998397827,173.21287546942102,0.08661806583404541,1
-0.16095679998397827,173.21287546942102,0.08661806583404541,1
-0.15208539366722107,158.14206329218516,0.08990472555160522,1
-0.15208539366722107,158.14206329218516,0.08990472555160522,1
-0.1532820761203766,149.75071657705536,0.09412270784378052,1
-0.1532820761203766,149.75071657705536,0.09412270784378052,1
-0.1532820761203766,149.75071657705536,0.09412270784378052,1
-0.16349241137504578,157.462608033469,0.08885210752487183,1
-0.16349241137504578,157.462608033469,0.08885210752487183,1
-0.16355717182159424,148.25371212988847,0.08893001079559326,1
-0.16355717182159424,148.25371212988847,0.08893001079559326,1
-0.15993636846542358,142.980225749564,0.08928084373474121,1
-0.15993636846542358,142.980225749564,0.08928084373474121,1
-0.15993636846542358,142.980225749564,0.08928084373474121,1
-0.1509791612625122,139.07546113586005,0.06718528270721436,1
-0.1459050476551056,138.05790838533562,0.042137086391448975,1
-0.1459050476551056,138.05790838533562,0.042137086391448975,1
-0.1459050476551056,138.05790838533562,0.042137086391448975,1
-0.1377289593219757,130.11093114442068,0.026590168476104736,1
-0.1377289593219757,130.11093114442068,0.026590168476104736,1
-0.1389598250389099,134.71056732750833,0.02769458293914795,1
-0.1389598250389099,134.71056732750833,0.02769458293914795,1
-0.14807650446891785,135.91660667178832,0.03900676965713501,1
-0.14807650446891785,135.91660667178832,0.03900676965713501,1
-0.14807650446891785,135.91660667178832,0.03900676965713501,1
-0.14293169975280762,134.60601240668905,0.02453303337097168,1
-0.14293169975280762,134.60601240668905,0.02453303337097168,1
-0.13950344920158386,130.5261109107998,0.020422756671905518,1
-0.13950344920158386,130.5261109107998,0.020422756671905518,1
-0.1395021677017212,135.1447365670024,0.029043912887573242,1
-0.1395021677017212,135.1447365670024,0.029043912887573242,1
-0.14406925439834595,143.39078902049317,0.04682052135467529,1
-0.14406925439834595,143.39078902049317,0.04682052135467529,1
-0.16103723645210266,145.2211339235536,0.04904264211654663,1
-0.16103723645210266,145.2211339235536,0.04904264211654663,1
-0.16103723645210266,145.2211339235536,0.04904264211654663,1
-0.1687372922897339,152.42434758426427,0.05451929569244385,1
-0.1687372922897339,152.42434758426427,0.05451929569244385,1
-0.1685149073600769,159.34644712947798,0.06430840492248535,1
-0.1685149073600769,159.34644712947798,0.06430840492248535,1
-0.16707509756088257,172.64584449654723,0.06931233406066895,1
-0.16707509756088257,172.64584449654723,0.06931233406066895,1
-0.18173077702522278,179.06464156116115,0.07068294286727905,1
-0.18173077702522278,179.06464156116115,0.07068294286727905,1
-0.1928427517414093,171.40286562464732,0.07318562269210815,1
-0.1928427517414093,171.40286562464732,0.07318562269210815,1
-0.1928427517414093,171.40286562464732,0.07318562269210815,1
-0.19830486178398132,165.73710433456367,0.07239919900894165,1
-0.5342069566249847,179.33787933127593,0.02924448251724243,0
-0.539472758769989,178.97365146217805,0.039896488189697266,0
-0.539472758769989,178.97365146217805,0.039896488189697266,0
-0.5372946262359619,178.34105723484407,0.03859555721282959,0
-0.5372946262359619,178.34105723484407,0.03859555721282959,0
-0.5348622798919678,178.26718770958868,0.040120482444763184,0
-0.5348622798919678,178.26718770958868,0.040120482444763184,0
-0.538311630487442,179.2558137818956,0.03429770469665527,0
-0.538311630487442,179.2558137818956,0.03429770469665527,0
-0.5324918627738953,179.38198011374197,0.03429079055786133,0
-0.5324918627738953,179.38198011374197,0.03429079055786133,0
-0.5363750755786896,179.66922006741257,0.028190553188323975,0
-0.5363750755786896,179.66922006741257,0.028190553188323975,0
-0.5256365537643433,179.59140807223156,0.036528170108795166,0
-0.5256365537643433,179.59140807223156,0.036528170108795166,0
-0.5256365537643433,179.59140807223156,0.036528170108795166,0
-0.534027487039566,179.67656743439855,0.029848694801330566,0
-0.534027487039566,179.67656743439855,0.029848694801330566,0
-0.5284814834594727,179.52467324800156,0.030237555503845215,0
-0.5284814834594727,179.52467324800156,0.030237555503845215,0
-0.5240993499755859,178.87888258689867,0.026364505290985107,0
-0.5240993499755859,178.87888258689867,0.026364505290985107,0
-0.5258921682834625,177.77155819808033,0.02062249183654785,0
-0.5258921682834625,177.77155819808033,0.02062249183654785,0
-0.5299946069717407,177.52760257772263,0.016684293746948242,0
-0.5299946069717407,177.52760257772263,0.016684293746948242,0
-0.5299946069717407,177.52760257772263,0.016684293746948242,0
-0.5324834883213043,174.82378160356905,0.011710643768310547,0
-0.5324834883213043,174.82378160356905,0.011710643768310547,0
-0.5367763042449951,172.88728481875697,0.0110664963722229,0
-0.5367763042449951,172.88728481875697,0.0110664963722229,0
-0.5351400375366211,169.77365493069007,0.007943928241729736,0
-0.5351400375366211,169.77365493069007,0.007943928241729736,0
-0.5351400375366211,169.77365493069007,0.007943928241729736,0
-0.5322951376438141,167.98403147766194,0.005612730979919434,0
-0.5322951376438141,167.98403147766194,0.005612730979919434,0
-0.5296709835529327,167.99861025282357,0.006050586700439453,0
-0.5296709835529327,167.99861025282357,0.006050586700439453,0
-0.5165841579437256,165.13797545056732,0.0022722482681274414,0
-0.5165841579437256,165.13797545056732,0.0022722482681274414,0
-0.511899471282959,163.19369125805588,0.006883859634399414,0
-0.511899471282959,163.19369125805588,0.006883859634399414,0
-0.5064330399036407,162.10630050816349,0.008362293243408203,0
-0.5064330399036407,162.10630050816349,0.008362293243408203,0
-0.5071026086807251,161.7763299561081,0.010104477405548096,0
-0.5071026086807251,161.7763299561081,0.010104477405548096,0
-0.5071026086807251,161.7763299561081,0.010104477405548096,0
-0.5253438949584961,165.6782427088387,0.01807624101638794,0
-0.5263153910636902,165.72797977654125,0.01841980218887329,0
-0.5263153910636902,165.72797977654125,0.01841980218887329,0
-0.5243153274059296,164.7912842829934,0.01973891258239746,0
-0.5243153274059296,164.7912842829934,0.01973891258239746,0
-0.5307606756687164,166.43880864610327,0.02750784158706665,0
-0.5307606756687164,166.43880864610327,0.02750784158706665,0
-0.5286576747894287,166.09436303779802,0.02221357822418213,0
-0.5432095229625702,168.0930874475127,0.016840338706970215,0
-0.5432095229625702,168.0930874475127,0.016840338706970215,0
-0.5415660440921783,167.65138860880876,0.014598727226257324,0
-0.5434747338294983,169.40001959123833,0.01015692949295044,0
-0.5434747338294983,169.40001959123833,0.01015692949295044,0
-0.5481060445308685,173.11761445109093,0.011323511600494385,0
-0.5481060445308685,173.11761445109093,0.011323511600494385,0
-0.5453147888183594,175.92995078681213,0.006860554218292236,0
-0.5453147888183594,175.92995078681213,0.006860554218292236,0
-0.5459407269954681,177.93886561593263,0.005208909511566162,0
-0.5491352677345276,178.8539230156982,0.004954874515533447,0
-0.5491352677345276,178.8539230156982,0.004954874515533447,0
-0.5482539236545563,177.29373696290742,0.004758000373840332,0
-0.5482539236545563,177.29373696290742,0.004758000373840332,0
-0.5603433549404144,173.77487630010128,0.0037679076194763184,0
-0.5501565635204315,172.12729420871014,0.006708681583404541,0
-0.5501565635204315,172.12729420871014,0.006708681583404541,0
-0.548608273267746,168.64450715101557,0.006910502910614014,0
-0.548608273267746,168.64450715101557,0.006910502910614014,0
-0.5442095696926117,166.11435345266412,0.0016887187957763672,0
-0.5381127893924713,163.55603783008587,0.00968921184539795,0
-0.5381127893924713,163.55603783008587,0.00968921184539795,0
-0.5304405987262726,161.9515203693723,0.009828031063079834,0
-0.5304405987262726,161.9515203693723,0.009828031063079834,0
-0.5186288952827454,159.97893787222034,0.01766568422317505,0
-0.5057187080383301,158.35959722680204,0.022850096225738525,0
-0.5057187080383301,158.35959722680204,0.022850096225738525,0
-0.5092801749706268,158.1173826071277,0.022217929363250732,0
-0.5015334486961365,157.69556294776206,0.026815593242645264,0
-0.5015334486961365,157.69556294776206,0.026815593242645264,0
-0.508930504322052,158.2270856762638,0.029273271560668945,0
-0.508930504322052,158.2270856762638,0.029273271560668945,0
-0.5086978375911713,157.64982826479155,0.028542160987854004,0
-0.5100577473640442,157.8427365002424,0.028527140617370605,0
-0.5100577473640442,157.8427365002424,0.028527140617370605,0
-0.5074030756950378,157.54875269863717,0.03346455097198486,0
-0.5074030756950378,157.54875269863717,0.03346455097198486,0
-0.5135914087295532,157.8789726904671,0.03495228290557861,0
-0.513730525970459,157.3834980848966,0.03657126426696777,0
-0.513730525970459,157.3834980848966,0.03657126426696777,0
-0.5118235349655151,157.29788146807408,0.03720730543136597,0
-0.5118235349655151,157.29788146807408,0.03720730543136597,0
-0.5121184587478638,157.26710932594963,0.03737449645996094,0
-0.5121184587478638,157.26710932594963,0.03737449645996094,0
-0.5067635476589203,157.12179133303127,0.03799527883529663,0
-0.5445199608802795,178.94803288838327,0.01596003770828247,0
-0.33022186160087585,172.34851417219585,0.04135984182357788,1
